id,name,host_id,host_profile_id,host_name,neighbourhood_group,neighbourhood,latitude,longitude,room_type,price,minimum_nights,number_of_reviews,last_review,reviews_per_month,calculated_host_listings_count,availability_365,number_of_reviews_ltm,license
261065,Westboro Village Executive Suite,1369632,1462543953923126865,Glenn,,Kitchissippi,45.39084,-75.75621,Entire home/apt,211,3,133,2026-06-22,0.75,1,118,18,STR-825-691
290033,Rural charm close to the city,415201,1462517811711820670,Daniel,,Rideau-Goulbourn,45.1682,-75.71208,Entire home/apt,225,2,22,2026-05-29,0.14,1,149,10,STR-834-339
490182,Cozy Basement Studio Old Ottawa East,2401179,1462594101497536111,Ela,,Capital,45.4055,-75.67612,Private room,67,30,12,2026-05-31,0.12,1,326,3,
674799,Up to 3-bdrm with privacy - quiet & safe,2058676,1462585318602893984,William,,Gloucester-South Nepean,45.2691,-75.72197,Entire home/apt,169,1,115,2026-06-12,0.73,1,350,19,STR-827-424
682632,"Adorable 2 bdrm, Central Ottawa PD1",3201295,1462622442416896913,Greg And Valerie,,Kitchissippi,45.40455,-75.7313,Entire home/apt,98,31,11,2025-06-15,0.08,8,150,0,
682634,Highly desirable Ottawa & Wellington Village West!,3201295,1462622442416896913,Greg And Valerie,,Kitchissippi,45.4003,-75.73144,Entire home/apt,136,31,14,2026-02-26,0.10,8,143,3,Exempt
902575,Room for rent Downtown Ottawa R,3895093,1462642056994582682,Nicole,,Somerset,45.41753,-75.69297,Private room,25,90,7,2016-09-28,0.04,1,270,0,
943979,Smart flat near Center&Glebe+Garage,5108859,1462538968133313660,Maria,,Somerset,45.41127,-75.69575,Entire home/apt,45,60,306,2026-03-31,1.90,2,364,3,
987450,Central New condo w Balcony/Garage!,5108859,1462538968133313660,Maria,,Somerset,45.41083,-75.69474,Entire home/apt,49,60,330,2026-04-26,2.06,2,243,3,
1026310,Lakehouse Inspired Retreat Close to Downtown,5649683,1462541650245058233,Melanie,,Rideau-Rockcliffe,45.45592,-75.65727,Entire home/apt,618,30,17,2021-12-29,0.14,1,321,0,
1632559,"Lovely Victorian in the Glebe, Steps from Canal",1349081,1462543437149305020,Nomi,,Capital,45.40484,-75.68555,Entire home/apt,412,7,2,2017-08-30,0.02,1,75,0,Exempt
1703622,Bedroom in kanata south free parking & Gym access,5035914,1462538532154388595,Abdo,,Kanata South,45.28752,-75.86129,Private room,51,30,18,2025-06-16,0.34,2,365,0,STR-827-417
1774018,Zen Tranquility Retreat,294136176,1463401427977628100,Vania,,Barrhaven,45.25212,-75.74594,Entire home/apt,147,31,33,2023-09-01,0.40,1,196,0,
1827668,Centrally located 3 bedroom home in Westboro!,6818912,1462716069186244587,Anne-Marie,,Kitchissippi,45.39533,-75.7582,Entire home/apt,169,30,62,2025-06-30,0.41,1,54,1,
1908873,Mer Bleue Private Apartment,9905548,1462571757234575136,Nadine,,Innes,45.42971,-75.48987,Entire home/apt,,30,105,2022-03-29,0.77,1,0,0,
2148350,Bright Modern & Spacious - Executive Rental,10964947,1462853757153839368,Trevor,,College,45.34248,-75.78457,Entire home/apt,126,28,84,2026-03-31,0.61,3,340,4,STR-842-372
2374455,Charming Eurostyle apartment! PD2,3201295,1462622442416896913,Greg And Valerie,,Kitchissippi,45.40387,-75.73097,Entire home/apt,88,31,26,2026-04-30,0.20,8,104,4,
2453778,Central Ottawa Micro Condo Studio w Heated Parking,12547161,1462890266346401916,Evaldo,,Somerset,45.41062,-75.69663,Entire home/apt,89,30,312,2026-02-12,2.09,1,300,4,
2474327,Private unit close to Rideau Canal,12656347,1462583342952514270,Diem,,Capital,45.40874,-75.68044,Entire home/apt,184,1,270,2026-06-21,1.87,1,175,37,STR-843-790
2738455,Studio 2 OTTAWA WEST,12671457,1462893057295780768,Mariya,,College,45.31617,-75.83931,Private room,94,1,108,2026-06-21,0.76,2,140,22,STR-853-483
2744294,3 Bedroom Executive Apt in Westboro,8166549,1462750809349414282,Michael,,Kitchissippi,45.39443771881639,-75.75187449759508,Entire home/apt,,3,64,2025-09-01,0.44,1,0,9,STR-827-262
2935424,Large and bright apt. near downtown,2291577,1462591204468180809,Sylvie,,Rideau-Vanier,45.44051,-75.65658,Entire home/apt,82,30,35,2025-09-30,0.24,1,348,1,
2949838,Cozy and  vintage  spot in the heart of Ottawa,374659,1462516888560993336,Emma And Ed,,Rideau-Vanier,45.43029,-75.68937,Private room,91,1,1022,2026-06-10,7.12,1,293,130,STR-849-420
3622272,Cozy and modern in Ottawa's Westboro Village,834817,1462530837841885300,Dominika,,Kitchissippi,45.3837582,-75.74764809999999,Entire home/apt,91,30,37,2026-05-30,1.22,1,201,12,STR-837-975
3765828,Heart of Ottawa's Attractions,19290752,1463074574052817692,Mojgan,,Rideau-Vanier,45.43382,-75.69221,Entire home/apt,135,30,112,2019-04-28,0.78,3,365,0,
3929195,Victorian House in Byward Market,20355739,1463105451885009176,Irma,,Rideau-Vanier,45.43206,-75.6949,Entire home/apt,294,14,23,2025-06-08,0.16,1,243,0,STR-826-972
4052228,Two-bedroom executive suite in a country setting,21011582,1463144322463426553,Claudette,,Cumberland,45.34755,-75.44776,Private room,68,30,80,2026-05-17,0.56,3,293,1,STR-826-121
4183188,Chic 1 Bedroom in Beechwood Village (Suite 1),21702498,1463161899236393898,Jane,,Rideau-Vanier,45.4399,-75.6684,Entire home/apt,76,30,37,2026-05-04,0.26,2,283,2,
4406846,Walkable Central 1BR House | Parking,1300135,1462542113660177818,Ains,,Somerset,45.41536,-75.70314,Entire home/apt,,1,46,2026-06-11,0.33,1,1,5,STR-845-300
4706926,Webster Gardens,24328926,1465286613358960548,Fay,,Alta Vista,45.38657,-75.65642,Private room,95,30,49,2023-06-26,0.35,2,364,0,Exempt
4757549,"Artful Canal/Glebe Loft  | Sunny, Scenic & Central",11105198,1462577236324166896,James,,Capital,45.39697,-75.68582,Entire home/apt,326,1,477,2026-06-20,3.43,1,40,51,STR-826-676
5117160,Charming Westboro location - comfortable bedroom,26444850,1462637386094694345,Brenda,,Kitchissippi,45.3821,-75.75683,Private room,15,60,66,2026-06-27,0.50,2,87,5,
5220678,Webster Gardens,24328926,1465286613358960548,Fay,,Alta Vista,45.38763,-75.65732,Private room,95,30,47,2023-02-20,0.34,2,89,0,Exempt
5924541,Central New York Loft Style 2 BDM,7354245,1462560486128945044,Lisa,,Somerset,45.412,-75.69986,Entire home/apt,149,30,91,2026-05-01,0.67,20,285,2,
6032518,Awesome view of the Gatineau Mountains.,31208679,1465459188373517612,Debra,,West Carleton-March,45.44504,-76.05336,Private room,100,30,4,2017-10-22,0.04,1,364,0,
6121836,The PORCH'S Little Bit of Country!,31556447,1462655459367215741,Nancy And John,,College,45.3539629318297,-75.73842807466299,Private room,109,1,254,2026-05-31,1.88,2,300,32,STR-827-256
6121871,The PORCH'S Sunny Yellow Room,31556447,1462655459367215741,Nancy And John,,College,45.35532,-75.73721,Private room,109,1,337,2026-06-21,2.49,2,293,32,STR-827-256
6197420,"Gorgeous, Large 3 Bed Downtown with Parking",7354245,1462560486128945044,Lisa,,Somerset,45.41342,-75.70607,Entire home/apt,211,31,147,2026-05-02,1.10,20,323,4,Exempt
6424695,This cozy one bedroom in-law suite,2819714,1462609591747712071,Andrea And Dara,,Kitchissippi,45.39859,-75.73035,Entire home/apt,171,1,177,2026-06-19,1.31,1,332,18,STR-850-866
6430320,Studio apt. best location in Ottawa,19290752,1463074574052817692,Mojgan,,Rideau-Vanier,45.43332,-75.69049,Entire home/apt,74,30,177,2024-08-30,1.31,3,365,0,STR-828-040
6475461,Crystal Bay Loft,33827123,1465494511317188962,Gerald,,Bay,45.36383,-75.86153,Private room,125,2,251,2026-06-22,1.86,1,159,27,STR-826-808
6478453,"Comfy mini-suite, great location.",33836567,1465494677441864596,Linden,,Capital,45.39851,-75.69425,Private room,53,31,154,2026-05-02,1.14,2,175,4,
6500659,Ultra Modern Chalet in the Woods,33978514,1465496521960215749,Peter,,West Carleton-March,45.42571,-76.07842,Entire home/apt,417,1,234,2026-05-25,1.74,1,286,28,STR-839-720
6512008,"Westboro: Petit déj' compris, tranquille - Chatte",16181239,1462980520690969776,Gaëtane,,Kitchissippi,45.39607,-75.75796,Private room,120,1,25,2026-05-10,0.27,2,49,2,STR-847-339
6512045,"Quiet, nice light, cat in residence",16181239,1462980520690969776,Gaëtane,,Kitchissippi,45.39546,-75.75959,Private room,,1,34,2026-05-26,0.29,2,0,6,STR-847-339
6586860,Cozy Suite,32721950,1465479775168466242,Hanan,,Rideau-Rockcliffe,45.4292,-75.64563,Entire home/apt,142,4,182,2026-06-12,1.35,1,297,13,STR-827-086
6589324,Heritage Luxury at Peloton House and Art Gallery,1878522,1462580721594927822,Ursula,,Rideau-Rockcliffe,45.44129,-75.68632,Entire home/apt,320,1,271,2026-06-14,2.22,2,24,26,STR-844-947
6591110,Great place to relax close to all tourist areas,34481136,1462665461783560885,Jane And Serge,,Rideau-Vanier,45.43304,-75.66247,Entire home/apt,142,29,181,2021-08-22,1.41,1,83,0,Exempt
6612499,1 Guest/Furn'd Bedrm in 3 Bedm Apt.,34602819,1462665869527919321,Christine,,Rideau-Vanier,45.42657,-75.67649,Private room,49,30,19,2025-12-31,0.14,13,191,1,
7025115,1 Guest/Furn'd Bedrm in 3 Bedm Apt.,34602819,1462665869527919321,Christine,,Rideau-Vanier,45.42619,-75.67676,Private room,49,30,17,2026-06-15,0.13,13,312,2,
7064475,Spacious room with ensuite. Central location.,33836567,1465494677441864596,Linden,,Capital,45.39724,-75.69574,Private room,55,31,111,2026-05-14,0.84,2,144,3,
7182054,Upscale 2 bdrms & baths condo,8729464,1462774867565419020,Elise,,Kitchissippi,45.39697,-75.71236,Entire home/apt,100,30,96,2026-05-01,0.73,1,180,3,
7216610,"Townhome in Ottawa, near to Britannia Beach",37781349,1465565490071946021,Kim,,Bay,45.35516,-75.78595,Entire home/apt,82,30,15,2019-06-01,0.14,1,172,0,
7256615,Upscale Country Home/ Ottawa Canada,35485441,1462668893763189622,Brenda,,West Carleton-March,45.47205,-76.03468,Entire home/apt,227,30,2,2025-04-11,0.04,1,358,0,
7279754,Britannia Beach - master & fireplace,29268749,1465431228466485080,Linda,,Bay,45.3682,-75.79825,Private room,108,2,113,2025-10-19,0.85,2,38,4,Exempt
7713717,Bright Spacious Room Close to Everything w/Parking,248064,1462513703763650483,Tasha,,Somerset,45.41047,-75.71049,Private room,137,2,186,2025-11-08,1.48,1,67,18,STR-827-217
7782901,Room w/ bed & desk in an Ottawa homestay!,3582571,1462633084938755977,Maree And Geoff,,Rideau-Vanier,45.43596,-75.69103,Private room,40,5,24,2023-07-30,0.18,3,262,0,Exempt
7840014,Charming House in West Ottawa,28096363,1465415162565815803,Andy Diane,,West Carleton-March,45.25667,-76.06605,Entire home/apt,307,30,29,2020-08-02,0.22,1,90,0,
7901417,Bed & desk in ByWard Homestay near uOttawa,3582571,1462633084938755977,Maree And Geoff,,Rideau-Vanier,45.43635,-75.69262,Private room,,30,52,2026-03-07,0.40,3,11,4,
7956313,Comfy Stay for Medical Trainees,10424386,1462574171184900777,Darlene,,Kitchissippi,45.38997,-75.72848,Private room,45,30,66,2026-05-31,0.50,2,172,1,
8079065,Townhouse 5 min from CTC for Sens or concerts,3214251,1462622898093639960,Luis,,Stittsville-Kanata West,45.28614,-75.92967,Private room,50,30,4,2017-12-10,0.03,1,365,0,
8295439,Sandy Hill-3 Bedroom Immaculate Apt,34602819,1462665869527919321,Christine,,Rideau-Vanier,45.42681,-75.67797,Entire home/apt,140,30,17,2026-06-06,0.13,13,206,1,
8541704,*Barrhaven Blue Room - comfy private room for 2,44968309,1465667541083786518,Karin,,Gloucester-South Nepean,45.2768,-75.70773,Private room,103,1,376,2026-06-20,2.95,1,67,34,STR-853-609
8629757,North Kanata Secluded Guest Unit in Nature,45308226,1462699581530169057,Chuck & Iris,,West Carleton-March,45.39805,-75.95644,Entire home/apt,178,1,529,2026-06-19,4.28,1,225,76,STR-843-414
8669055,Great for weddings or events at Strathmere nearby!,45540401,1465676351196458660,Jeremy,,Rideau-Goulbourn,45.14065,-75.71745,Private room,68,30,15,2019-12-13,0.12,1,365,0,
8701554,Beautiful Executive Townhome Kanata,434822,1462511812845366034,Moe,,Kanata South,45.27897,-75.84697,Entire home/apt,361,30,0,,,1,364,0,
8782109,"Private, peaceful apartment near the airport",3200011,1462622420187523464,Nadereh,,Knoxdale-Merivale,45.35055,-75.72065,Entire home/apt,144,7,78,2026-01-02,0.66,1,174,8,STR-836-466
8907149,Nations Capital Home Away From Home,46478423,1462703533500473697,Sue,,Rideau-Rockcliffe,45.4488,-75.62888,Private room,155,1,105,2026-06-21,0.83,1,338,6,STR-843-929
9041061,Private bath + rooftop + gym near McKay Lake +Pond,17102868,1463002197029231303,Brigette,,Rideau-Vanier,45.44286,-75.67081,Private room,59,30,7,2026-05-02,0.06,1,261,1,
9165295,GREAT location - modern 1 bedroom/1 bath apt.,47219726,1465711325301479214,Sonia,,Rideau-Vanier,45.43425,-75.68916,Entire home/apt,234,2,272,2026-06-15,2.10,1,277,60,STR-844-108
9232477,"Luxe Home, Backyard Oasis, Pool & Hot Tub!",28652031,1465422855360867526,Patricia,,Cumberland,45.45738,-75.46152,Entire home/apt,728,2,45,2026-06-10,0.48,1,316,6,STR-826-508
9251989,Beautiful Spacious bedroom,48071546,1465726309902276020,Sylvie,,Innes,45.46428,-75.51494,Private room,166,30,4,2019-05-30,0.04,1,365,0,
9289495,Beautiful One-Bedroom Designer Townhouse,41255144,1465613547871187233,Felipe,,Rideau-Rockcliffe,45.42869,-75.66718,Entire home/apt,236,30,0,,,1,363,0,STR-279-249
9625671,Modern house near Parliament Hill of Ottawa,49790709,1465760568149230517,Nadia,,River,45.36876,-75.65915,Entire home/apt,281,2,225,2026-06-15,4.91,3,234,67,STR-828-724
9658742,Home Office with a View,33119004,1465484948481843317,Sandra,,College,45.35979,-75.74972,Entire home/apt,,30,8,2026-04-30,0.08,2,14,1,
9818875,I Love Your House,50577383,1465775077930281333,Ana,,Somerset,45.41206,-75.70542,Entire home/apt,136,30,10,2022-06-11,0.08,1,174,0,STR-855-696
9827788,LOVELY & SPACIOUS BEDROOM  CLOSE AIRPORT,50608153,1465775768434123314,Lyne,,Gloucester-South Nepean,45.25979,-75.72354,Private room,90,30,138,2022-05-31,1.08,2,365,0,
9831528,2 SPACIOUS BEDROOMS CLOSE AIRPORT ON GOLF COURSE,50608153,1465775768434123314,Lyne,,Gloucester-South Nepean,45.26445,-75.72355,Private room,141,30,18,2022-06-13,0.14,2,365,0,
10042303,1 Guest/Furn'd Bedrm in 3 Bedm Apt.,34602819,1462665869527919321,Christine,,Rideau-Vanier,45.42601,-75.67626,Private room,49,30,17,2025-12-20,0.14,13,204,2,
10057041,Beautiful Condo at Lansdowne Park,6699109,1462713067586499123,Corey,,Capital,45.39736,-75.68372,Entire home/apt,,80,17,2016-10-26,0.13,2,1,0,
10343890,Super Cozy Central Home alongside Byward Market,2697550,1462525771545011502,Alex & Katya,,Rideau-Vanier,45.43131677219883,-75.68600744754339,Entire home/apt,180,5,224,2026-05-24,1.76,3,197,11,STR-828-720
10522052,Up to two rooms with attached private bathroom,34397646,1465504639001508599,Sisira,,Kanata North,45.32349,-75.93514,Private room,88,1,185,2026-06-29,1.50,1,4,37,STR-846-055
10535844,Cozy 1 Bedroom Condo with parking,12614130,1462891733284869811,Stephanie,,Beacon Hill-Cyrville,45.42434,-75.62668,Entire home/apt,,182,92,2022-10-08,0.73,1,27,0,
10700882,Downtown farmhouse w parking,55288519,1465906233567168586,Grace,,Capital,45.41235,-75.67737,Entire home/apt,250,1,400,2026-06-21,3.16,2,165,53,STR-828-548
10864169,Studio pied à terre Beechwood,32302327,1465474459211300857,Edouard,,Rideau-Vanier,45.44426,-75.66933,Entire home/apt,61,30,15,2016-08-07,0.12,1,59,0,
10970111,"BIG, bright, quiet, clean private 1 BR apt suite",47889428,1462708061477247522,Norma,,Rideau-Rockcliffe,45.42496871948242,-75.65499114990234,Entire home/apt,198,1,467,2026-06-18,3.70,2,297,39,STR-843-332
11007944,Ottawa house monthly,49790709,1465760568149230517,Nadia,,Bay,45.33755,-75.89535,Entire home/apt,98,31,219,2022-05-15,1.74,3,220,0,
11117632,Luxury Modern Townhouse On A Traffic-Free Street,57414739,1465938854769245169,Patrick,,Barrhaven,45.28044,-75.75415,Entire home/apt,30,180,12,2022-03-31,0.22,1,364,0,
11301534,Quiet Suite near The Ottawa Hospital & CHEO,59021474,1466710687034807848,Lesley,,Alta Vista,45.39579,-75.66444,Entire home/apt,103,1,75,2026-05-23,1.06,1,293,9,STR-843-817
11475385,The Grotto - A getaway for the girls!,60383379,1466742380202841393,Kathleen,,Knoxdale-Merivale,45.3265,-75.78576,Entire home/apt,,28,0,,,1,0,0,
11480180,Cozy and bright  1 bedroom basement suite.,60419814,1466743749240971249,Rheanne,,Rideau-Rockcliffe,45.42563,-75.65453,Entire home/apt,72,30,144,2026-03-07,1.15,1,278,3,
11488432,Great Location! Modern 1 Bedroom with Parking,7354245,1462560486128945044,Lisa,,Somerset,45.41051,-75.69657,Entire home/apt,45,90,74,2021-12-24,0.59,20,364,0,
11515667,CoHabit w/young professionals Ottawa ED 3,3201295,1462622442416896913,Greg And Valerie,,College,45.36032956889715,-75.74763617983916,Private room,20,60,15,2025-07-12,0.12,8,182,1,
11901539,In The Heart of Ottawa's Market,27160383,1465401136288448205,Puran,,Rideau-Vanier,45.4301,-75.68721,Entire home/apt,,90,19,2018-12-06,0.15,1,0,0,
11902153,Ottawa 4-BR Haven-Great Parking for Trucks&Getaway,18292018,1462605586009651497,Lily,,Cumberland,45.50423,-75.45477,Entire home/apt,571,1,252,2026-06-21,2.05,3,315,44,STR-843-028
12085004,Ottawa River front house,64771605,1466800933720666793,Julie,,West Carleton-March,45.49882,-76.07643,Entire home/apt,449,1,50,2025-09-07,0.41,1,305,4,STR-848-364
12272235,Homestay in ByWard with a bed & desk!,3582571,1462633084938755977,Maree And Geoff,,Rideau-Vanier,45.43649,-75.69157,Private room,39,30,25,2026-02-28,0.21,3,126,2,
12285950,4-Bedroom in Ottawa Sleeps 6,64762834,1466800811861868293,Lisa,,Rideau-Vanier,45.440227713274915,-75.66660243757173,Entire home/apt,88,30,1,2025-05-31,0.08,6,79,0,
12293698,KASHY HOMES-Luxurious home close to Airport & DT,66264674,1466819018935171317,Kashy,,Gloucester-Southgate,45.37616,-75.60035,Entire home/apt,305,30,473,2026-02-07,3.81,7,327,6,Exempt
12354359,VIP home b on 1/3 acre lot free parking,28278044,1465417478021853772,Dragan,,Beacon Hill-Cyrville,45.45227,-75.61762,Private room,170,1,140,2025-09-14,1.14,3,42,3,STR-842-924
12421106,2Bed/2Baths in Ottawa Down-town Core.,67179584,1466830135595917025,Ike,,Somerset,45.41814,-75.70267,Entire home/apt,234,30,16,2026-06-01,0.13,4,338,6,
12461288,Britannia beach house cozy room near transit,66372309,1466820274537968500,Anne,,Bay,45.36406,-75.79344,Private room,36,30,13,2026-02-09,0.11,3,266,3,
12464494,Britannia Beach Room 5 minutes walk to beach,66372309,1466820274537968500,Anne,,Bay,45.36366,-75.79489,Private room,58,31,27,2023-09-30,0.22,3,296,0,
12707675,Executive Home  with  free parking,28278044,1465417478021853772,Dragan,,Beacon Hill-Cyrville,45.45402,-75.61886,Private room,187,1,70,2026-05-25,0.62,3,17,5,STR-842-924
12785256,Modern Bright Monthly Short Term Executive Rental,10964947,1462853757153839368,Trevor,,College,45.34238,-75.78619,Entire home/apt,338,3,49,2025-09-01,0.40,3,303,4,STR-842-372
12983337,"2 blocks from beach, bdr suite, private toilet",66372309,1466820274537968500,Anne,,Bay,45.36527,-75.79544,Private room,51,30,11,2025-10-31,0.09,3,133,1,
13058377,Beautiful 3-br home close to everything,49954531,1465763308002348941,Jon,,Barrhaven,45.26942,-75.75594,Entire home/apt,193,30,20,2019-12-20,0.18,1,42,0,
13120035,Oasis in the middle of the City,3406210,1462529746740272622,Peter,,Capital,45.40249,-75.67763,Entire home/apt,489,1,75,2026-06-14,1.30,1,130,15,STR-827-231
13189968,Bord de l'eau en ville/magnifiques couchers soleil,7470487,1462732840865673097,Eveline,,Bay,45.36724,-75.80123,Entire home/apt,507,30,0,,,1,83,0,
13215741,Modern Furnished Luxury Suite,73391052,1466905267705589352,Sidney,,Somerset,45.42113,-75.70036,Entire home/apt,77,30,234,2026-05-10,1.91,1,126,2,
13250745,Dagenais Residence-large 3 bedroom fully furnished,50520188,1465774231208421696,Brian,,Rideau-Vanier,45.43786,-75.66183,Entire home/apt,,100,1,2016-07-17,0.01,1,270,0,
13356992,★ Trendy Urban Loft ★ Steps from Parliament Hill ♛,17208404,1462601376588066849,Joel,,Somerset,45.4212,-75.69931,Entire home/apt,94,30,362,2026-05-11,2.97,2,217,6,
13450749,Large appartment with free parking,76818907,1466941484001373194,Izzy,,Somerset,45.40934,-75.6992,Entire home/apt,222,2,411,2026-06-16,3.40,1,128,51,STR-844-520
13637893,Cosy house in the Glebe,79101348,1466967409878177779,Laurie,,Capital,45.399,-75.68685,Entire home/apt,236,30,10,2019-08-26,0.08,1,173,0,
13658784,2 Bedroom Condo Right in the Byward Market,63054768,1462752148941899117,Jf,,Rideau-Vanier,45.42838,-75.68714,Entire home/apt,26,125,28,2021-12-31,0.23,2,358,0,
13676219,Central Park Family Escape,79594212,1466972196750801480,Maxime,,River,45.36575413472614,-75.73640688383315,Entire home/apt,313,2,158,2026-05-24,1.30,1,44,16,STR-827-252
13695916,Heart of Downtown Walking Distance to Parliament3,79847570,1462825434075322299,May,,Rideau-Vanier,45.42986,-75.69486,Entire home/apt,410,1,435,2026-06-11,3.77,5,118,51,STR-827-098
13858225,Central farmhouse: 4 bed + 2 bath,33277404,1462661352525681831,Jennifer,,River,45.38882,-75.72605,Entire home/apt,180,30,78,2026-05-03,0.66,1,207,2,
13964065,Room 10 minutes drive to downtown,19068355,1463068908985514642,Guy,,River,45.36714553833008,-75.74285125732422,Private room,148,1,124,2026-06-13,1.13,1,224,8,STR-851-677
14028892,COZY bedroom in quiet area close to downtown,42714196,1465634581623527379,Amani,,Rideau-Rockcliffe,45.44652,-75.62738,Private room,55,30,115,2026-03-05,0.96,7,341,4,STR-832-217
14102023,Sunny Westboro Retreat | Walk to Everything,84886218,1462836719952121982,Scott,,Kitchissippi,45.3897912,-75.7477174,Entire home/apt,194,1,156,2026-06-21,8.18,1,265,112,STR-845-059
14322610,"Private room, heated pool, hot tub, sauna, gardens",147850,1462510910368691811,Lori,,Alta Vista,45.39184,-75.67265,Private room,217,1,367,2026-06-22,3.06,1,319,36,STR-855-563
14358657,Charming one bedroom +den in nine storey building,22328788,1463177159375823271,Christopher,,Kitchissippi,45.40528,-75.73431,Entire home/apt,68,30,61,2024-11-29,0.51,1,82,0,
14415278,Upscale in-house apt in an ideal location,26068234,1465354881259693010,Julia,,Alta Vista,45.38972,-75.6738,Entire home/apt,89,30,25,2021-12-31,0.22,1,155,0,
14435773,Double cast iron bed large room in basement.,11722130,1462579680575329496,Andrea,,Rideau-Vanier,45.44146,-75.66578,Private room,45,30,29,2023-08-23,0.25,1,364,0,
14485058,Studio 1 Ottawa West,12671457,1462893057295780768,Mariya,,College,45.3172,-75.84037,Private room,97,1,81,2026-06-12,0.67,2,27,14,STR-853-483
14495314,Co-habit w/young professionals Ottawa  ED 1,3201295,1462622442416896913,Greg And Valerie,,College,45.36032956889715,-75.74763617983916,Private room,20,60,7,2025-08-30,0.06,8,263,1,
14541622,Ottawa 2 bedroom pied-a-terre!,3201295,1462622442416896913,Greg And Valerie,,College,45.36599,-75.74869,Entire home/apt,88,31,6,2018-07-25,0.06,8,291,0,
14635983,Kanata concept 1 bedroom apartment,86207899,1467037662842478356,Eva,,Kanata South,45.30251,-75.90863,Entire home/apt,81,30,451,2026-04-26,3.78,1,68,2,
14639601,Nation Capital,90779543,1467098146856695569,Zed,,Gloucester-Southgate,45.37597,-75.64194,Private room,49,30,3,2022-09-04,0.03,4,364,0,
14661086,Great home in executive area. Like a resort,72454600,1466894760291016817,Nancy,,Rideau-Goulbourn,45.20239,-76.02014,Entire home/apt,333,1,15,2026-05-29,0.31,1,329,3,STR-827-610
14686777,Welcome to Bullfrog Cottage. Your exclusive space!,21226547,1462616350108680946,Eva,,Cumberland,45.42335,-75.43796,Entire home/apt,70,30,148,2026-04-26,1.25,1,132,2,
14687088,Boutique Suite in Ottawa's West End,75720140,1466929938191809032,Sandra,,Bay,45.35926,-75.79413,Entire home/apt,,30,47,2025-08-23,0.41,4,0,1,
14827076,Un soir de semaine ou un weekend dans la Capitale,40854055,1465608135546675652,Pierre,,Rideau-Rockcliffe,45.43666,-75.63692,Private room,77,1,593,2026-06-21,4.99,3,58,53,STR-843-551
14850116,Entire Executive Townhome-Ottawa,92957424,1467123094836868283,JFred,,Cumberland,45.44786,-75.48281,Entire home/apt,138,30,62,2026-03-05,1.76,1,169,2,STR-835-903
15105694,Charme Urbain dans la Capitale (parking inclu),40854055,1465608135546675652,Pierre,,Rideau-Rockcliffe,45.43653,-75.6386,Private room,61,2,247,2026-06-20,2.19,3,52,27,STR-843-551
15147398,"Perfect downtown location, walk to all attractions",72873454,1462809142786838714,Jessica,,Somerset,45.41106,-75.69491,Entire home/apt,254,30,243,2026-05-26,2.10,1,203,8,STR-828-620
15253138,"Newly built 3bdm family house
Entire house",97004119,1467168474569012870,Eric,,Cumberland,45.45095,-75.46063,Entire home/apt,491,30,20,2019-07-28,0.17,1,269,0,
15264522,Chic Unit in Sandy Hill / Access to quint Backyard,103924808,1487911959600710679,Chris,,Rideau-Vanier,45.42194,-75.67201,Entire home/apt,123,30,431,2026-01-11,3.68,1,101,15,STR-745-542
15494034,Little Gem in Central Ottawa-3bd,99500083,1462869237668818270,Westhaven,,River,45.38116,-75.72676,Entire home/apt,117,30,234,2025-10-06,1.99,6,328,1,
15584895,The ZenDen - Relax in peaceful tranquility.,15991087,1462596167007360619,Heather,,College,45.35087,-75.77672,Entire home/apt,153,30,1,2024-09-30,0.05,1,177,0,
15639698,"Private room, art filled home in trendy hood",838516,1462530946078016648,Anne,,Kitchissippi,45.40416,-75.7287,Private room,79,31,13,2026-05-24,0.12,1,268,2,
15665820,Architect's Modern Cottage Oasis,101142398,1467213631410667673,Jian,,Knoxdale-Merivale,45.32493,-75.70921,Entire home/apt,259,30,1,2025-06-25,0.08,1,363,1,
15716974,Queen guest apartment,414369985,1463644677880255394,Emman,,Rideau-Goulbourn,45.26130676269531,-75.8248062133789,Entire home/apt,228,2,110,2026-06-19,1.44,2,299,39,STR-826-061
15732621,Luxury 2-Story Downtown Apartment-Queen & Sofa Bed,101501830,1467217720486772891,PARLOUR Hotel,,Rideau-Vanier,45.43107,-75.69243,Entire home/apt,580,1,130,2026-06-12,1.14,6,325,5,STR-855-795
15835076,Lovely 3 bedroom Townhome,90779543,1467098146856695569,Zed,,Gloucester-Southgate,45.37639,-75.64076,Private room,38,30,0,,,4,89,0,
15972312,Little Jewel in Central Ottawa 3bd,99500083,1462869237668818270,Westhaven,,River,45.38233,-75.72707,Entire home/apt,99,30,174,2026-05-31,1.50,6,322,2,
16145283,Heritage Jewel in the Byward Market,58249523,1466698233555213184,Pat,,Rideau-Vanier,45.43275,-75.69263,Entire home/apt,319,1,522,2026-06-14,4.51,1,47,45,STR-826-493
16174841,Perfect Location,102101487,1467225352234749594,Alexander,,Capital,45.39914,-75.68761,Private room,44,30,17,2026-04-01,0.15,1,46,2,
16175714,Chao’s full house single bedroom,104013797,1467248641213876130,Chao,,Gloucester-South Nepean,45.27446,-75.72717,Private room,37,30,0,,,2,159,0,
16207710,Barrhaven Homestay - Spacious room #1 in basement,102979663,1467235970717790573,Katherine Van Nguyen,,Gloucester-South Nepean,45.28096,-75.71958,Private room,32,30,27,2025-04-13,0.23,2,83,0,
16207919,Barrhaven- Spacious room #3 in the basement,102979663,1467235970717790573,Katherine Van Nguyen,,Gloucester-South Nepean,45.28249,-75.71991,Private room,35,30,12,2023-11-19,0.11,2,364,0,
16288592,Private Downtown Condo in Ottawa near Parliament2,79847570,1462825434075322299,May,,Rideau-Vanier,45.42981,-75.69482,Entire home/apt,428,1,592,2026-06-10,5.13,5,255,77,STR-827-098
16290914,Elcho's Explore Ottawa Luxury for 6 - Parking,106574036,1462886922926418168,Elcho Pronounced Elco,,Rideau-Vanier,45.42553,-75.67413,Entire home/apt,223,2,53,2026-05-18,0.46,4,151,6,STR-828-103
16299087,Luxury Apartment |Byward Market| Queen & Sofa Bed,101501830,1467217720486772891,PARLOUR Hotel,,Rideau-Vanier,45.42941,-75.69252,Entire home/apt,398,1,113,2026-05-22,0.99,6,347,9,STR-855-795
16311937,Prestige Meets Luxury In 3B Heritage Gold Triangle,40970397,1465609709171930092,Margaret,,Somerset,45.41837,-75.68693,Entire home/apt,547,1,96,2026-01-25,0.88,1,270,10,STR-853-803
16313005,Modern townhome in Kanata w/ direct forest access,81875539,1462830016538244378,Breathe Vacation Rentals,,Kanata South,45.27806,-75.84238,Entire home/apt,349,18,57,2025-12-12,0.49,4,159,3,STR-827-759
16348342,Clean & Modern Living in Little Italy & Chinatown,32258023,1465473862668630822,Nathan,,Somerset,45.40866,-75.71527,Entire home/apt,201,3,257,2026-06-19,2.25,1,18,21,STR-826-262
16379102,Spacious Fully Equipped Studio in Trendy Westboro,10876672,1462851702280028476,Michelle,,Kitchissippi,45.3842,-75.74418,Entire home/apt,86,2,672,2026-06-14,5.82,2,284,60,STR-844-323
16479165,"Westboro BeachHouse - Outdoor Jacuzzi, Netflix",51131943,1465793912624408871,Brenda,,Kitchissippi,45.39424,-75.76009,Entire home/apt,626,2,131,2026-06-14,1.23,1,312,21,STR-827-133
16491956,"Quiet Downtown, 2 level, Family-friendly Apartment",1265877,1462541183095412288,Andreas,,Somerset,45.4082,-75.6984,Entire home/apt,111,30,206,2026-03-07,1.80,1,59,3,
16536507,Elcho's ExplOre Ottawa #3. Parking,106574036,1462886922926418168,Elcho Pronounced Elco,,Rideau-Vanier,45.42517,-75.67358,Entire home/apt,167,1,28,2026-06-21,0.25,4,180,8,STR-828-103
16555596,Elcho's Lovely Guest Room,106574036,1462886922926418168,Elcho Pronounced Elco,,Rideau-Vanier,45.42689,-75.67447,Private room,130,2,134,2026-06-20,1.32,4,103,18,STR-828-103
16646606,Rideau Canal Luxurious 1BD/kitchenette/studio,38156157,1465571019303074590,Jean-Paul,,Capital,45.40301,-75.67984,Private room,86,30,25,2020-02-27,0.22,1,364,0,
16766230,2 Bedroom Overlooking the Rideau Canal w Parking,56227747,1465920741168852954,Dimitri,,Capital,45.41192,-75.68184,Entire home/apt,233,2,538,2026-06-10,4.70,2,20,70,STR-827-218
17033109,Private room: Only 20 mins from Downtown,62205260,1466766854581245645,Harsimran,,Stittsville-Kanata West,45.28569,-75.93653,Private room,49,30,0,,,1,270,0,
17265279,Elegant 1 Bedroom in Beechwood Village (Suite 2),21702498,1463161899236393898,Jane,,Rideau-Vanier,45.4393,-75.66783,Entire home/apt,80,30,23,2024-02-02,0.21,2,109,0,
17345085,"Waterfront property, 17 kms to downtown Ottawa.",110457614,1467335767842276158,Maureen & Albert,,Gloucester-South Nepean,45.30137,-75.69919,Private room,139,2,124,2026-06-08,1.12,1,303,13,STR-827-240
17478679,Chester Copperpot Loft - Industrial Chic  -,85297148,1467028662565408108,Short And Suite BnB,,Somerset,45.413,-75.7024,Entire home/apt,282,1,383,2026-06-19,3.39,28,280,62,STR-823-604
17480172,Entire Single Family Home with Heated Pool,118414937,1468209550318816281,Susan,,Barrhaven,45.27003,-75.77176,Entire home/apt,,30,85,2020-01-19,0.75,1,0,0,
17495093,Le Petit Palais - Brand New - Art Deco - French,85297148,1467028662565408108,Short And Suite BnB,,Somerset,45.413,-75.7024,Entire home/apt,376,1,499,2026-06-19,4.42,28,242,66,STR-823-604
17495287,The GREENBERG FLAT - BRAND NEW - Mid Century -,85297148,1467028662565408108,Short And Suite BnB,,Somerset,45.413,-75.7024,Entire home/apt,307,1,458,2026-06-22,4.06,28,266,69,STR-823-604
17531690,Clean and Comfortable Studio + Amazing Location,19290752,1463074574052817692,Mojgan,,Rideau-Vanier,45.43331,-75.69076,Entire home/apt,77,30,163,2026-05-31,1.46,3,365,2,STR-828-036
17719014,Sandy Hill-3 Bedroom Immaculate Apt.-Walk downtown,34602819,1462665869527919321,Christine,,Rideau-Vanier,45.42686,-75.6767,Entire home/apt,146,30,8,2025-12-22,0.08,13,314,1,
17778357,Quiet & Cozy Retreat near Downtown Ottawa,44539171,1465661622148031621,Nicole,,Rideau-Vanier,45.44204,-75.65829,Private room,217,1,190,2026-06-14,1.71,1,165,31,STR-844-666
17887021,Nicely appointed In-Law Suite with amenities.,84582723,1467021474263765220,Suzie,,Orleans,45.47875,-75.52769,Entire home/apt,124,3,104,2025-01-03,0.93,3,205,0,STR-827-411
17887616,Queen size Guest Room in luxurious home,84582723,1467021474263765220,Suzie,,Orleans,45.47797,-75.52718,Private room,87,1,201,2026-06-22,1.80,3,215,54,STR-827-411
17888974,Elegant Queen bed guest room with ensuite bath,84582723,1467021474263765220,Suzie,,Orleans,45.47797,-75.52718,Private room,113,1,395,2026-06-21,3.52,3,285,71,STR-827-411
18007422,Glebe suite on Monk with small parking spot,28026087,1465413969045658058,Bartholomew Martin,,Capital,45.3985563,-75.6869,Entire home/apt,176,2,350,2026-06-10,3.14,3,163,4,STR-826-632
18018307,Spacious Executive Condo in Ottawa's Best Location,9369499,1462812355130179803,Carlos,,Somerset,45.4195,-75.69429,Entire home/apt,41,100,0,,,1,358,0,
18074764,Bright heritage Westboro home for the plant lover!,2969861,1462527322111747234,Naomi,,Kitchissippi,45.38978,-75.7542,Entire home/apt,133,30,34,2020-02-25,0.31,1,178,0,
18075244,King guest apartment,414369985,1463644677880255394,Emman,,Rideau-Goulbourn,45.25994,-75.82544,Entire home/apt,189,2,174,2026-06-13,2.53,2,138,36,STR-844-421
18086347,Cute & Cozy Private Guest Suite at Raimi Rentals,35819080,1465530504418679412,Lisa,,College,45.34824,-75.78209,Entire home/apt,136,2,179,2026-04-05,1.61,1,315,33,STR-851-259
18162196,Amazing 3 Bedroom with Free Parking,68953018,1466852515472917700,Prea,,Orleans,45.483,-75.46997,Entire home/apt,,2,227,2026-03-06,2.03,2,0,22,STR-826-178
18239506,Private in-law Suite with Ensuite+bath.,126010146,1462930475662757129,Sabina & Shahbaz,,Orleans,45.48444,-75.47199,Private room,,30,108,2023-09-11,0.97,1,0,0,
18309281,Clean Spacious 4Bd Home Manor Park 10mins Downtown,109368552,1467324000708642603,Nita,,Rideau-Rockcliffe,45.45694,-75.65451,Entire home/apt,114,26,510,2026-05-01,4.59,1,76,18,STR-828-464
18412501,Constance Bay Sandy Beach Paradise/Winter Retreat,420527634,1487972537422486117,Eliane,,West Carleton-March,45.49933,-76.07645,Entire home/apt,393,3,204,2026-06-12,1.96,1,195,16,STR-843-545
18461573,"Fully furnished ""G"" Studio in downtown Ottawa",128012874,1462934966731596450,Andriy & Nataliya,,Rideau-Vanier,45.429346,-75.68887,Entire home/apt,88,31,270,2025-12-20,2.45,2,85,3,Exempt
18475199,Bright Bedroom for Two - One bus to town centre,110406,1462509815652104911,Linda,,Gloucester-Southgate,45.37273,-75.61818,Private room,117,2,19,2026-05-30,0.18,1,173,1,STR-827-082
18594015,Beautiful House - 15 Min from Downtown Ottawa,18189653,1462605202827606696,Anastasia,,Barrhaven,45.26723,-75.77395,Entire home/apt,216,30,19,2025-08-29,0.17,3,328,2,
18600996,Delightful spring/summer/ fall getaway!,129134593,1468295527288405950,Arda,,West Carleton-March,45.47364,-76.21515,Private room,172,1,35,2026-05-18,0.40,1,176,6,STR-826-659
18690012,Downtown apartment - walk to everything,26248637,1465360119116009238,Alana,,Somerset,45.40265,-75.71204,Entire home/apt,111,30,18,2020-05-30,0.21,1,365,0,
18757065,"Bright Room (L-desk), river near",130509033,1468307577078356285,Paul,,Orleans,45.47751,-75.55163,Private room,35,30,16,2021-12-10,0.15,3,81,0,
18809375,"Airy Room, river near, (buses)",130509033,1468307577078356285,Paul,,Orleans,45.47655,-75.55031,Private room,27,30,41,2021-01-04,0.37,3,140,0,
18820761,"800 SF.Chinatown,2nd floor duplex,1 Br",45396448,1465673766360818008,William,,Somerset,45.40904,-75.70581,Entire home/apt,206,1,410,2026-06-23,4.68,1,79,78,STR-845-065
18865841,"Beautiful room near Airport. TV, table, Free park",131438126,1468315674950437370,Rebecca,,Gloucester-South Nepean,45.31773,-75.59541,Private room,63,2,188,2026-06-19,1.85,3,342,43,STR-848-515
18894018,1 Bedroom in the Glebe of Ottawa,131662713,1468317714907138603,Isabel,,Capital,45.40524,-75.69737,Private room,213,30,34,2021-09-27,0.31,1,365,0,
18894606,"Refinished, Gorgeous Brick, Parking, Near Downtown",7354245,1462560486128945044,Lisa,,Somerset,45.4119,-75.70051,Entire home/apt,109,31,119,2026-05-20,1.08,20,365,2,Exempt
18917214,Downtown suite with parking and no additional fees,131853395,1468319390897641099,Scott,,Rideau-Vanier,45.4308,-75.68188,Entire home/apt,144,1,536,2026-06-19,4.86,1,151,62,STR-844-507
19029980,Tranquil One Bedroom in Hintonburg,13600939,1462915018219011597,Ida,,Kitchissippi,45.40578,-75.7291,Entire home/apt,22,90,39,2025-12-01,0.36,3,268,2,
19038528,Cozy Studio Apartment in Ottawa (Nepean),132869424,1468328217842209296,John,,College,45.3406,-75.7533,Entire home/apt,106,30,145,2025-11-26,1.32,1,351,3,STR-827-100
19102364,Home away from Home,7990977,1462746449366456578,Natasha,,Knoxdale-Merivale,45.35278,-75.71864,Entire home/apt,79,30,48,2025-08-31,0.44,1,203,1,
19121063,Elegant bedroom with balcony,133619706,1468334496270820257,Sara,,Bay,45.34940719604492,-75.79713439941406,Private room,143,2,9,2024-04-30,0.08,1,115,0,STR-836-976
19228584,Ottawa (Westboro) | Cozy 2 Bedroom Guest Suite,134616045,1468342628010883292,Anna + Jonathan,,Kitchissippi,45.39236,-75.75768,Entire home/apt,170,1,172,2026-06-21,1.57,1,77,22,STR-826-656
19270941,Bright Downtown Apartment - Walk to Everything! EV,134945313,1468345427761647180,Todd And Lesley,,Capital,45.40727,-75.69212,Entire home/apt,160,1,812,2026-06-12,7.41,1,76,117,STR-827-228
19290126,Downtown Canal 2 BDR w/ Parking. Walk Everywhere!,7354245,1462560486128945044,Lisa,,Capital,45.41302,-75.6814,Entire home/apt,131,30,106,2026-06-20,0.96,20,335,4,STR-831-684
19347820,Zen at Ten,75720140,1466929938191809032,Sandra,,Bay,45.35159,-75.80243,Entire home/apt,98,30,28,2026-04-25,0.35,4,236,5,
19363746,Cozy House with parking in Center of Ottawa .,134770370,1462950404586166773,Felix,,River,45.36527,-75.67806,Entire home/apt,89,30,89,2026-02-20,0.82,2,136,7,STR-824-870
19378846,Entire Single House - 15 min from Downtown,18189653,1462605202827606696,Anastasia,,Barrhaven,45.2894,-75.74158,Entire home/apt,219,31,22,2026-05-15,0.20,3,270,1,
19433911,Essentially Whitehaven,46506836,1462703635170671610,James,,Bay,45.35266,-75.7927,Private room,95,30,9,2019-12-01,0.08,1,89,0,
19457458,A Nest,136465954,1468358572511594504,Satinder,,Gloucester-South Nepean,45.28305,-75.71361,Private room,53,30,82,2020-08-14,0.75,1,52,0,
19472777,1 bedroom apartment,133296105,1462947076521864473,Linda,,Rideau-Rockcliffe,45.43822,-75.65225,Entire home/apt,63,30,124,2024-05-31,1.13,1,54,0,STR-826-279
19506818,Clean and comfortable room downtown Ottawa,9953913,1462827959685846335,Taylor,,Somerset,45.41494,-75.70501,Private room,291,30,0,,,1,88,0,
19522101,Two Large Adjoining Rooms in Ottawa South,81885971,1466994606993360460,Richard,,Alta Vista,45.38597,-75.64536,Private room,298,30,43,2020-02-27,0.40,1,89,0,
19580578,"Westboro, Centrally Located New 2 bedroom Home",61074483,1466751881368204495,Jim,,Kitchissippi,45.40366,-75.74618,Entire home/apt,118,30,5,2022-06-04,0.05,1,363,0,
19595661,Cozy studio steps to the canal  glebe Elgin  T.d.,60310090,1466741434281742537,Chris,,Capital,45.41041,-75.6772,Entire home/apt,69,15,839,2026-02-22,7.71,2,194,11,STR-828-370
19621814,Private House in Center of Ottawa with 5 parking,134770370,1462950404586166773,Felix,,River,45.36675,-75.67928,Entire home/apt,146,30,128,2026-06-14,1.18,2,151,26,STR-824-870
19889581,TopView onto Ottawa River from Stylish Pad,2697550,1462525771545011502,Alex & Katya,,Bay,45.37214,-75.78235,Entire home/apt,91,30,6,2025-10-01,0.09,3,145,2,
19985701,Wyndale,141760512,1468401167539575784,Pouyan,,Alta Vista,45.38283,-75.64529,Entire home/apt,190,30,3,2017-09-24,0.03,1,345,0,
20133965,Bedroom available in family house.,11301616,1462861747859397228,Luisa,,River,45.34982,-75.67991,Private room,37,30,14,2025-01-29,0.13,2,235,0,
20169000,Elcho's ExplOre Ottawa #2 for 4 - Parking,106574036,1462886922926418168,Elcho Pronounced Elco,,Rideau-Vanier,45.42719,-75.67278,Entire home/apt,184,1,41,2026-05-08,0.39,4,248,2,STR-828-103
20419395,"Pool, Hot Tub & Pet Loving Santa Fe Style Resort!",21841911,1463165260689177466,Dwight,,Kanata North,45.33034,-75.8987,Entire home/apt,862,3,29,2026-05-31,0.34,1,250,6,STR-845-064
20524065,"Central Canal, Spacious,Priv.Entrance&Priv.Parking",146518899,1462975931355166592,Tatiana,,Capital,45.41065,-75.67807,Entire home/apt,82,31,107,2026-06-01,1.00,5,198,3,STR-827-922
20697516,Central 1 BR unit on 2 floors in a detached house,124839598,1468259490612031128,Viet Tan,,Rideau-Vanier,45.43534,-75.66731,Entire home/apt,113,30,55,2025-10-11,0.52,1,331,2,
20730252,"West end Ottawa, quiet neighborhood, nice locale",46038214,1465687646353925595,Helmina & Joe,,Bay,45.34544,-75.83461,Private room,672,30,35,2019-12-08,0.33,1,270,0,
20786500,Cozy Art Deco bedroom in a country setting,21011582,1463144322463426553,Claudette,,Cumberland,45.35003,-75.45583,Private room,126,1,54,2026-06-19,0.51,3,257,4,STR-826-121
20859962,Spectacular Location. Spacious. 31 day Minimum.,13655068,1462918423076193162,Edward,,Rideau-Vanier,45.43174,-75.69475,Entire home/apt,133,31,234,2025-10-31,2.22,2,327,1,
20909593,Clean and cozy room in Kanata Lakes (North),150252038,1462984441161177482,Elena,,Kanata North,45.3207337631872,-75.93008744639091,Private room,33,30,36,2019-10-27,0.34,2,81,0,
21091495,Ottawa/Nepean Private Room A (book at least 30 n),42947566,1465637787161280567,⁨Hoang (Tano)⁩,,Knoxdale-Merivale,45.32614,-75.76074,Private room,46,30,34,2026-03-07,0.32,14,364,3,
21111795,New modern and spacious walkout basement suite.,73800239,1466909683953149058,David,,Osgoode,45.24282,-75.68078,Entire home/apt,184,3,110,2026-06-10,1.04,1,101,16,STR-829-555
21190607,Room in a quite area in Ottawa - Orleans,82116217,1466996871858685582,Justin SS,,Innes,45.4467,-75.53942,Private room,45,30,31,2025-11-29,0.29,2,358,1,
21212028,Ottawa/Nepean Private Room B  (book at least 30 n),42947566,1465637787161280567,⁨Hoang (Tano)⁩,,Knoxdale-Merivale,45.3261,-75.76114,Private room,41,30,24,2023-09-10,0.23,14,269,0,
21215459,Glebe 1 bdrm-Steps from the Canal & Lansdowne,67728739,1466836762975658547,Kristen,,Capital,45.3987,-75.69342,Entire home/apt,280,2,227,2026-06-10,2.20,1,305,31,STR-826-884
21230134,Luxurious Executive Style Condo in Downtown Ottawa,77017395,1466943520243288764,Bryce,,Somerset,45.41991,-75.69897,Entire home/apt,134,30,15,2025-09-27,0.14,2,356,1,
21264140,Ottawa/Nepean Private Room C (book at least 30 n),42947566,1465637787161280567,⁨Hoang (Tano)⁩,,Knoxdale-Merivale,45.32477,-75.76237,Private room,41,30,20,2025-12-13,0.19,14,290,1,
21380565,Explore the hidden treasures of Ottawa!,154852817,1468514801763049005,Karine,,Alta Vista,45.39647,-75.62965,Private room,115,2,78,2026-02-14,0.76,1,114,1,STR-827-227
21409442,"Entire 1-bed, 1-bath exec apartment, next to canal",101386944,1462873500566887852,Conor,,Somerset,45.41965,-75.68437,Entire home/apt,81,30,54,2025-07-08,0.92,1,147,1,STR-827-183
21482167,CentralCanalSpacious 1Bdrm priv.entrance&parking,146518899,1462975931355166592,Tatiana,,Capital,45.41066,-75.67859,Entire home/apt,120,30,111,2025-12-28,1.98,5,236,2,STR-827-922
21516081,"★ Beautiful, modern, Glebe Loft with free parking★",28026087,1465413969045658058,Bartholomew Martin,,Capital,45.39936,-75.68683,Entire home/apt,244,3,158,2025-10-26,1.50,3,117,3,STR-826-632
21567813,Room in quiet  (Orleans -  Ottawa).,82116217,1466996871858685582,Justin SS,,Innes,45.44612,-75.53923,Private room,45,30,53,2025-08-31,0.50,2,358,1,
21645353,Ottawa/Nepean Private Room 2 (book at least 30 n),42947566,1465637787161280567,⁨Hoang (Tano)⁩,,Knoxdale-Merivale,45.32673,-75.7613,Private room,41,30,8,2024-05-10,0.08,14,153,0,
21725451,1 Bdrm Executive Suite Free Parking & Wi-Fi.,100203631,1467203531614710443,Josseline,,Knoxdale-Merivale,45.35802,-75.73048,Entire home/apt,200,2,272,2026-06-19,2.60,1,327,35,STR-827-181
21844046,Private Guest Suite in the Glebe,95266991,1467148296409265395,Jennifer,,Capital,45.39996,-75.68904,Entire home/apt,,2,180,2025-02-23,1.72,1,0,0,STR-827-058
21907127,Executive Suite & Gardens,145040852,1468426331666649513,Peter,,Bay,45.35822,-75.78246,Entire home/apt,257,2,136,2026-06-22,1.31,1,340,22,STR-827-167
21961250,Luxury Estate Sunroom Sauna Spa Gym Pool (6-10),18292018,1462605586009651497,Lily,,Barrhaven,45.29307,-75.74367,Entire home/apt,461,30,3,2021-08-27,0.03,3,358,0,
22001867,The moon room with Free Parking,157447906,1468535098338045965,Asma,,Gloucester-South Nepean,45.31678,-75.5953,Private room,88,1,413,2026-06-07,4.00,2,319,29,STR-845-047
22164539,Urban Town Near Airport,161188706,1468568424508394540,Philip,,Gloucester-South Nepean,45.27012,-75.69109,Entire home/apt,160,30,36,2025-09-24,0.35,1,266,1,
22164708,Ottawa/Nepean Private Room 8 (book at least 30 n),42947566,1465637787161280567,⁨Hoang (Tano)⁩,,Knoxdale-Merivale,45.32549,-75.76289,Private room,46,30,40,2025-08-21,0.39,14,272,1,
22176880,"Cozy private Room, 10 minutes from the airport",162003502,1463012247947456836,Dorothy,,Gloucester-Southgate,45.3612,-75.64089,Private room,,2,172,2026-06-09,1.66,2,1,9,STR-827-319
22178117,Dainty & peaceful home in Ottawa,26006944,1462635731347162750,Bettina,,Innes,45.46625,-75.53392,Entire home/apt,225,1,214,2026-06-21,4.59,1,141,38,STR-844-183
22192588,Aqua room with  free parking,157447906,1468535098338045965,Asma,,Gloucester-South Nepean,45.31678,-75.5953,Private room,75,1,486,2026-06-07,4.70,2,316,32,STR-845-047
22193819,Home Sweet One Bedroom in Hintonburg,13600939,1462915018219011597,Ida,,Kitchissippi,45.40555,-75.72821,Entire home/apt,25,90,17,2026-04-17,0.16,3,160,1,
22295557,Bienvenue chez vous! Welcome Home!,162947600,1468585739231972172,Marie De Fatima,,Cumberland,45.45733,-75.47228,Private room,52,30,73,2024-04-21,0.71,2,174,0,
22314616,Cozy bedroom in a warm and welcoming home,5575134,1462684136985335975,Martin,,Rideau-Vanier,45.43003,-75.6566,Private room,106,2,113,2026-06-06,1.10,1,233,11,STR-827-431
22339272,Ottawa Inn - Beautiful 5 BR house (Close to Dtown),163330848,1468589382871342006,Anita,,Bay,45.35843,-75.7959,Entire home/apt,336,30,89,2020-03-15,0.86,1,269,0,
22388664,Warm Loft Apartment in Little Italy-Minimal Design,26911066,1462639120329898335,Jason,,Somerset,45.40589,-75.71293,Entire home/apt,142,30,127,2025-07-01,1.24,1,266,1,
22389523,Spacious bungalow in prime location,162918008,1468585453752310511,Mark,,River,45.35913,-75.68509,Entire home/apt,,2,28,2026-02-22,0.27,1,0,4,STR-830-322
22518472,Century old home  in old Ottawa East. Bright home.,60310090,1466741434281742537,Chris,,Capital,45.4101,-75.67911,Entire home/apt,81,30,670,2026-05-31,6.50,2,111,3,STR-828-370
22527917,Cozy/Beautifully Renovated Apartment to Call Home,7354245,1462560486128945044,Lisa,,Somerset,45.41177,-75.70038,Entire home/apt,104,30,39,2026-01-25,0.38,20,358,1,
22573587,Cozy room near Ottawa Airport free parking,131438126,1468315674950437370,Rebecca,,Gloucester-South Nepean,45.31831,-75.59567,Private room,68,2,227,2026-06-12,2.20,3,294,45,STR-848-515
22637082,2-bedroom condo in Ottawa's Byward Market,91198620,1467102511083580840,Susan,,Rideau-Vanier,45.43031,-75.69455,Entire home/apt,39,120,0,,,1,362,0,
22731135,Welcome home again!,162947600,1468585739231972172,Marie De Fatima,,Cumberland,45.45734,-75.47427,Private room,,30,35,2025-06-23,0.35,2,0,0,
22766958,Ottawa Downtown perfect for families - long stays,168164299,1468626381420593441,Giulia,,Somerset,45.40725,-75.69838,Entire home/apt,,30,1,2018-07-21,0.01,1,0,0,
22918291,Gorgeous Historic Home By Civic Hospital & Transit,168893398,1468633517077406425,Mary-Anne,,Kitchissippi,45.391018,-75.724693,Entire home/apt,434,5,55,2026-06-21,0.54,1,33,13,STR-846-206
22944285,Cozy Room near Downtown | Panoramic city views,169943215,1468642783514862080,Ife,,Capital,45.41436,-75.672,Private room,40,30,20,2026-01-15,0.23,2,208,2,
22945187,The White House! Modern and fully equipped home!,169956932,1468642893078977479,Alina,,Cumberland,45.44841,-75.46737,Entire home/apt,418,2,191,2026-06-08,1.88,1,133,15,STR-824-281
23170612,"Wellington West - Modern, Clean Private Unit",45533805,1465676185726296402,George,,Kitchissippi,45.39941,-75.740295,Entire home/apt,269,5,141,2023-12-29,1.61,1,139,0,STR-826-150
23327109,*Near General + CHEO* Central 2 Bdrm w/ Parking,53170831,1465863319205284181,Caitlin,,Alta Vista,45.4056,-75.64082,Entire home/apt,187,2,189,2026-01-11,1.93,1,100,15,STR-844-061
23662242,"Cozy Furnished Basement, 10 minutes to the Airport",162003502,1463012247947456836,Dorothy,,Gloucester-Southgate,45.36091,-75.64078,Private room,93,1,106,2026-05-29,1.07,2,68,6,STR-827-319
23669514,"Bright 1 bedroom on the park, close to everything",14246735,1462933904915628498,Michael,,Capital,45.39582,-75.6762,Entire home/apt,100,30,71,2026-04-26,0.71,1,250,14,STR-837-875
23789190,Amazing Condo in Downtown Ottawa,77017395,1466943520243288764,Bryce,,Somerset,45.42091,-75.69871,Entire home/apt,114,30,16,2025-12-20,0.17,2,276,2,
23790873,Ottawa/Nepean Private Room 3 (book at least 30 n),42947566,1465637787161280567,⁨Hoang (Tano)⁩,,Knoxdale-Merivale,45.32479,-75.76219,Private room,41,30,37,2026-06-03,0.37,14,312,3,
23798529,"Bright, Clean, Private. In the Heart of Downtown!",25132604,1465335884707914536,Helen,,Somerset,45.41261,-75.69198,Entire home/apt,214,30,557,2026-05-31,5.53,2,87,1,
23801650,"Bright, clean, comfortable, well maintained home",87725075,1462842897561315299,Edward,,College,45.35044,-75.74982,Entire home/apt,91,60,4,2026-06-15,0.07,1,365,2,
23848918,Spacious open concept kitchen and living room.,133621412,1468334505243902909,Peter,,West Carleton-March,45.48327,-76.07349,Entire home/apt,349,3,313,2026-06-18,3.22,1,278,33,STR-826-814
23890346,Welcome to Maple Ridge - Ottawa East,120221422,1468223806105287762,Laurie,,Cumberland,45.50917,-75.4076,Entire home/apt,80,30,37,2026-05-31,0.41,1,111,3,STR-823-583
23978619,Cozy and Bright in Crystal Beach - West Ottawa,33060127,1465484131475884395,Frank,,Bay,45.35095,-75.83565,Entire home/apt,,2,153,2025-01-03,1.54,1,0,0,STR-828-948
24021582,Central Downtown Apartment 3BED+2BATH!,99268371,1467193508618893119,Jillian,,Rideau-Vanier,45.4306622,-75.6796682,Entire home/apt,116,31,0,,,1,239,0,
24166932,RUSTIC spacious room w. private bath& FREE parking,42714196,1465634581623527379,Amani,,Rideau-Rockcliffe,45.44656,-75.62861,Private room,53,30,67,2026-04-01,0.68,7,142,3,STR-832-217
24238975,Newly Renovated Basement Apt with Own Kitchen/door,126366771,1468272140960640739,Anahita,,Barrhaven,45.25332,-75.72787,Entire home/apt,32,90,19,2020-01-03,0.19,2,358,0,
24283050,Cosy Riverside South Townhome,102430581,1467229133336628478,Abir,,Gloucester-South Nepean,45.27611,-75.67766,Entire home/apt,353,1,273,2026-05-31,2.88,1,147,35,STR-843-105
24285470,Little Paradise in Orléans,183182738,1468946530441551041,Huguette,,Orleans,45.47487,-75.45421,Private room,60,30,6,2021-09-01,0.07,1,364,0,
24326614,The Pearl,99500083,1462869237668818270,Westhaven,,River,45.38121,-75.7253,Entire home/apt,72,30,91,2025-09-30,0.92,6,365,1,
24408730,Private Room-Orléans.,184264728,1468952387569109757,Steve,,Cumberland,45.4517,-75.49134,Private room,63,30,18,2019-11-18,0.19,1,267,0,
24429947,Westboro Comfort Pad,30933482,1465455470558597674,Emily,,Kitchissippi,45.3916,-75.74917,Entire home/apt,121,30,19,2026-05-04,0.19,1,236,2,STR-833-109
24491770,Private ensuite near airport. Free parking.,131438126,1468315674950437370,Rebecca,,Gloucester-South Nepean,45.3165,-75.59558,Private room,82,2,146,2026-06-17,1.47,3,355,22,STR-848-515
24712232,"Quiet Room (lge 5ft desk, pvt shower)",130509033,1468307577078356285,Paul,,Orleans,45.47718,-75.5524,Private room,,30,22,2023-06-11,0.22,3,0,0,
24771924,Charming Townhome Conveniently Located,111780473,1462899486884706513,Kristina,,Barrhaven,45.26633,-75.75383,Entire home/apt,281,3,159,2026-06-11,1.63,1,206,12,STR-829-190
24918111,"Brand New, Sandy Hill Downtown Ottawa 2 Bedroom",55668311,1462732345018021963,Paul,,Rideau-Vanier,45.42179,-75.67578,Entire home/apt,,365,48,2024-07-31,0.49,2,269,0,
24970491,Kanata Luxury Bedroom with Private Bathroom,188779765,1463093849647570722,Siarhei,,Kanata South,45.27823,-75.84094,Private room,102,3,68,2026-06-19,0.69,3,263,16,STR-829-603
25055564,"★ Beautiful, modern, Glebe Home with Garage★",28026087,1465413969045658058,Bartholomew Martin,,Capital,45.39923,-75.68727,Entire home/apt,705,3,166,2026-06-10,1.82,3,256,30,STR-826-632
25070608,Kanata Comfortable Bedroom 2 with Private Bathroom,188779765,1463093849647570722,Siarhei,,Kanata South,45.27694,-75.84228,Private room,80,3,91,2024-09-01,0.92,3,263,0,STR-829-603
25160423,Clean & Cozy private room in a house.,187592779,1463091058120977985,Wei,,Knoxdale-Merivale,45.35231,-75.70801,Private room,,30,14,2024-01-04,0.18,6,0,0,
25283892,Clean and cozy room in Kanata Lakes (North),150252038,1462984441161177482,Elena,,Kanata North,45.319952364491186,-75.93593923490378,Private room,39,30,22,2026-05-31,0.22,2,84,1,Exempt
25393066,Walk to Parliament Unit W/FreeParking,147909409,1468449537596073793,David,,Rideau-Vanier,45.43179,-75.68447,Entire home/apt,266,1,112,2026-06-12,4.39,1,96,56,STR-840-367
25567937,The Eight Twenty-Two,75720140,1466929938191809032,Sandra,,Bay,45.35891,-75.79452,Entire home/apt,290,2,62,2026-06-05,0.64,4,30,6,Exempt
25681816,General Hospital & CHEO Private Pad+Parking Space,33033666,1465483732453971188,Darlene,,Alta Vista,45.39625,-75.64742,Entire home/apt,170,5,92,2026-06-17,0.94,1,286,14,STR-845-411
25778371,Self check in spacious apartment with full kitchen,193728628,1463105590084894542,Tanvira,,Cumberland,45.46992,-75.46652,Entire home/apt,191,1,289,2026-06-21,2.96,1,39,45,STR-825-479
25779866,Entire 1 Bedroom Apt - Kanata Tech Park - Monthly,30645063,1462652291618721809,Karthik,,Kanata North,45.35518,-75.93711,Entire home/apt,66,30,44,2026-06-07,0.45,1,169,3,
26037054,Exclusive ZEN-STAY   +  free parking spot,47383724,1462706481688210052,Ana,,College,45.34254,-75.76482,Entire home/apt,366,1,67,2024-04-14,0.69,1,212,0,STR-835-893
26137200,Modern 2 bedroom suite centrally located. Free (P),21146125,1462616026851583636,Sakar,,Rideau-Rockcliffe,45.43806,-75.63836,Entire home/apt,79,28,52,2026-03-22,0.53,1,235,3,STR-826-397
26138206,"Absolutely Fabulous Westboro Home
Perfect Location",89558452,1467085039652757588,Carole,,Kitchissippi,45.3923,-75.74499,Entire home/apt,504,1,135,2026-04-29,1.47,1,23,14,STR-828-552
26168287,Cozy Basement Space( No seperate entrance),124307344,1468254983020687095,Yetti,,Kanata North,45.34586,-75.9352,Private room,93,1,178,2026-06-03,1.83,1,180,44,STR-844-450
26178074,Tiny Room Across uOttawa Steps To Downtown Ottawa,146743514,1462976440086375646,Frits,,Rideau-Vanier,45.42361,-75.67912,Private room,57,30,10,2022-06-26,0.14,28,365,0,Exempt
26199268,Heritage Building Facing Rideau Hall (90 day min),68579191,1466847307483911477,Martin,,Rideau-Rockcliffe,45.44395,-75.68331,Entire home/apt,39,90,37,2025-10-01,0.38,1,118,1,
26270793,2 Storey 2 Bedroom Penthouse steps from Parliament,23585304,1465275254219835239,Aidan,,Somerset,45.42074,-75.70008,Entire home/apt,152,30,1,2018-08-03,0.01,1,172,0,
26394484,Cozy private room with huge private bathroom,40418881,1465602453159253539,Regina,,Gloucester-Southgate,45.33915,-75.66909,Private room,72,1,243,2026-06-21,2.51,1,87,48,STR-827-171
26398272,A cozy bedroom close to Airport w/ parking,52123395,1462721978013893839,Will,,Gloucester-Southgate,45.36679,-75.63246,Private room,77,30,14,2020-02-02,0.15,2,87,0,
26399678,Luxurious Cozy Guest Suite,137682924,1468368190852215403,Narjisse,,Cumberland,45.44345,-75.48228,Entire home/apt,117,30,235,2025-06-24,2.42,1,269,1,STR-826-850
26446422,Private room in a 4 bedroom house in Ottawa (K),147118525,1468443199057480019,Peter,,Barrhaven,45.26533,-75.76557,Private room,92,1,82,2026-05-23,0.86,3,241,10,STR-844-576
26469292,One Bedroom Oasis in Hintonburg,13600939,1462915018219011597,Ida,,Kitchissippi,45.40606,-75.72494,Entire home/apt,85,30,26,2025-09-19,0.27,3,200,2,
26707453,Luxurious Waterfront house on Ottawa River,111780946,1462899488214540544,Awtar,,West Carleton-March,45.50893,-76.09389,Entire home/apt,524,2,119,2026-05-18,1.92,1,228,17,STR-847-857
26891777,Double guest room with shared bath in large home,155791470,1462996747276529491,Badri,,Gloucester-Southgate,45.36771,-75.63217,Private room,45,30,52,2025-09-30,0.54,3,138,1,
26985828,Peloton House Garden Suite,1878522,1462580721594927822,Ursula,,Rideau-Rockcliffe,45.44165,-75.68457,Entire home/apt,231,4,148,2026-05-18,1.54,2,86,20,STR-844-947
27026537,Calm Haven,117440724,1468201899145017857,Elsy,,Cumberland,45.46121,-75.45145,Private room,54,30,3,2025-05-21,0.18,1,365,0,Exempt
27159614,GLEBE Canal home steps to TD Place Lansdowne,80606723,1466981937970362933,Donna,,Capital,45.40319061279297,-75.68450927734375,Entire home/apt,685,1,303,2026-06-21,3.19,1,282,29,STR-854-929
27339117,2 rooms fully serviced apartment / suite,92695002,1462854026558450924,Plamen,,Alta Vista,45.38018,-75.64259,Entire home/apt,99,30,620,2026-06-21,6.44,1,78,61,STR-827-271
27340397,3Bdrm Stittsville/Kanata Townhouse/Dbl Car Garage,62841595,1466775530308438633,Pete,,Stittsville-Kanata West,45.28611,-75.92934,Entire home/apt,125,30,201,2026-06-17,2.11,2,324,27,STR-827-560
27357825,Ottawa Guest Suite,49790709,1465760568149230517,Nadia,,Bay,45.33912,-75.89582,Entire home/apt,88,31,47,2026-04-10,0.52,3,273,1,
27436497,Westboro bright spacious comfortable suite of rooms,26444850,1462637386094694345,Brenda,,Kitchissippi,45.37748,-75.75818,Private room,,30,3,2020-05-31,0.03,2,5,0,
27439023,Blissful Ottawa Home (Private Room 1),206785800,1469078797694346835,Raunak,,Barrhaven,45.27787,-75.73146,Private room,52,30,21,2025-09-01,0.22,1,89,1,
27507815,Indian Summer Town 1st floor,207396329,1469081938710249285,Jing Ping,,Rideau-Vanier,45.43105,-75.69247,Private room,49,30,131,2025-08-12,1.37,4,239,2,
27576756,Ottawa Bed,202913304,1469058797936498697,Yetunde,,Gloucester-South Nepean,45.27101,-75.69107,Private room,40,30,115,2020-03-13,1.21,2,319,0,
27637373,Spacious Quiet Home near Airport w/ Free Parking,43596839,1465647357456582462,Marko,,Gloucester-Southgate,45.37077713012695,-75.61666870117188,Entire home/apt,204,31,51,2026-04-10,1.71,1,204,12,STR-838-215
27670091,Rusticity in the city,19413797,1463078093923299365,Garaudy,,Rideau-Rockcliffe,45.44532,-75.65768,Entire home/apt,101,30,36,2023-07-15,0.43,1,87,0,
27766377,Room B biggest @ 2st floor in High Tech Kanata.,42947566,1465637787161280567,⁨Hoang (Tano)⁩,,Kanata North,45.35206,-75.92689,Private room,55,30,5,2026-05-31,0.05,14,325,1,
27766513,Room UC in High Tech Centre (book at least 30 n),42947566,1465637787161280567,⁨Hoang (Tano)⁩,,Kanata North,45.35329,-75.92539,Private room,51,30,18,2022-11-01,0.19,14,297,0,
27816842,Room MT in Kanata HighTech Centre (min 30 n),42947566,1465637787161280567,⁨Hoang (Tano)⁩,,Kanata North,45.35211,-75.92466,Private room,54,30,11,2024-04-30,0.13,14,254,0,
27816956,Room MB in Kanata High Tech center (min 30 n),42947566,1465637787161280567,⁨Hoang (Tano)⁩,,Kanata North,45.35217,-75.92538,Private room,52,30,20,2026-03-03,0.21,14,278,1,
27817173,Room MS in Kanata High Tech Centre (min 30 n),42947566,1465637787161280567,⁨Hoang (Tano)⁩,,Kanata North,45.35277,-75.92542,Private room,52,30,13,2025-10-01,0.14,14,240,1,
27882593,Room LW  in High Tech Centre (book at least 30 n),42947566,1465637787161280567,⁨Hoang (Tano)⁩,,Kanata North,45.35318,-75.92652,Private room,41,30,16,2025-12-19,0.18,14,240,2,
27883185,Room LA1 in Kanata High Tech Centre (min 30 n),42947566,1465637787161280567,⁨Hoang (Tano)⁩,,Kanata North,45.35281,-75.92658,Private room,,30,22,2026-03-31,0.23,14,1,2,
27883291,Room LB in Kanata High Tech Centre (min 30 n),42947566,1465637787161280567,⁨Hoang (Tano)⁩,,Kanata North,45.35271,-75.92485,Private room,41,30,12,2025-12-20,0.13,14,235,1,
27908481,Comfortable Clean Suite in Private House,119134007,1468215213730655774,Cyrus,,River,45.36565,-75.74152,Entire home/apt,94,30,90,2023-07-03,0.95,1,266,0,Exempt
28007283,Modern and Cozy Private Room!,66819187,1462772786390334675,Suhail,,Barrhaven,45.24754,-75.73691,Private room,,30,105,2025-08-17,1.10,3,0,1,
28082973,Modern luxury waterfront home in Sandy Hill,7852370,1462742856930295284,Zed,,Rideau-Vanier,45.42599,-75.67231,Entire home/apt,864,3,98,2026-06-18,1.03,1,320,14,STR-827-214
28104197,Private room in a house in Ottawa (Barrhaven) (A),147118525,1468443199057480019,Peter,,Barrhaven,45.26515,-75.76469,Private room,92,1,91,2026-06-13,0.96,3,243,15,STR-844-576
28161097,Your suburban neck of the woods,73947471,1466911139031747110,Jay,,Cumberland,45.43988,-75.48838,Private room,155,1,0,,,1,89,0,STR-829-269
28187641,Petrie Island Aroma Studio,54568570,1462729226400779455,Quantumluv,,Orleans,45.48871,-75.47532,Entire home/apt,69,30,160,2024-09-02,1.69,3,364,0,STR-827-605
28220270,"Beautifully Cultured, Modern 3 Bed in Westboro",7354245,1462560486128945044,Lisa,,Kitchissippi,45.39465,-75.75987,Entire home/apt,283,31,24,2023-02-03,0.26,20,121,0,STR-828-359
28254784,Indian Summer Town 2nd floor room 2A,207396329,1469081938710249285,Jing Ping,,Rideau-Vanier,45.43279,-75.69318,Private room,53,30,88,2024-09-01,0.93,4,341,0,
28256323,Indian Summer Town 3rd Floor,207396329,1469081938710249285,Jing Ping,,Rideau-Vanier,45.43283,-75.69185,Private room,60,30,83,2025-10-26,0.88,4,249,1,
28288351,Cozy apartment downtown w/ free parking,27712287,1465409228644350060,Christian,,Rideau-Vanier,45.43294,-75.69245,Entire home/apt,75,30,280,2026-06-01,2.95,3,268,1,
28288945,Beautiful apartment in heart of dt byward market,27712287,1465409228644350060,Christian,,Rideau-Vanier,45.43294,-75.69214,Entire home/apt,69,30,206,2023-10-16,2.17,3,327,0,
28438655,Clean quiet private room for you in a cosy home!,101032559,1467212590677204939,Maria,,Gloucester-South Nepean,45.27478,-75.71723,Private room,57,30,46,2022-06-08,0.49,1,263,0,
28486811,Stunning 2 bedroom Basement Suite,40739332,1465606736326894687,Maureen,,Beacon Hill-Cyrville,45.44203,-75.599,Entire home/apt,190,1,109,2026-06-22,1.16,1,76,15,STR-855-985
28606702,Basement  in a house,202913304,1469058797936498697,Yetunde,,Gloucester-South Nepean,45.271992897813995,-75.69254683584764,Private room,109,1,14,2026-05-12,1.40,2,355,14,Exempt
28742137,Ottawa's Golden Triangle Haven!,10233343,1462835051620286784,Roshanak,,Somerset,45.41935,-75.69281,Entire home/apt,,50,27,2020-08-30,0.29,1,16,0,
28833982,The Annex Hideaway,84620083,1462836126078870240,Yu,,Cumberland,45.37313,-75.26836,Entire home/apt,183,2,5,2019-11-03,0.05,1,59,0,STR-829-565
28836403,Modern Design Luxury- ByWardMarket/UofO/Parliament,2676852,1462604587112738443,Luc,,Rideau-Vanier,45.42838,-75.6881,Entire home/apt,158,30,29,2026-05-12,0.31,1,330,2,
28890866,Modern Lūx Apartment In Quiet Neighborhood,47934714,1529317757119726370,Mélanie,,Beacon Hill-Cyrville,45.42171,-75.60637,Entire home/apt,151,30,218,2025-08-03,2.34,1,364,3,STR-827-207
29021384,*Modern Suite + Underground Parking [Downtown],6237251,1462701394069050688,Joy,,Somerset,45.41221237182617,-75.69603729248047,Entire home/apt,101,30,19,2024-07-31,0.21,3,308,0,
29103113,"Downtown Air BnB Apartment
3 bedroom, free parking",59083027,1466711517414440522,Daniel,,Somerset,45.41326,-75.69892,Entire home/apt,182,1,164,2023-08-27,1.75,2,134,0,Exempt
29121732,Hidden Gem in Beautiful Downtown Ottawa,66318421,1462771502888966807,Olivier,,Rideau-Vanier,45.42799,-75.68211,Entire home/apt,108,30,132,2026-02-24,1.43,1,317,2,
29145428,Alta Vista Studio,51015489,1465791372233798636,Simon,,Alta Vista,45.40817,-75.64118,Entire home/apt,66,30,45,2026-03-28,0.48,1,112,1,
29164783,CARLINGWOOD ACCOMMODATIONS - Just West of Downtown,31409437,1465461894345853147,Brenan,,Bay,45.37085,-75.76777,Entire home/apt,158,3,178,2026-06-17,1.91,1,198,28,STR-845-135
29261600,1 Bedroom Entire Apartment Downtown Ottawa!,203101865,1463147091020770050,⁨Jahan ( Said )⁩,,Rideau-Vanier,45.42799,-75.68389,Entire home/apt,77,30,27,2020-01-05,0.29,1,365,0,
29284664,Governor's Gate,40653407,1465605597204273211,David,,Rideau-Rockcliffe,45.44224,-75.68711,Entire home/apt,106,30,53,2020-05-05,0.58,1,115,0,
29367845,2ByWard Market with Parking //Unbeatable Location!,217647211,1469144319674650030,Alison,,Rideau-Vanier,45.43239,-75.69201,Entire home/apt,72,30,290,2025-07-31,3.10,1,101,1,
29428883,VIP Home.a. with rooms and free parking,28278044,1465417478021853772,Dragan,,Beacon Hill-Cyrville,45.45449,-75.61792,Private room,188,1,56,2025-09-27,0.63,3,13,1,STR-842-924
29563771,Central & Clean 2bdrm Apartment with Parking for 2,7354245,1462560486128945044,Lisa,,College,45.36282,-75.7533,Entire home/apt,145,30,36,2026-05-31,0.39,20,207,5,Exempt
29684857,Your Home away from Home,104766537,1462882150070080395,Marc,,Capital,45.37246,-75.66813,Entire home/apt,143,1,830,2026-06-21,9.06,1,249,141,STR-855-671
29729578,Heritage home near Byward Market downtown Ottawa,81875539,1462830016538244378,Breathe Vacation Rentals,,Rideau-Vanier,45.43243469999999,-75.6948158,Entire home/apt,506,1,298,2026-05-31,3.21,4,78,40,STR-849-135
29756753,Your Home Away From Home in Historic Carlington,66467315,1466821360532180711,Ahmed,,River,45.38038,-75.7288,Entire home/apt,147,2,110,2026-06-19,1.33,2,282,11,STR-844-044
30154567,Lovely home in trendy Hintonburg,3588890,1462633259715339216,Justyna,,Kitchissippi,45.40208,-75.7216,Entire home/apt,115,30,8,2025-10-02,0.09,1,53,3,
30348817,basement  apt with own kitchen and separate door,126366771,1468272140960640739,Anahita,,Barrhaven,45.25326,-75.7277,Entire home/apt,33,90,5,2019-08-18,0.05,2,358,0,
30398354,Beautiful Modern Three Bedroom with Parking!,7354245,1462560486128945044,Lisa,,College,45.36266,-75.7521,Entire home/apt,238,30,49,2025-10-02,0.54,20,343,2,Exempt
30398918,"Large 5 Bed Home for Families, Groups, Colleagues",7354245,1462560486128945044,Lisa,,College,45.36307,-75.75333,Entire home/apt,273,31,2,2025-01-08,0.03,20,358,0,
30429886,IN THE HEART OF DOWNTOWN OTTAWA 2BR APARTMENT,22350228,1462620857691149749,Jenny,,Rideau-Vanier,45.43072,-75.69282,Entire home/apt,280,1,553,2026-06-07,6.07,15,273,72,STR-827-373
30448355,JstLikeHome - Downtown Suites Family Suite,27076237,1462639715190195774,Roy,,Rideau-Vanier,45.43126,-75.6755,Entire home/apt,,30,259,2023-11-03,2.82,5,287,0,Exempt
30468125,CHARMING AND CLEAN BEDROOM + PRIVATE BATHROOM,228746089,1469218709588840959,Annie,,Bay,45.38022,-75.77411,Private room,100,30,2,2019-08-13,0.02,1,270,0,
30593477,Hanging in Hip Hintonburg / Little Italy,24143587,1465283720381617177,Nick,,Somerset,45.40693,-75.71062,Entire home/apt,,30,7,2019-01-27,0.08,1,0,0,
31015568,4 BD 2.5 BA Home by Centrum Mall & Signature Plaza,128158398,1468287259339019745,Samuel And Jonathan,,Kanata North,45.311641693115234,-75.92218780517578,Entire home/apt,172,30,192,2025-12-20,2.10,1,304,2,
31122166,Private Coach House with a Loft,140940544,1462963849369585442,Nathan,,Rideau-Rockcliffe,45.42478,-75.66144,Entire home/apt,144,30,357,2026-05-31,3.92,1,207,12,STR-827-020
31123774,"Entertaining 3BD/2BA w/parking, pool table & Wi-Fi",1139877,1462538049386445992,Camille,,River,45.3547,-75.66978,Entire home/apt,349,1,390,2026-06-15,4.29,1,19,66,STR-844-748
31161223,Queen Mary Double Bed,99145370,1467192121662997239,Christopher,,Rideau-Rockcliffe,45.42593,-75.65416,Private room,40,30,25,2024-08-01,0.27,2,327,0,
31221402,Space in a family home: very close to the airport!,233515498,1463244056498421007,Catherine And Buuma,,Gloucester-South Nepean,45.32749,-75.59417,Entire home/apt,93,30,11,2020-03-01,0.12,1,179,0,
31257925,One Bed Walk-Out Apt with Office/ Beautiful View,27699005,1465408996799713095,Wei,,Kanata North,45.31898,-75.94293,Entire home/apt,98,31,29,2026-03-12,0.32,3,232,4,
31288863,Kanata Comfortable Bedroom 1 with Private Bathroom,188779765,1463093849647570722,Siarhei,,Kanata South,45.27848,-75.84293,Private room,80,3,56,2025-12-15,0.66,3,327,1,STR-829-603
31308462,Chic and Central Pied a Terre,18327084,1463052059571887352,Sheelagh,,Capital,45.39356,-75.68198,Entire home/apt,222,30,0,,,1,270,0,
31339111,Stylish and Comfortable  2BdRm Townhouse,199967704,1469042924551455087,Laibin,,Rideau-Goulbourn,45.23963,-75.73147,Entire home/apt,174,30,106,2025-12-26,1.22,1,340,2,
31406491,Modern studio 5 min to airport - separate entrance,235240133,1469252423234692504,Ivan,,Gloucester-Southgate,45.35363,-75.64229,Entire home/apt,,45,99,2025-08-20,1.10,3,31,1,STR-828-930
31437343,Luxury Exec Apt Top Floor (Long term Ottawa South),170048687,1468643621544755080,Rose-Alexis,,River,45.36729,-75.68831,Entire home/apt,113,30,63,2026-02-04,0.70,1,327,1,
31512851,Camping in Ottawa in this beautiful new RV,29052150,1465428242648439004,Jean,,Gloucester-Southgate,45.34741,-75.62446,Entire home/apt,178,30,0,,,1,179,0,
31519126,Superb Location. Bright & Cozy. 31 Day Minimum.,13655068,1462918423076193162,Edward,,Rideau-Vanier,45.42971,-75.6945,Entire home/apt,109,31,105,2025-08-30,1.17,2,195,1,
31895390,Country Paradise in Beckwith,200839127,1469047993594377977,Sherry,,Rideau-Goulbourn,45.14182,-75.94983,Entire home/apt,90,30,8,2022-05-31,0.09,1,83,0,
32004058,"Fully furnished ""R"" Studio in downtown Ottawa",128012874,1462934966731596450,Andriy & Nataliya,,Rideau-Vanier,45.429346,-75.68887,Entire home/apt,88,31,103,2026-05-02,1.15,2,183,2,
32113836,Comfortable Bedroom in Kanata w/Queen Bed,240922340,1469280591201120048,Roushan,,Kanata North,45.35324,-75.91905,Private room,54,30,83,2022-06-03,0.93,1,90,0,
32195113,Fully furnished 3-bdrm Townhouse in Halfmoon Bay,124771357,1468258894218499578,Sophia,,Barrhaven,45.24694337681008,-75.74174542804558,Entire home/apt,124,30,4,2026-01-10,0.13,1,115,1,
32466471,Private Room in a Friendly Family Home,1755714,1462520160787387994,Janice And Garry,,College,45.34876,-75.78437,Private room,33,30,23,2026-01-07,0.27,3,178,2,
32597828,"1 Bedroom Apartment, 5m to Hwy417, 15m to Downtown",176833153,1463066617017525853,Sarel,,River,45.37514,-75.7302,Entire home/apt,137,1,387,2026-06-21,4.35,2,148,58,STR-854-027
32694919,"Newly Renovated Flat with Everything, Free Parking",148389483,1468453271853470083,Phil,,Somerset,45.40484,-75.71257,Entire home/apt,96,30,37,2020-12-24,0.42,2,267,0,
32741339,Basement apt br in quiet & safe area(2),79022943,1462823555782223337,Yunjung & Jason,,College,45.34664,-75.77762,Private room,11,100,17,2025-12-20,0.20,1,299,1,
32813522,Modern Multi-Level Apartment in Centretown Ottawa,243989772,1469294806729919692,Remote Host,,Somerset,45.409,-75.69487,Entire home/apt,149,30,145,2025-08-22,1.65,2,365,1,STR-482-762
32910956,Desirable Private Bedroom in Female Only Residence,247607805,1463291639344645866,Murray,,Rideau-Vanier,45.42355,-75.67918,Private room,54,30,30,2024-08-30,0.34,10,174,0,
32983146,★ Mid Century Condo ★ Steps from Parliament Hill ♛,17208404,1462601376588066849,Joel,,Somerset,45.41933,-75.69998,Entire home/apt,90,30,111,2026-03-02,1.25,2,199,4,
33244827,Furnished Basement Appt,63526467,1466784169818736924,Calvin,,Gloucester-South Nepean,45.31561,-75.59842,Private room,120,30,4,2020-06-18,0.05,1,90,0,
33286171,Big basement close to airport,250668148,1469328781841419669,Basem And Catherine,,Gloucester-South Nepean,45.26983,-75.72757,Private room,111,1,422,2026-06-21,4.84,1,301,66,STR-843-209
33288082,Traveller's Nest - Your Cozy Home in Ottawa,2133136,1462587207006722330,Scott & Hong,,Capital,45.41009,-75.67785,Entire home/apt,180,5,117,2026-05-05,1.36,1,21,20,STR-842-242
33308545,Bright Room near Ottawa Airport in Riverside South,7579497,1462735718704479155,Helene,,Gloucester-South Nepean,45.28551,-75.68119,Private room,46,30,0,,,1,88,0,
33353050,1 - Long Term Room w Desk & TV in Little Italy,251248610,1463301449357017855,Maxim,,Somerset,45.41036,-75.718,Private room,81,30,37,2025-10-22,0.43,1,364,2,
33543642,Belle Gite in Historic Downtown Ottawa,45069707,1465669032474077586,Beth,,Rideau-Vanier,45.43376,-75.69165,Entire home/apt,229,1,159,2026-06-20,3.22,1,111,27,STR-827-690
33630592,Heritage home in prime Byward Market location,81875539,1462830016538244378,Breathe Vacation Rentals,,Rideau-Vanier,45.43050890000001,-75.69402699999999,Entire home/apt,,25,97,2025-12-30,1.10,4,0,5,STR-826-702
33658868,Private room in a 4 bedroom home in Barrhaven (R),147118525,1468443199057480019,Peter,,Barrhaven,45.26711,-75.76476,Private room,103,1,22,2025-05-25,0.25,3,158,0,STR-844-576
33910089,Shadi's place,208380498,1469086999293972213,Shadi,,Rideau-Vanier,45.43931,-75.6756,Private room,125,30,72,2023-10-22,0.82,1,365,0,Exempt
33912137,Unique Coach House Experience right Downtown,85297148,1467028662565408108,Short And Suite BnB,,Kitchissippi,45.40376,-75.72085,Entire home/apt,,30,217,2026-03-02,2.48,28,0,26,STR-824-284
33912534,Charming Private Bedroom in Female Only Residence,247607805,1463291639344645866,Murray,,Rideau-Vanier,45.42352,-75.67917,Private room,41,30,18,2026-05-01,0.21,10,212,2,
33915245,Master Bedroom & Bathroom in Female only Residence,247607805,1463291639344645866,Murray,,Rideau-Vanier,45.42352,-75.67917,Private room,,30,14,2019-08-31,0.16,10,0,0,
33944799,Queen Mary Master Bedroom,99145370,1467192121662997239,Christopher,,Rideau-Rockcliffe,45.425133487341085,-75.65237015014503,Private room,51,31,11,2023-05-28,0.13,2,201,0,
33972402,Reno'd 2 BD in Hintonburg  Balcony & Parking,256527069,1463314261847563831,Jennifer,,Kitchissippi,45.40439,-75.72244,Entire home/apt,259,1,633,2026-06-21,7.39,1,85,101,STR-827-379
34107502,Great Location! Modern 1 Bedroom with Parking,7354245,1462560486128945044,Lisa,,Somerset,45.41093,-75.69473,Entire home/apt,153,30,13,2026-05-09,0.16,20,346,4,
34116706,Carsonby Garden Farms,257602414,1469360998087085032,Tanya,,Rideau-Goulbourn,45.18093,-75.70855,Entire home/apt,236,30,5,2020-01-02,0.06,1,270,0,
34342509,Private Unit byAirport/Southkeys/CarletonU,259277411,1469369701038436772,Nidaa,,Gloucester-Southgate,45.36239,-75.64872,Entire home/apt,70,30,7,2024-11-03,0.08,1,174,0,
34450100,"Bright, central, spacious 2 BR, 2 bath with den",1479863,1462546964167396871,Linda,,College,45.36189,-75.76489,Entire home/apt,244,1,298,2026-05-31,3.45,1,79,35,STR-825-033
34506323,"Luxury 2 BR, 2 Bath Condo, 5 min from the Canal!",260436209,1469376126846280259,Luka,,Somerset,45.42102,-75.69876,Entire home/apt,168,30,58,2026-06-12,0.67,1,332,3,
34511425,Master Bedroom with En-suite in Modern Townhouse,229890764,1469225438185445313,Ray,,College,45.31123,-75.8257,Private room,106,2,48,2026-06-22,0.68,2,357,12,STR-828-064
34512835,Séjour agréable et sécuritaire,248583680,1469318071338603418,Marie Noel,,Cumberland,45.4724,-75.47585,Private room,89,30,19,2022-02-22,0.22,1,323,0,
34543472,Spacious Modern Townhouse In Quiet Area,229890764,1469225438185445313,Ray,,College,45.31042,-75.82679,Private room,117,2,39,2026-05-28,0.45,2,345,7,STR-828-064
34753591,The Craftsman’s Home,4255358,1462651788060673570,Patrick,,River,45.38684,-75.7257,Entire home/apt,455,5,103,2026-05-30,1.19,1,24,13,STR-827-243
34895985,Urban Elegance Ottawa,263020445,1469391086004947968,Tony,,Somerset,45.40928,-75.70393,Entire home/apt,145,30,104,2025-08-07,1.21,1,278,2,
35037773,Private Lower Level Walkout Suite,254619986,1463310388238686657,Cory,,Gloucester-South Nepean,45.26041,-75.7098,Entire home/apt,,30,0,,,2,365,0,
35154955,Spacious Basement Apt. 5 Mins from Carleton & Bank,152737295,1468497855421792587,Fahimeh,,River,45.35779,-75.70538,Entire home/apt,207,2,29,2026-05-24,0.35,1,148,4,STR-849-626
35164641,OTTAWA  VACATION,198897726,1469036475133516162,George,,Gloucester-Southgate,45.35829,-75.65087,Private room,83,30,4,2022-06-27,0.05,1,90,0,
35217926,The Upper Ten,75720140,1466929938191809032,Sandra,,Bay,45.35223,-75.80376,Entire home/apt,110,30,19,2026-05-15,0.23,4,280,2,
35231014,Penthouse Living! Luxury Home Heart of Downtown,109726562,1467327763635004005,Tara,,Somerset,45.41255,-75.70089,Entire home/apt,450,4,134,2026-06-21,1.57,2,136,31,STR-845-158
35263279,Golden Comfy Relaxation.,184084496,1468951430151040011,Temi,,Beacon Hill-Cyrville,45.44643,-75.59853,Private room,42,30,4,2021-10-02,0.05,1,365,0,
35282859,Private basement suite with free parking,265631185,1463338584221657148,Mathew,,Stittsville-Kanata West,45.27005,-75.94646,Entire home/apt,67,30,95,2025-12-01,1.11,1,140,2,
35339049,ByWard Market/Downtown Ottawa Bachelor Apartement,266054606,1469407046041937228,Danielle,,Rideau-Vanier,45.43046,-75.69466,Entire home/apt,113,30,171,2026-05-31,2.01,5,246,5,
35348834,Chez Clö/Cozy basement apartment,59741737,1466724814034436415,Claudine,,Rideau-Rockcliffe,45.43602,-75.64761,Entire home/apt,,30,3,2026-04-30,0.04,1,26,1,
35352676,Fully Furnished Clean & Cozy Private Bedroom,187592779,1463091058120977985,Wei,,Knoxdale-Merivale,45.35237,-75.70992,Private room,32,30,16,2025-07-01,0.20,6,202,1,
35465673,Indian Summer Town 2nd floor Room 2B,207396329,1469081938710249285,Jing Ping,,Rideau-Vanier,45.4317,-75.69294,Private room,,30,94,2026-06-23,1.09,4,42,1,
35489413,Co-habit w young professionals Ottawa ED 4,3201295,1462622442416896913,Greg And Valerie,,College,45.35930160318273,-75.74668929976151,Private room,41,31,1,2020-04-28,0.01,8,96,0,
35564596,Emerald Meadows (Kanata South) 2-bdrm Townhouse,2510838,1462597108237188413,Kelly,,Kanata South,45.27516,-75.84442,Entire home/apt,,30,64,2026-03-28,0.75,1,0,1,
35576045,Central Park area - 15-20 minutes to Parliament,265631651,1469405030313192366,Alina,,River,45.36881,-75.74179,Private room,90,30,17,2024-06-01,0.20,1,365,0,
35684908,Very clean and Zen home !,31505688,1465463097606624155,Philippe,,Rideau-Vanier,45.43324,-75.66386,Private room,45,30,20,2025-07-25,0.69,1,293,1,STR-220-565
35795770,1 Guest in shared Furn’d beautiful 3 bedrooms Apt.,34602819,1462665869527919321,Christine,,Rideau-Vanier,45.4271,-75.67817,Private room,49,30,11,2026-05-01,0.14,13,242,2,
35848407,Spacious 1 BR w/ free parking & private patio,5148584,1462673976540287772,Alex,,Rideau-Rockcliffe,45.42597,-75.66461,Entire home/apt,482,2,168,2026-06-05,3.19,1,192,33,STR-843-337
35871225,1 Guest in Shared Immaculate Furn'd 3 bedroom Apt.,34602819,1462665869527919321,Christine,,Rideau-Vanier,45.42571,-75.67829,Private room,49,30,18,2026-05-02,0.22,13,290,2,
36118178,5bdrm Sauna/Hottub/Arcades/Close to DT and Beach,36571261,1465544727739458166,Lianna,,Bay,45.35685,-75.7947,Entire home/apt,899,1,329,2026-05-28,3.98,2,138,39,STR-843-597
36146582,"Beautiful, Clean, Quiet 2 BR- In Downtown Ottawa.",25132604,1465335884707914536,Helen,,Somerset,45.41256,-75.69302,Entire home/apt,284,1,396,2026-06-28,4.76,2,1,29,STR-848-876
36258929,Luxury Downtown 1BR Suite,61161542,1466752991516750061,Maysa,,Somerset,45.41991,-75.69897,Entire home/apt,55,40,13,2020-01-03,0.15,3,158,0,
36314081,Luxury 2 Bedrooms with Parking close to Airport,190825443,1468990944855768537,Shabnam,,Gloucester-Southgate,45.34334,-75.66476,Entire home/apt,108,30,139,2026-01-25,1.66,1,173,39,STR-837-663
36344364,"Private, one bedroom apt. No pets. No smoking.",261074186,1469379747877028893,Dory,,Beacon Hill-Cyrville,45.44632,-75.6093,Entire home/apt,70,30,246,2026-05-17,3.85,2,194,34,STR-827-129
36564617,Immaculate Furnished compact Studio in Sandy Hill,34602819,1462665869527919321,Christine,,Rideau-Vanier,45.42707,-75.67646,Entire home/apt,68,30,21,2026-05-15,0.29,13,61,5,
36566037,3 bedroom west end town home close to CTC,41637724,1465619174879925927,Caroline,,Stittsville-Kanata West,45.2828,-75.92524,Entire home/apt,128,30,65,2025-04-20,0.77,1,267,0,
36652563,Les Suites Hotel - Modern 1 Bedroom Queen Suite,257766547,1469361918475799642,Les Suites Hotel Ottawa,,Rideau-Vanier,45.4263,-75.68849,Hotel room,280,1,66,2026-06-09,0.79,3,315,15,Exempt
36652931,Les Suites Hotel - Modern 1 Bedroom King Suite,257766547,1469361918475799642,Les Suites Hotel Ottawa,,Rideau-Vanier,45.4263,-75.68849,Hotel room,303,1,61,2026-05-27,0.77,3,343,6,Exempt
36652933,Les Suites Hotel - Modern Two Bedroom Family Suite,257766547,1469361918475799642,Les Suites Hotel Ottawa,,Rideau-Vanier,45.4263,-75.68904,Hotel room,417,1,176,2026-06-07,2.12,3,297,33,Exempt
36694535,Renovated 2 Bdrm with Parking minutes to Downtown,7354245,1462560486128945044,Lisa,,Rideau-Rockcliffe,45.42669,-75.65637,Entire home/apt,113,5,38,2026-05-26,0.45,20,278,5,Exempt
36732379,Sandy Hill Beauty,276103947,1469456088460285666,Emilie,,Rideau-Vanier,45.43077,-75.67467,Entire home/apt,153,30,31,2023-08-31,0.43,1,365,0,
36831364,"Family home in Barrhaven, Ottawa Canada.",256351425,1469354534882232906,Chikezirim,,Gloucester-South Nepean,45.2734,-75.72669,Entire home/apt,244,3,123,2026-06-21,1.48,1,194,39,STR-830-669
36967806,La Petite Maison,138035398,1468371051800330295,Eric,,Alta Vista,45.39569,-75.63286,Entire home/apt,,30,68,2026-05-24,0.81,1,0,1,STR-824-810
37056126,Turn Key 100 percent Fully Furnished House,198521862,1469034395507989960,Ali,,Bay,45.3558,-75.79333,Entire home/apt,,30,50,2022-06-06,0.59,1,0,0,
37061257,"Private Room close to airport, female guest only",175818482,1463064372806805936,Cristine,,River,45.349,-75.66149,Private room,115,1,14,2025-09-06,0.17,2,358,1,Exempt
37297206,cozy 2 bedrooms semi-basment. Close to downtown,160515742,1463008412626716766,Leilany,,Rideau-Rockcliffe,45.42668,-75.65425,Entire home/apt,220,2,276,2026-06-19,3.29,1,309,45,STR-855-655
37333944,Victoria ! 1890's Victorian Downtown Ottawa .,55668311,1462732345018021963,Paul,,Rideau-Vanier,45.42147,-75.67539,Entire home/apt,491,2,297,2026-06-20,3.54,2,91,54,STR-824-250
37530280,Cozy Double Guest Room with Shared Bath,155791470,1462996747276529491,Badri,,Gloucester-Southgate,45.36805,-75.6311,Private room,45,30,40,2022-01-02,0.48,3,98,0,
37599915,Westboro Townhouse 1 Bedroom & Office Free Parking,131074974,1468312523740642585,Tim,,Kitchissippi,45.39688,-75.75064,Private room,80,30,0,,,1,89,0,
37855919,Beautiful townhouse in Orleans near everything,63527294,1462753460162964787,Anita,,Orleans,45.48468,-75.50457,Entire home/apt,203,30,2,2019-09-16,0.02,1,364,0,
37943891,Safe Haven,140340117,1468388850992453340,Fatima,,Rideau-Rockcliffe,45.43636,-75.63948,Private room,,30,42,2022-08-25,0.51,1,0,0,Exempt
38018009,"Plan a Peaceful, comfortable stay by choosing us",885067,1462532313160742329,Mest,,Bay,45.351,-75.82681,Entire home/apt,,30,17,2025-07-31,0.21,1,0,1,
38128159,Cozy home steps to ByWard Market and Parliament,7389275,1462730637571981158,Richard,,Rideau-Vanier,45.43129,-75.69216,Entire home/apt,144,30,39,2025-09-02,0.48,2,127,2,
38183714,"Hidden Gem, Clean 1 BDR, Charming Neighbourhood !",290148260,1469508197292316270,Vincent,,Rideau-Rockcliffe,45.44191,-75.67793,Entire home/apt,72,30,34,2025-12-16,0.41,5,365,3,STR-000-000
38271811,1 Guest for Immacul. Furn'd 4 Bedrms. Shared Apt.,34602819,1462665869527919321,Christine,,Rideau-Vanier,45.42747,-75.67702,Private room,49,30,8,2026-05-01,0.16,13,277,2,
38291331,Historic luxury townhouse - Long term flat rate,358100,1462516522357177781,Alexandre,,Rideau-Vanier,45.43341,-75.69865,Entire home/apt,169,30,35,2024-07-01,0.42,1,341,0,
38461718,Beautiful bachelor unit in the heart of Ottawa,293238292,1463399653694816421,Auday,,Alta Vista,45.39644,-75.62441,Entire home/apt,87,30,101,2025-08-30,1.92,2,359,4,STR-826-871
38479265,Exec master suite  w/En-suite bath/Core/Canal,126596738,1468274188109488102,Tara,,Somerset,45.41889,-75.68415,Private room,245,1,126,2026-06-18,1.54,5,325,26,STR-842-907
38481023,Downtown/Canal -Modern Quiet Suite/Deck,126596738,1468274188109488102,Tara,,Somerset,45.41922,-75.68532,Private room,165,1,161,2026-06-21,1.97,5,341,38,STR-842-907
38481844,Downtown Core/Canal-Modern Quiet Room,126596738,1468274188109488102,Tara,,Somerset,45.41887,-75.68357,Private room,166,1,172,2026-05-30,2.10,5,328,26,STR-842-907
38482681,"Downtown/Canal-Modern, ensuite room",126596738,1468274188109488102,Tara,,Somerset,45.41798,-75.68431,Private room,172,1,197,2026-06-15,2.41,5,312,62,STR-842-907
38483156,"Downtown/canal-Modern, Quiet Room w/Private Bath",126596738,1468274188109488102,Tara,,Somerset,45.41803,-75.68377,Private room,172,1,158,2026-05-25,1.93,5,335,35,STR-842-907
38679050,Master Bdrm w/ Ensuite Spa Bathroom and Breakfast,106843736,1467295320970880686,Stephanie,,Rideau-Rockcliffe,45.45522,-75.68618,Private room,126,30,3,2022-06-01,0.04,1,269,0,
38695120,FEMALE HOUSEHOLD accepting applications,295821451,1469524863878562423,Cynthia,,College,45.36209,-75.74745,Entire home/apt,259,30,0,,,1,363,0,
38729312,Co-habit w/young professionals Ottawa ED 2,3201295,1462622442416896913,Greg And Valerie,,College,45.35996,-75.74846,Private room,19,60,2,2024-08-18,0.06,8,117,0,
38746753,"Beautiful Spacious apartment, close to downtown",193272990,1469005664220531967,Bich Nguyen,,Somerset,45.4116,-75.71268,Entire home/apt,150,3,92,2026-05-25,1.15,1,336,20,STR-830-211
38758177,Blossom Park Cozy Basement Studio,296385586,1469527130376739900,Jonathan,,Gloucester-Southgate,45.34721,-75.63098,Entire home/apt,128,1,384,2026-06-25,4.70,1,205,35,STR-827-817
38936178,Arc Studio-Netflix/Disney+/Pancake-Popcorn/Firepla,54568570,1462729226400779455,Quantumluv,,Orleans,45.4888,-75.47542,Entire home/apt,96,30,79,2025-06-29,0.96,3,270,2,STR-827-605
39031376,Bright & Cozy Bachelor Apartment,18223493,1463039087029807913,Martin,,Rideau-Vanier,45.43618,-75.65343,Entire home/apt,51,30,33,2026-04-30,0.41,1,174,3,
39212680,Pied-à-Terre in the Glebe,59055077,1462741699853992903,Randa,,Capital,45.40369,-75.7002,Entire home/apt,,30,12,2026-01-16,0.15,1,0,3,STR-123-123
39269025,Trendy Spacious One Bedroom Apartment,34182922,1465500838126878377,Pamela,,Rideau-Vanier,45.43796,-75.67199,Entire home/apt,122,30,3,2021-04-30,0.04,1,179,0,
39389038,Zen Studio -Netflix-Popcorn-Pancakes-Disney+/beach,54568570,1462729226400779455,Quantumluv,,Orleans,45.4882,-75.47581,Entire home/apt,79,30,106,2024-04-05,1.30,3,270,0,STR-827-605
39479629,STYLISH-MODERN Condo heart DT Ottawa !,52109064,1465825437479998055,Roshan,,Somerset,45.42087,-75.69852,Entire home/apt,99,30,17,2020-11-11,0.21,1,59,0,
39670284,Sunshine studio - great studio -heart of downtown,31261767,1465459910839429975,Marni,,Somerset,45.41488,-75.69864,Entire home/apt,59,30,329,2026-05-25,4.07,1,298,7,STR-831-826
39673922,Furnished room available in uplands close airport,294930414,1469522356879895969,Iffat,,River,45.3477,-75.6702,Private room,454,30,0,,,1,268,0,
39796462,Cozy Quiet Carp Location,217206840,1469141228978560612,Kerry,,West Carleton-March,45.34475,-76.00824,Private room,113,1,37,2026-06-07,0.98,1,312,14,STR-847-443
39924808,Private basement suite,17885567,1463031189967994622,Sandra,,Gloucester-South Nepean,45.28268,-75.67294,Private room,152,2,40,2026-06-01,0.50,1,92,14,STR-851-154
40002576,A private room in a cozy bungalow,170204121,1468644819436729371,Naresh,,Alta Vista,45.39717,-75.62734,Private room,38,30,50,2025-10-07,0.62,2,90,2,STR-827-149
40006872,"Old Ottawa South 1bdm apartment, #832041",47066992,1465705825662544189,Julie,,Capital,45.39528,-75.67989,Entire home/apt,197,2,72,2026-04-24,0.93,1,107,22,STR-832-041
40287607,Large Century Home in Glebe,6699109,1462713067586499123,Corey,,Capital,45.39935,-75.69692,Entire home/apt,,3,5,2026-05-19,0.09,2,0,1,STR-848-056
40482428,Spacious Private bedroom + balcony for rent!,11301616,1462861747859397228,Luisa,,River,45.34955,-75.67881,Private room,36,30,6,2026-04-05,0.14,2,307,2,
40597994,"Chic, Renovated Unit with Parking & All Amenities",148389483,1468453271853470083,Phil,,Somerset,45.40625,-75.71391,Entire home/apt,96,30,5,2020-08-31,0.06,2,267,0,
40658761,BOHO BOUTIQUE IN THE HEART OF THE BYWARD MARKET,22350228,1462620857691149749,Jenny,,Rideau-Vanier,45.43008,-75.69108,Entire home/apt,101,30,422,2025-11-25,5.32,15,364,19,STR-829-111
40659717,Modern family home in ByWard Market,7389275,1462730637571981158,Richard,,Rideau-Vanier,45.43287,-75.68955,Entire home/apt,201,30,42,2025-10-10,0.53,2,313,1,
40753126,"Studio w/kitchen, 5m to Hwy 417, 15m to Downtown",176833153,1463066617017525853,Sarel,,River,45.37546,-75.72835,Entire home/apt,131,1,358,2026-06-17,4.52,2,161,42,STR-854-027
40869648,𝐖𝐡𝐨𝐥𝐞 𝐏𝐫𝐢𝐯𝐚𝐭𝐞 𝐀𝐩𝐚𝐫𝐭𝐦𝐞𝐧𝐭,529945035,1529335276187486916,Tamer,,Barrhaven,45.24541,-75.73332,Entire home/apt,69,30,37,2026-04-13,0.47,1,266,5,
40871676,"Aroma Studio by Petrie  Netflix, Popcorn Pancakes",271817058,1463353731272376875,Quantumluv,,Orleans,45.4882,-75.47581,Entire home/apt,99,30,60,2023-02-11,0.76,2,365,0,Exempt
40894715,Executive Condo (boutique hotel-like),20040528,1462611574284989007,Hue Thanh,,Knoxdale-Merivale,45.34582,-75.71336,Entire home/apt,226,1,47,2026-05-28,0.60,1,302,12,STR-843-324
40938159,KASHY HOMES-Ravishing 3 story home near DT&Airport,66264674,1466819018935171317,Kashy,,Gloucester-Southgate,45.37545,-75.62151,Entire home/apt,288,30,75,2024-08-06,0.98,7,361,0,STR-824-045
40944287,"Room rental in a family home, female guest only",175818482,1463064372806805936,Cristine,,River,45.35358,-75.66055,Private room,41,30,1,2024-07-31,0.04,2,363,0,
40948572,"Zen Studio-Netflix,Popcorn,Pancakes",271817058,1463353731272376875,Quantumluv,,Orleans,45.48899,-75.47508,Entire home/apt,91,30,29,2021-08-31,0.39,2,365,0,Exempt
40969761,Private room and washroom,308518900,1469573054082005236,Chelsea,,Rideau-Vanier,45.42839,-75.68558,Private room,46,30,0,,,1,280,0,
40999801,Modern spacious suite near hospital (free parking),131535386,1462942999126546999,Adam,,Alta Vista,45.40752,-75.63913,Entire home/apt,173,3,150,2026-06-11,1.92,1,44,13,STR-844-821
41009503,Stylish Private bedroom in Female Only Residence,247607805,1463291639344645866,Murray,,Rideau-Vanier,45.42368,-75.67921,Private room,52,30,12,2025-12-06,0.20,10,248,2,
41170993,"Clean, beautiful and affordable bedroom free wifi.",274584828,1469448680359722381,Emmanuel,,Rideau-Rockcliffe,45.42666,-75.6563,Private room,100,30,0,,,1,270,0,
41178972,Beechwood Village-dog friendly!,24836416,1465321196003163808,Kaye,,Rideau-Vanier,45.4439,-75.66698,Private room,52,30,1,2020-03-31,0.01,1,268,0,
41227959,FURNISHED Large Bedroom basement General Hospital,4027790,1462645382826581742,Paul,,Alta Vista,45.39871,-75.61315,Private room,5,180,2,2020-03-15,0.03,1,180,0,
41256714,Enjoy your stay !,263958537,1469396187267139817,Arnise,,Orleans,45.48818,-75.50211,Private room,,30,6,2022-10-16,0.10,1,364,0,
41335118,*LONG STAYS*Downtown Ottawa  Executive Rental,212711978,1469111215214098517,Michelle,,Somerset,45.41588,-75.69567,Entire home/apt,115,30,16,2026-05-01,0.21,1,208,2,
41564757,Beautiful Private Loft Room on the Pond,141736289,1462965618973790065,Ann,,Stittsville-Kanata West,45.27928924560547,-75.93293762207031,Private room,132,1,179,2026-06-21,3.00,2,325,45,STR-831-613
41791796,"New one bed. apt w/ parking self check in 43"" TV",53960605,1462727535464712004,Gisele,,Orleans,45.48323,-75.51605,Entire home/apt,84,31,21,2026-01-17,0.27,1,158,3,
41820614,"6 km away from Ottawa Airport, Elegant Studio!",330496679,1463464428953136794,Sam,,Knoxdale-Merivale,45.32922,-75.70305,Entire home/apt,291,1,169,2026-05-13,2.17,2,256,28,STR-826-674
41836471,Elegant full apartment! 6km away from airport!,330496679,1463464428953136794,Sam,,Knoxdale-Merivale,45.32933,-75.70289,Entire home/apt,270,2,166,2026-05-29,2.31,2,238,24,STR-826-674
41929951,12 mins from OTTAWA AIRPORT,142249156,1468404875643779244,Parisa,,Gloucester-South Nepean,45.27792,-75.67689,Private room,78,30,0,,,1,269,0,
41951164,The Lexy,99500083,1462869237668818270,Westhaven,,River,45.38129,-75.73925,Entire home/apt,128,30,66,2025-01-05,0.87,6,299,0,
42065662,"Modern, Clean, Cozy Room by Airport & Free Parking",95052787,1467145900973207634,Samuel,,Gloucester-Southgate,45.374699,-75.64798,Private room,80,1,393,2026-06-05,7.70,1,44,82,STR-854-342
42072203,Walking Distance to Parliament Heart of Downtown,79847570,1462825434075322299,May,,Rideau-Vanier,45.43005,-75.69375,Entire home/apt,1284,1,71,2026-05-31,0.99,5,125,13,STR-827-098
42122859,"Bright, Spacious & Spotless 1 Bedroom in Westboro",334171636,1469645457659092847,Lisa,,Kitchissippi,45.38767,-75.74433,Entire home/apt,112,30,27,2025-07-03,0.35,1,303,1,Exempt
42221228,Comfortable Guest Suite in Orleans,228248550,1469215772589731596,"Paulos,S",,Innes,45.4435,-75.52397,Entire home/apt,214,2,103,2026-05-24,1.76,2,321,7,STR-842-473
42518954,Affordable and quaint townhouse for relaxing stay,276082277,1463364525863018359,Julia,,Knoxdale-Merivale,45.33015,-75.76003,Private room,,30,53,2023-11-04,0.69,3,0,0,
42609774,Bright Stylish Executive Apt - Byward Mkt /parking,209666144,1469093884995526902,Faye,,Rideau-Vanier,45.4302,-75.69074,Entire home/apt,37,118,3,2025-02-01,0.06,1,364,0,
42611164,Cozy & Bright 3BR Detached Bungalow,235446052,1469253405858914759,Mahmut Ali,,Rideau-Goulbourn,45.19042,-75.84388,Entire home/apt,135,30,1,2026-05-20,0.83,1,326,1,
42667269,Home Away From Home - Master Bedroom :),146516782,1462975925659264934,Ellen,,Rideau-Rockcliffe,45.42849,-75.64349,Private room,111,1,484,2026-06-11,6.43,2,14,39,STR-855-586
42679579,"Spacious, Clean, 2BR Unit In The City Of Ottawa",67179584,1466830135595917025,Ike,,Rideau-Vanier,45.44269,-75.66596,Entire home/apt,142,30,32,2026-03-31,0.42,4,288,6,STR-828-189
42740128,"Bright room, Private Full Bath, Roku TV, Fridge",36809587,1462673226584441299,Elham,,Gloucester-South Nepean,45.27153,-75.70876,Private room,96,2,67,2026-05-15,0.88,1,81,10,STR-853-799
42835955,1 Bedroom Guest Suite with Private Entrance,22048209,1463170258552751502,Jessica,,Stittsville-Kanata West,45.28293,-75.89488,Entire home/apt,166,1,55,2026-06-14,1.81,1,10,14,STR-855-431
42862557,"Beautiful, private guest suite in mature area",10777066,1462575777643657027,Benjamin,,College,45.33729,-75.80189,Entire home/apt,137,2,125,2026-06-20,1.64,1,44,3,STR-845-046
42913160,Entire floor in a modern townhome by downtown,341717023,1469670993197020571,Sam,,Rideau-Vanier,45.42121,-75.67668,Private room,126,1,341,2026-06-09,9.34,1,175,113,STR-849-811
42973683,Twin Balcony,342131389,1469672556978279798,Fraser,,Rideau-Vanier,45.42946,-75.69112,Private room,230,1,63,2026-04-12,0.83,9,20,16,Exempt
43014441,Stunning Private Bedroom in Female Only Residence,247607805,1463291639344645866,Murray,,Rideau-Vanier,45.42352294921875,-75.67916870117188,Private room,51,30,3,2024-09-11,0.04,10,274,0,
43035464,Entire Spacious bright 3-bedrooms townhouse.,223691266,1469186405773404645,Abdullah,,Gloucester-South Nepean,45.28619,-75.72343,Entire home/apt,153,30,9,2021-06-30,0.12,1,205,0,
43036243,Modern private bedroom in Female only Residence,247607805,1463291639344645866,Murray,,Rideau-Vanier,45.42352294921875,-75.67916870117188,Private room,41,30,8,2026-04-30,0.11,10,234,3,
43043236,Two Room Suite,342131389,1469672556978279798,Fraser,,Rideau-Vanier,45.42915,-75.69051,Private room,301,1,60,2026-06-14,0.79,9,6,4,Exempt
43147443,Home Away From Home - Guest Room :),146516782,1462975925659264934,Ellen,,Rideau-Rockcliffe,45.4289,-75.64264,Private room,101,1,658,2026-06-23,8.82,2,19,71,STR-855-586
43228694,Cozy refuge steps from canal and Landsdowne Park,4279463,1462652492793637324,Benjamin,,Capital,45.39536,-75.67927,Entire home/apt,75,30,8,2026-05-02,0.15,1,108,4,
43278518,Overbrook 2C- private washroom; 30 mins walk Ott U,1959431,1462582781911397555,Paul,,Rideau-Rockcliffe,45.4257,-75.6548,Private room,41,30,2,2023-07-01,0.03,13,88,0,
43299576,Queen Balcony,342131389,1469672556978279798,Fraser,,Rideau-Vanier,45.43048,-75.68986,Private room,197,1,89,2026-04-28,1.19,9,25,21,Exempt
43341327,A wave of calm and class in downtown Ottawa,345189443,1463493130320435230,Mylaine,,Rideau-Vanier,45.43243,-75.68671,Entire home/apt,386,1,213,2026-06-20,2.89,1,309,37,STR-845-692
43392084,Enchanting Private Bedroom - Female only Residence,247607805,1463291639344645866,Murray,,Rideau-Vanier,45.42352294921875,-75.67916870117188,Private room,50,30,9,2026-05-28,0.14,10,284,2,
43478699,Master Bedroom & Bathroom in Female Only Residence,247607805,1463291639344645866,Murray,,Rideau-Vanier,45.423545837402344,-75.6791763305664,Private room,64,30,8,2025-12-22,0.11,10,62,2,
43508546,Modern Private Bedroom in Female Only Residence,247607805,1463291639344645866,Murray,,Rideau-Vanier,45.423545837402344,-75.6791763305664,Private room,54,30,5,2025-08-23,0.09,10,198,1,
43546176,FisherHouse - Central Ottawa - STR 854-091,77662056,1466952142517420000,John,,River,45.388088,-75.726608,Entire home/apt,246,2,237,2026-06-21,3.32,1,197,54,STR-854-091
43547554,"A Private, Clean 3 bedroom Home",65333860,1462768907340802043,Amy,,College,45.3416,-75.74653,Entire home/apt,463,1,97,2026-06-15,1.33,1,36,28,STR-844-188
43649685,Beautiful 2 bedroom with Outdoor Space and Parking,7354245,1462560486128945044,Lisa,,Rideau-Rockcliffe,45.42787,-75.65717,Entire home/apt,135,30,37,2026-05-22,0.51,20,278,6,Exempt
43653246,CLEAN & COZY PRIVATE BEDROOM LONG TERM AVAILABLE,187592779,1463091058120977985,Wei,,Knoxdale-Merivale,45.35169,-75.70948,Private room,29,30,10,2025-11-30,0.21,6,206,1,
43759099,MID CENTURY BOHO BACHELOR,22350228,1462620857691149749,Jenny,,Rideau-Vanier,45.43012,-75.69183,Entire home/apt,188,1,544,2026-06-05,7.45,15,317,66,STR-845-451
43766295,Queen Balcony,342131389,1469672556978279798,Fraser,,Rideau-Vanier,45.43067,-75.68955,Private room,229,1,74,2026-06-07,1.01,9,28,9,Exempt
43869343,Modern Suite with private bathroom & Kitchenette,18489586,1463055357557179245,Rachid,,River,45.37156,-75.65793,Private room,,30,1,2021-09-01,0.02,5,0,0,
43893640,Suite Near Algonquin college,156262806,1468524909049052535,Moh,,College,45.35053,-75.74013,Entire home/apt,,30,63,2026-02-28,0.88,1,0,3,Exempt
43895069,Queen Balcony,342131389,1469672556978279798,Fraser,,Rideau-Vanier,45.42969,-75.6915,Private room,230,1,39,2025-12-07,0.53,9,29,2,Exempt
43923011,Queen Window,342131389,1469672556978279798,Fraser,,Rideau-Vanier,45.43092,-75.69035,Private room,230,1,29,2025-11-09,0.40,9,23,2,Exempt
43999610,Basement - Sunsets on the Pond (1 bedroom + suite),141736289,1462965618973790065,Ann,,Stittsville-Kanata West,45.27878,-75.93593,Private room,189,1,108,2026-06-20,1.48,2,68,36,Exempt
44015798,Queen Balcony,342131389,1469672556978279798,Fraser,,Rideau-Vanier,45.42918,-75.6902,Private room,230,1,22,2026-02-09,0.30,9,27,1,Exempt
44062965,Overbrook 2B,1959431,1462582781911397555,Paul,,Rideau-Rockcliffe,45.42767,-75.65435,Private room,33,30,2,2024-09-30,0.03,13,88,0,
44117471,Queen Window,342131389,1469672556978279798,Fraser,,Rideau-Vanier,45.42909,-75.69107,Private room,230,1,85,2026-04-07,1.17,9,21,16,Exempt
44183012,CLEAN & COZY PRIVATE BEDROOM WITH PRIVATE HALFBATH,187592779,1463091058120977985,Wei,,Knoxdale-Merivale,45.35178,-75.71004,Private room,32,30,13,2026-04-30,0.21,6,54,2,
44245654,Elegant Downtown Studio with Outdoor Patio,85297148,1467028662565408108,Short And Suite BnB,,Somerset,45.40637,-75.70651,Entire home/apt,150,2,258,2026-06-23,3.61,28,234,40,STR-856-625
44264500,❤ Chic Guest Suite with Parking & Private Sunroom,59633620,1466722137515630251,Amy,,Kitchissippi,45.3997,-75.7235,Entire home/apt,,1,204,2024-08-03,2.83,1,0,0,STR-849-517
44287925,30+ Night 3BR Home With Private Saltwater Pool,121880210,1468237042915765613,Tiffany,,College,45.34178,-75.74291,Entire home/apt,,30,29,2024-03-12,0.40,2,0,0,STR-829-032
44432274,COZY & LUXURY MASTERBEDROOM WITH ENSUITE BATHROOM,187592779,1463091058120977985,Wei,,Knoxdale-Merivale,45.35111,-75.70845,Private room,,30,12,2025-12-31,0.21,6,0,2,
44555656,Centrally located walk to restaurants and cafes,36571261,1465544727739458166,Lianna,,Somerset,45.408,-75.70998,Private room,270,30,105,2025-03-07,1.49,2,270,0,Exempt
44568855,Exquisite Kanata Home,105348979,1467271059540566249,Lindsay,,Kanata South,45.27829,-75.84017,Entire home/apt,380,2,191,2026-06-18,2.72,2,34,30,STR-841-411
44598654,Luxurious oasis single house,18189653,1462605202827606696,Anastasia,,Barrhaven,45.24326,-75.73505,Entire home/apt,230,31,12,2025-04-02,0.17,3,349,0,
44684310,Great room,323584939,1463452503936398848,Joyce,,Knoxdale-Merivale,45.35203,-75.72788,Private room,81,30,3,2020-09-07,0.04,1,365,0,
44738092,Townhouse-Brittanic Rd Kanata 31-day min booking,362158635,1469727025028762990,Jindra,,Stittsville-Kanata West,45.26817,-75.88218,Entire home/apt,110,31,9,2026-04-28,0.13,1,111,3,
45075938,ROOM NUMBER 2,325965874,1463456738162746007,Arian,,Knoxdale-Merivale,45.363789,-75.719658,Private room,126,1,126,2026-02-21,1.79,7,68,9,STR-844-126
45076007,ROOM NUMBER 3,325965874,1463456738162746007,Arian,,Knoxdale-Merivale,45.36453,-75.71903,Private room,118,1,131,2026-06-12,1.86,7,84,16,STR-844-126
45140268,"Clean, renovated room with kitchen in southgate rd",364541518,1463534062879627768,Amin,,Gloucester-Southgate,45.35938,-75.65231,Private room,104,2,140,2026-06-08,1.98,7,176,25,STR-848-205
45153900,Overbrook 2A- 30 minutes walk to Ottawa University,1959431,1462582781911397555,Paul,,Rideau-Rockcliffe,45.42566,-75.65826,Private room,28,30,2,2025-09-01,0.03,13,364,1,
45166164,Basement all inclusive studio,137702868,1462956842351047459,Parni,,Barrhaven,45.27589,-75.77007,Private room,106,4,55,2026-06-12,0.78,1,264,5,STR-826-503
45175363,"Clean,big,new renovated room 6min to airport.",364541518,1463534062879627768,Amin,,Gloucester-Southgate,45.35983,-75.65181,Private room,99,2,94,2026-06-08,1.33,7,178,9,STR-848-205
45176746,"Clean, clean clean room with kitchen in rd",364541518,1463534062879627768,Amin,,Gloucester-Southgate,45.35958,-75.65232,Private room,99,2,96,2026-06-07,1.36,7,177,14,STR-848-205
45176860,"Clean, new renovated room 8min to the airport.",364541518,1463534062879627768,Amin,,Gloucester-Southgate,45.35852,-75.65158,Private room,124,1,95,2026-06-01,1.34,7,178,18,STR-848-205
45194282,Room Across UOttawa 10 Minutes Walk Parliament,146743514,1462976440086375646,Frits,,Rideau-Vanier,45.42268,-75.67884,Private room,71,30,7,2022-10-02,0.10,28,365,0,Exempt
45194485,Across Uottawa Room 10min Walk Parliament/Downtown,146743514,1462976440086375646,Frits,,Rideau-Vanier,45.422077000782764,-75.67965420367723,Private room,58,30,2,2023-05-15,0.03,28,365,0,Exempt
45198554,Penthouse in the Byward Market,63054768,1462752148941899117,Jf,,Rideau-Vanier,45.42989,-75.68865,Entire home/apt,40,120,1,2022-11-11,0.02,2,151,0,
45202463,Little Brick House-2 Bedroom Private Home,34395919,1465504625705675250,Hana,,Rideau-Vanier,45.44014,-75.66713,Entire home/apt,134,30,236,2026-02-20,3.34,1,124,20,STR-827-236
45228088,Room Across UOttawa  Steps TO  Downtown Ottawa,146743514,1462976440086375646,Frits,,Rideau-Vanier,45.42228,-75.679,Private room,55,30,11,2022-09-25,0.16,28,365,0,Exempt
45302445,Victorian Room  3Min Walk To UOttawa Train Station,146743514,1462976440086375646,Frits,,Rideau-Vanier,45.4239,-75.67906,Private room,62,30,2,2022-07-10,0.03,28,365,0,
45363007,Perfect for Your Posting: A Downtown Oasis,366233703,1469737815057922159,J. Anne,,Somerset,45.4139,-75.68485,Entire home/apt,51,151,0,,,1,173,0,
45407305,"Serene, updated 1 bed downtown Ottawa",109726562,1467327763635004005,Tara,,Somerset,45.40973,-75.69811,Entire home/apt,99,30,34,2026-05-19,0.49,2,191,4,
45507394,Cozy Room in Quiet Corner of Big Nepean LakeHouse,368331813,1469743541257722060,Josephine,,Barrhaven,45.25367,-75.74217,Private room,87,2,25,2025-11-27,0.37,3,153,4,STR-827-897
45582916,Stylish living near Ottawa River and Cyclist Path,2697550,1462525771545011502,Alex & Katya,,Rideau-Vanier,45.43022,-75.66286,Entire home/apt,85,30,4,2026-02-24,0.06,3,281,2,
45610710,Large Cozy Bedroom & Office in Barrhaven LakeHouse,368331813,1469743541257722060,Josephine,,Barrhaven,45.2542,-75.74196,Private room,92,2,25,2025-11-12,0.36,3,12,6,STR-827-897
45653265,NRC 2A: Quiet room & private washroom,1959431,1462582781911397555,Paul,,Beacon Hill-Cyrville,45.43755,-75.62169,Private room,36,30,1,2023-01-01,0.02,13,301,0,
45698033,Ottawa ideal pied-a-terre,3584835,1462633159580302364,Mélanye,,Rideau-Rockcliffe,45.42509,-75.65619,Entire home/apt,90,30,20,2026-03-01,0.30,1,120,2,
45698986,Twin Balcony,342131389,1469672556978279798,Fraser,,Rideau-Vanier,45.42943,-75.69015,Private room,170,1,30,2024-03-09,0.44,9,11,0,Exempt
45786285,2 Bedroom Basement apt mins from Downtown/La Cité,114722218,1468181048930532111,Stacie,,Rideau-Rockcliffe,45.4425,-75.62671,Entire home/apt,166,2,227,2026-06-19,3.30,3,109,60,STR-846-032
45831387,Neat Basement Apartment in the South End,345114048,1463492901276724888,Merry,,Gloucester-Southgate,45.36167,-75.63414,Entire home/apt,62,30,2,2021-11-30,0.03,1,344,0,
45856453,Cozy and Large Room in Barrhaven House Ottawa,368331813,1469743541257722060,Josephine,,Barrhaven,45.25301,-75.74141,Private room,86,2,21,2025-09-01,0.30,3,61,2,STR-827-897
45861734,Excellent Apartment Downtown,67179584,1466830135595917025,Ike,,Rideau-Vanier,45.44067,-75.66407,Entire home/apt,85,30,24,2026-04-30,0.36,4,266,3,STR-828-189
45990050,"Full apartment, ideal for longer term visits",372806115,1469756516944931829,Julia,,Capital,45.4148,-75.67016,Entire home/apt,147,30,4,2022-01-04,0.06,1,173,0,
46034768,Heart Of Barrhaven- Updated Private Guest Suite,147189902,1462977427374257776,Sharmilee,,Barrhaven,45.25425,-75.74071,Entire home/apt,166,30,44,2021-11-10,0.64,2,365,0,
46225199,Spacious 4BR Orleans Home w/ Separate In-Law Suite,379979184,1469776050100735332,Amaury,,Orleans,45.4691,-75.51027,Entire home/apt,206,30,8,2023-05-31,0.12,2,235,0,
46263278,Villy's Clean Quiet and Friendly Escape,69290094,1466856551243902597,Villy,,Rideau-Rockcliffe,45.45382,-75.65395,Private room,,30,11,2022-02-06,0.16,1,0,0,
46448890,Stylish east downtown house with easy river access,15420982,1462961902226328229,Rodney,,Rideau-Rockcliffe,45.42276,-75.66553,Entire home/apt,91,1,35,2025-12-18,0.52,1,231,19,STR-846-543
46475247,"Unique comfortable loft, enjoy the Rideau Canal!",318541362,1469602548040823813,Katie,,Rideau-Vanier,45.42564,-75.67627,Entire home/apt,103,30,82,2026-01-02,1.21,3,222,3,
46576215,Modern new townhouse close to downtown Ottawa!,27292653,1462640518045202880,Melanie,,Rideau-Rockcliffe,45.452154343018584,-75.62851027395726,Entire home/apt,371,1,82,2026-05-25,1.37,1,301,17,STR-848-164
46584509,Cozy crash pad (NOT A DAYTIME OFFICE),276082277,1463364525863018359,Julia,,Knoxdale-Merivale,45.33033,-75.76134,Private room,44,30,33,2022-05-10,0.49,3,363,0,
46623333,West Centretown two bedrooms unit!,85317954,1462837691811869348,Marilyn,,Somerset,45.40759,-75.70553,Entire home/apt,103,30,58,2024-02-27,0.87,1,175,0,
46624233,Beautifull House in Nice neighborhood,250684929,1469328852488777337,Junot,,Gloucester-South Nepean,45.26973,-75.73366,Private room,169,30,6,2021-01-24,0.09,2,179,0,
46626432,"THE LODGE - Ottawa's 12,000sqft Waterfront Mansion",254619986,1463310388238686657,Cory,,Gloucester-South Nepean,45.26076,-75.70944,Entire home/apt,3132,2,18,2026-05-20,0.29,2,340,1,STR-827-765
46646767,"30+ Night 3BR Home w/Pool, Parking & Putting Green",696668853,1470734980916959318,Jenn,,Knoxdale-Merivale,45.32619,-75.76664,Entire home/apt,339,30,18,2022-07-02,0.30,5,111,0,STR-829-032
46659077,"WFH @ Carnegie Home - Clean, Modern, Private Apt.",9103610,1462794984025899562,Ryan,,Alta Vista,45.38971,-75.62212,Entire home/apt,,2,175,2025-12-15,2.60,1,0,17,STR-826-483
46697581,Executive 5 Bedroom home in Ottawa,377408573,1469770253691242678,Sean,,Stittsville-Kanata West,45.24846,-75.90244,Entire home/apt,252,30,1,2021-03-14,0.02,1,178,0,
46857561,Brand New Spacious Executive 2 BDRM with Parking,7354245,1462560486128945044,Lisa,,Knoxdale-Merivale,45.3415,-75.70007,Entire home/apt,116,30,11,2026-05-02,0.21,20,249,4,Exempt
46915965,Room Number 1,325965874,1463456738162746007,Arian,,Knoxdale-Merivale,45.36312,-75.71834,Private room,96,2,120,2026-05-17,1.79,7,356,13,STR-844-126
47039337,Luxe 1BR with Private Terrace near Ottawa Hospital,38459934,1462678491048609248,Corporate Stays,,Kitchissippi,45.40042,-75.72784,Entire home/apt,156,31,2,2025-01-02,0.07,11,183,0,
47093329,Downtown 2BR Gem with Balcony and Skyline Views,38459934,1462678491048609248,Corporate Stays,,Somerset,45.419914,-75.698967,Entire home/apt,185,30,5,2026-03-01,0.24,11,149,2,
47094630,Private Room & Bath with FREE Parking in Downtown,28474939,1462644723241258390,Jon,,Rideau-Vanier,45.432740373092486,-75.67663195069966,Private room,161,1,349,2026-06-30,9.84,1,9,118,STR-844-435
47159617,"""Cozy ensuite master bedroom in Kanata South""!",380958634,1469779043580064058,Lola,,Kanata South,45.27518,-75.8649,Private room,,5,21,2025-08-03,0.32,3,0,3,STR-827-269
47177526,Retreat surrounded by majestic trees along a river,94475629,1462858014753010832,Sylvie,,Rideau-Goulbourn,45.24163332564612,-75.80843965852512,Entire home/apt,240,2,136,2026-06-15,2.26,1,39,30,STR-827-046
47219752,"Entire 2 bedroom unit near NRC-Blair, clean, quiet",1959431,1462582781911397555,Paul,,Beacon Hill-Cyrville,45.43769,-75.62219,Entire home/apt,89,30,4,2023-06-09,0.06,13,358,0,
47338847,Charming modern barn style apartment,382217770,1469782542341946582,Aziz,,Rideau-Rockcliffe,45.45015,-75.63676,Entire home/apt,172,1,432,2026-06-07,6.67,1,358,54,STR-850-608
47341355,Sparkling clean room pvt. Bath& Fridge and Roku TV,207395364,1463156239139909233,Kambiz,,Stittsville-Kanata West,45.287,-75.93001,Private room,49,30,13,2022-10-21,0.20,1,69,0,
47352665,Byward Market Ottawa One Bedroom Beautiful Deck #3,266054606,1469407046041937228,Danielle,,Rideau-Vanier,45.43123,-75.69402,Entire home/apt,119,30,64,2026-02-22,0.98,5,247,4,
47389242,Short term rental,90779543,1467098146856695569,Zed,,Gloucester-Southgate,45.37236,-75.65233,Private room,55,30,0,,,4,363,0,
47411380,Cozy One Bedroom w/ Parking - Mins to Downtown!,368708973,1469744573893433428,⁨Ben H.⁩,,Kitchissippi,45.40346145629883,-75.73054504394531,Entire home/apt,,30,84,2025-07-11,1.34,1,0,1,STR-826-511
47452338,Tiny Room 3Min Walk UOttawa Train Station DownTown,146743514,1462976440086375646,Frits,,Rideau-Vanier,45.42332,-75.67867,Private room,44,30,6,2022-05-21,0.09,28,365,0,Exempt
47455269,Close to everything,90779543,1467098146856695569,Zed,,Gloucester-Southgate,45.37262,-75.65094,Private room,39,30,1,2022-09-08,0.02,4,89,0,
47518525,Charming 1 bedroom Apt in Ottawa Neighborhood,383534057,1469786436131890930,Odette,,Orleans,45.48508,-75.5159,Entire home/apt,97,7,144,2026-01-27,2.21,2,331,16,STR-856-878
47540360,Chic Urban Retreat: Central Ottawa Comfort,105348979,1467271059540566249,Lindsay,,Capital,45.40318,-75.70159,Entire home/apt,,31,188,2025-08-04,2.89,2,0,1,STR-825-982
47571169,Spacious Room 3Min Walk To UOTtawa Train/Downtown,146743514,1462976440086375646,Frits,,Rideau-Vanier,45.4223,-75.67872,Private room,61,30,8,2023-09-30,0.13,28,365,0,Exempt
47578010,Bright basement apartment - close to Dows Lake,201306496,1469050615825539823,Anne,,Capital,45.39775,-75.6975,Entire home/apt,98,30,50,2026-05-29,0.78,1,68,13,STR-827-734
47585659,Byward Market Ottawa Beautiful One Bedroom #4,266054606,1469407046041937228,Danielle,,Rideau-Vanier,45.43274,-75.69405,Entire home/apt,91,30,30,2026-05-19,0.46,5,270,4,
47716316,RiverBend Landing near Mooney’s Bay,3151275,1462528322979251472,Kathy,,River,45.35461,-75.7028,Entire home/apt,180,1,132,2026-06-19,3.13,1,43,30,STR-845-436
47717460,"""Private bedroom in a family house""",383534057,1469786436131890930,Odette,,Orleans,45.48523,-75.51675,Private room,69,3,95,2026-03-12,1.51,2,339,13,STR-856-878
47739629,"Luxury 1 BDR + Den Condo for Rent, Downtown Ottawa",256749462,1469356531316603346,Shamar,,Somerset,45.42256,-75.69814,Entire home/apt,223,365,0,,,1,365,0,
47780977,Very large room for your comfort,250684929,1469328852488777337,Junot,,Gloucester-South Nepean,45.2696,-75.73187,Private room,207,30,1,2021-01-24,0.02,2,365,0,
47795735,COZY BASEMENT PRIVATE,155791470,1462996747276529491,Badri,,Gloucester-Southgate,45.36718,-75.63249,Private room,67,30,16,2022-03-18,0.24,3,62,0,
47889732,"Skating on the Rideau Canal! Lovely, comfy suite!",318541362,1469602548040823813,Katie,,Rideau-Vanier,45.42643,-75.67699,Entire home/apt,107,30,60,2025-07-02,0.91,3,134,1,
47913017,Stylish Studio Escape near Suya Palace w/ Terrace,38459934,1462678491048609248,Corporate Stays,,Kitchissippi,45.40256,-75.72596,Entire home/apt,150,31,2,2026-03-28,0.12,11,174,1,
48012003,Byward Market Ottawa Beautiful One Bedroom #6,266054606,1469407046041937228,Danielle,,Rideau-Vanier,45.43245,-75.69473,Entire home/apt,92,30,35,2026-05-18,0.54,5,270,2,
48039633,Tiny Room Across Uottawa 5min walk Downtown,146743514,1462976440086375646,Frits,,Rideau-Vanier,45.42275,-75.67852,Private room,51,30,2,2023-10-31,0.04,28,365,0,Exempt
48109407,Elegant Eco-Style Townhome in Kanata,727337287,1546544436843525739,Dmitry,,Kanata South,45.274505615234375,-75.8673324584961,Entire home/apt,153,31,1,2026-04-26,0.50,1,296,1,
48133745,Modern & Private Downtown Getaway,368128583,1469743027886301164,Mathieu,,Rideau-Vanier,45.43495,-75.68884,Entire home/apt,285,3,176,2026-06-05,2.87,2,222,11,STR-827-449
48153506,"Top Floor,  bright, beautiful view of downtown.",49022691,1465745555933003168,Carol,,Somerset,45.41528,-75.69389,Entire home/apt,103,30,70,2026-03-31,1.09,5,202,2,
48156768,Ensuite by the canal,265894547,1469406225968701683,Evelyne,,Capital,45.40421,-75.67541,Entire home/apt,184,1,396,2026-06-01,6.08,3,188,47,STR-826-947
48282735,Work remote in Luxury Furnished Smarthome,121926897,1462921780564663286,David,,River,45.34824,-75.66774,Private room,86,30,4,2021-05-24,0.06,2,270,0,
48465422,"Cosy basement apartment Orleans, 20 min to Ottawa",391135320,1469809767671965351,Bruno,,Cumberland,45.46196,-75.47578,Entire home/apt,147,3,42,2024-10-01,0.76,1,29,0,STR-827-748
48488158,Cozy & Peaceful Private Master Bedroom,391296979,1463593741743807305,Odenie,,Gloucester-South Nepean,45.26965,-75.73339,Private room,96,1,337,2026-06-21,5.22,1,66,62,STR-826-952
48560241,"Luxury Home with HOT TUB, Gazebo & Outdoor Shower",391796996,1469811791766573705,Alden,,Gloucester-Southgate,45.37149,-75.62171,Entire home/apt,483,2,90,2026-06-21,1.45,1,50,16,STR-845-427
48630930,Home Away from Home w swimming pool,16029536,1462596311294253429,Korosh,,Beacon Hill-Cyrville,45.42303,-75.60592,Entire home/apt,906,4,140,2025-11-09,2.20,7,65,4,STR-855-711
48661104,The Park,99500083,1462869237668818270,Westhaven,,River,45.38224,-75.72607,Entire home/apt,104,30,79,2025-11-10,1.23,6,326,1,
48679085,Lovely bright bedroom just 5 mins from the airport,376341636,1463560396563399113,Clemence,,Gloucester-Southgate,45.34405,-75.62069,Private room,63,30,31,2025-09-28,0.48,1,89,4,STR-835-065
48769649,"Private, Very Secure, 
Comfortable Reputable Suite",43505776,1462693977225130726,AJay,,Gloucester-South Nepean,45.26322,-75.69654,Private room,102,2,219,2026-06-15,3.81,1,354,37,STR-845-148
48958917,Private guest suite w/ Extra Wide Parking,110086042,1462895625044385516,Marthusha,,Beacon Hill-Cyrville,45.42189,-75.61141,Entire home/apt,178,30,58,2026-06-21,0.92,1,180,6,STR-828-363
48961641,Fully Equipped Studio in Byward Market,52445814,1465848682444528399,Michaele,,Rideau-Vanier,45.42819,-75.68944,Entire home/apt,,30,289,2024-08-30,4.54,2,0,0,STR-824-306
49015939,Room Across UOttawa University 3Min Walk Train,146743514,1462976440086375646,Frits,,Rideau-Vanier,45.42362,-75.67835,Private room,58,30,8,2023-09-22,0.13,28,365,0,
49017287,Top Floor Corner Unit Overlooking Downtown Ottawa,49022691,1465745555933003168,Carol,,Somerset,45.41633,-75.69423,Entire home/apt,109,30,52,2026-01-13,0.83,5,204,1,
49094384,"Bright, Main Level Apartment with Large Deck",243989772,1469294806729919692,Remote Host,,Somerset,45.40884,-75.69594,Entire home/apt,100,14,49,2024-01-02,0.86,2,276,0,STR-482-106
49125161,Cozy Island View Cottage on the Ottawa River,3858314,1462641179611806109,Jonathan,,West Carleton-March,45.51286,-76.15209,Entire home/apt,228,7,18,2026-05-23,0.30,1,127,4,STR-826-886
49438338,Newly Renovated - Boutique Stay in Downtown Ottawa,268328348,1469418343862237025,Jon,,Somerset,45.41341,-75.69922,Entire home/apt,129,30,8,2026-06-20,0.26,1,198,1,
49677629,Cheerful & Clean Double Bed Room,400665088,1463615608868614906,Ritu,,Alta Vista,45.39403,-75.61245,Private room,,30,25,2026-05-16,0.46,4,29,5,STR-826-163
49727685,Victorian Room  3Min Walk UOttawa Train Station,146743514,1462976440086375646,Frits,,Rideau-Vanier,45.42256,-75.68045,Private room,77,30,0,,,28,365,0,Exempt
49886548,Luxury Two Bedroom Suite ★ Steps from Parliament ★,402300255,1469844701705355964,ReStays Host Concierge,,Somerset,45.422287,-75.697861,Private room,455,1,71,2026-05-31,1.33,4,328,28,Exempt
49898970,Newly Renovated 2 BDRM with Parking,7354245,1462560486128945044,Lisa,,Bay,45.3617,-75.78557,Entire home/apt,109,30,15,2026-03-31,0.25,20,297,1,
50042658,Beautiful Modern 3BD Main Floor Suite,5633517,1462685531934341541,Natalie,,River,45.36961,-75.70788,Entire home/apt,143,30,17,2025-12-14,0.29,1,134,1,STR-143-056
50258990,Charming Cabin on the Heritage World Rideau River,76448976,1466937645222989272,Janet,,Rideau-Goulbourn,45.0187,-75.7338,Entire home/apt,167,30,1,2021-07-25,0.02,1,179,0,
50343693,Thousand Owls Estate - your resort oasis in Ottawa,81174645,1466987526646951575,Erin,,Cumberland,45.51079,-75.32706,Entire home/apt,1284,2,88,2026-06-14,1.46,1,256,9,STR-828-322
50457377,Chic 3BR Unit in DT Ottawa Sandyhill w/ Parking,151106513,1468484783312073974,Jaybird,,Rideau-Vanier,45.42793282670393,-75.67918663769392,Entire home/apt,299,1,106,2026-06-09,1.78,1,38,2,STR-202-605
50549838,Lovely brand new 1-bedroom condo styled complex,86603239,1467041665445753557,Alysha,,Rideau-Vanier,45.43415,-75.67088,Entire home/apt,90,30,10,2023-10-02,0.17,1,88,0,
50743941,Reg’s Place,191883586,1468997352685871022,Reg,,Bay,45.3587532043457,-75.7890625,Entire home/apt,223,4,186,2026-06-22,3.10,1,167,31,STR-842-511
50786356,Waterfront  Beach Cottage in Constance Bay Ottawa,410449802,1463636728945359572,Dongmei,,West Carleton-March,45.50116,-76.08129,Entire home/apt,472,2,35,2026-06-10,0.58,1,336,9,STR-826-317
50788134,103 Acre Woods Marlborough Forest The Cedars,96405442,1467161347776723690,Meg,,Rideau-Goulbourn,45.01358,-75.83895,Entire home/apt,52,30,4,2021-10-10,0.07,2,361,0,
50788878,103 Acre Woods Marlborough Forest 103 Paces,96405442,1467161347776723690,Meg,,Rideau-Goulbourn,45.01226,-75.84083,Entire home/apt,52,30,11,2022-06-30,0.18,2,363,0,
51020215,Beautiful Oasis with Great Amenities in Orleans,1983305,1462521496928168845,Matt,,Cumberland,45.46613,-75.49391,Entire home/apt,376,3,19,2025-10-25,0.79,1,62,10,STR-856-467
51161401,Tiny Tiny Room 3Min Walk UOttawa Train Station,146743514,1462976440086375646,Frits,,Rideau-Vanier,45.42324,-75.68,Private room,62,30,5,2022-09-16,0.09,28,365,0,Exempt
51209256,Cozy and comfy one bedroom with parking,7354245,1462560486128945044,Lisa,,Rideau-Rockcliffe,45.42604,-75.65634,Entire home/apt,94,31,8,2025-04-30,0.14,20,320,0,Exempt
51228917,Clean & Cozy Condo w/ Fast WI-FI & Disney+,210950090,1469100799384405626,Byron,,Rideau-Rockcliffe,45.45138,-75.62993,Entire home/apt,284,2,176,2026-06-16,4.27,1,296,49,STR-846-128
51287458,Great Location in the Glebe - 3 Bed Apt w/ Parking,47266372,1462706116245668820,Christopher,,Capital,45.40991,-75.686,Entire home/apt,442,2,376,2026-06-22,6.53,1,255,83,STR-841-909
51368934,Double Room infront of UOttawa 8Min Walk Downtown,146743514,1462976440086375646,Frits,,Rideau-Vanier,45.42391,-75.67854,Private room,91,30,0,,,28,365,0,Exempt
51451229,Home sweet home! ( 1 bedroom + 1 ),153447528,1462991682855428125,Lomega,,Innes,45.42765,-75.52439,Entire home/apt,133,30,32,2023-07-04,0.54,1,90,0,Exempt
51471609,5 bedroom house in trendy Westboro - Monthly,292902845,1469515884751394373,Ali,,Kitchissippi,45.38519,-75.7489,Entire home/apt,260,30,37,2024-09-29,0.64,2,235,0,
51508868,Heart of downtown walking distance to Parliament4,79847570,1462825434075322299,May,,Rideau-Vanier,45.43095,-75.69581,Entire home/apt,151,1,72,2026-05-24,1.22,5,353,1,STR-827-098
51511213,1 Guest for Shared Furn’d 3Bedr. Apt 5min to Ott.U,34602819,1462665869527919321,Christine,,Rideau-Vanier,45.42706,-75.67646,Private room,49,30,16,2026-05-17,0.30,13,225,2,
51534503,Lovely - 1 bedroom apartment unit in Ottawa,417479317,1463651346902949626,Mike,,College,45.35775,-75.74151,Entire home/apt,96,30,127,2025-12-20,2.15,1,115,4,STR-826-515
51538123,"Stunning 2 bed, 2 bath by the General Hospital",85297148,1467028662565408108,Short And Suite BnB,,Alta Vista,45.40223,-75.64431,Entire home/apt,192,30,15,2025-06-01,0.26,28,87,0,STR-823-604
51551691,1 Guest/ Furn’d Shared 3-4 Bedr Apt. 5 min Ott. U.,34602819,1462665869527919321,Christine,,Rideau-Vanier,45.42609,-75.67651,Private room,49,30,14,2026-05-02,0.26,13,288,3,
51554175,"Downtown By Beechwood Village - Relax, Walk, Shop",67179584,1466830135595917025,Ike,,Rideau-Vanier,45.44081,-75.6642,Entire home/apt,133,30,23,2026-06-12,0.45,4,305,12,STR-828-189
51562498,Private Bedroom with a Private Bathroom,147189902,1462977427374257776,Sharmilee,,Barrhaven,45.25509,-75.73898,Private room,14,120,0,,,2,365,0,
51565431,1 Guest for Immacul. Furn'd 3-4 Bedrms. Shared Apt,34602819,1462665869527919321,Christine,,Rideau-Vanier,45.42493,-75.67744,Private room,46,30,13,2025-09-14,0.23,13,187,1,
51587081,New 3 BDRM Spacious & Modern Townhome with Yard,7354245,1462560486128945044,Lisa,,Gloucester-South Nepean,45.25837,-75.69649,Entire home/apt,262,31,16,2026-03-01,0.28,20,286,2,Exempt
51598311,Modern 1 bedroom | Walk to Parliament,4726491,1462537031744887920,Majella,,Rideau-Vanier,45.43098,-75.698,Entire home/apt,106,30,27,2025-10-31,0.46,1,230,3,
51621361,1 Bedroom Suite in Great Location,144893923,1468425145369071137,Ahmed,,Gloucester-South Nepean,45.32142,-75.61001,Entire home/apt,110,30,11,2025-11-02,0.19,2,327,1,
51641789,"Happy Loving Peaceful Brand-new Space, find yo Zen",237272866,1463254092362876047,Thurka,,Rideau-Goulbourn,45.26541,-75.88279,Private room,78,30,28,2026-05-25,0.47,1,238,2,
51665581,Newly furnished 4-Bedroom Apt. Downtown Ottawa,12350114,1462885699468383506,Eve,,Rideau-Vanier,45.43218,-75.6738,Entire home/apt,279,2,71,2026-06-20,4.94,1,168,61,STR-848-367
51665908,Ottawa queen sized bed,418571122,1463653635084830031,Vertibel,,Cumberland,45.45675,-75.47289,Private room,116,30,6,2021-10-10,0.10,1,365,0,
51689887,2 Floor Luxury Loft | 1 Bdrm/1.5 Bath | The Scandi,29245507,1465430915390385935,Amanda,,Somerset,45.41451,-75.70298,Entire home/apt,,30,1,2022-06-09,0.02,1,227,0,
51754522,Comfortable 3-Bdrm with HotTub & Private Entrance,263231820,1463332559955702216,Mohsen,,Knoxdale-Merivale,45.36139,-75.71215,Entire home/apt,119,30,278,2025-10-25,4.77,1,252,15,STR-827-280
51832082,Large Room Across UOttawa 10Min Walk To Parliament,146743514,1462976440086375646,Frits,,Rideau-Vanier,45.42245,-75.6805,Private room,19,90,2,2023-10-07,0.04,28,365,0,Exempt
51902351,"Private room in Orleans townhouse - clean, quiet",8812197,1462566755047306209,Lili,,Orleans,45.48444,-75.48513,Private room,,30,35,2024-06-23,0.64,3,0,0,STR-826-870
51918722,Home Get-Away Stay,418473146,1469901475703298502,Andrew,,Gloucester-South Nepean,45.32008,-75.60653,Entire home/apt,181,1,86,2026-06-21,2.77,1,325,40,STR-853-806
51930604,Downtown Ottawa queen suite located in the market,370453124,1463546620461446501,Olivier,,Rideau-Vanier,45.43009,-75.68855,Entire home/apt,91,30,40,2022-09-22,0.70,1,180,0,
51954381,Huge Room 10Min Walk  Parliament/3Min Walk UOttawa,146743514,1462976440086375646,Frits,,Rideau-Vanier,45.42467,-75.68108,Private room,100,30,1,2021-12-22,0.02,28,365,0,STR-243-641
51961737,Cozy Private Bedroom!,66819187,1462772786390334675,Suhail,,Barrhaven,45.24567,-75.73891,Private room,,30,19,2025-05-16,0.34,3,0,0,
52004237,The Mustard Den : 10mins airport 23mins DT,224889769,1463218033149897473,Eddy,,Osgoode,45.30645,-75.5914,Entire home/apt,705,2,89,2025-01-10,1.66,7,53,0,STR-847-834
52025047,Your  Home in Ottawa,40152886,1462683705273441857,Assma,,Orleans,45.49211,-75.47215,Entire home/apt,608,30,0,,,1,364,0,
52057659,Room with Queen bed near airport/South Keys Metro,9319196,1462811079541918798,Daniel,,River,45.3505,-75.65774,Private room,38,30,24,2026-04-26,0.41,2,358,2,Exempt
52062727,Double Room Across UOttawa/Walk To Parliament,146743514,1462976440086375646,Frits,,Rideau-Vanier,45.42402,-75.68051,Private room,19,90,6,2023-11-01,0.11,28,365,0,Exempt
52153477,ONE BEDROOM UNIT 5Min Drive from DT!,172952472,1468678411259781544,Jean,,Rideau-Vanier,45.4365,-75.66331,Entire home/apt,84,30,7,2025-07-31,0.13,1,143,1,
52215116,3 bedroom unit- detached house- NRC-Blair- quiet,1959431,1462582781911397555,Paul,,Rideau-Rockcliffe,45.43905,-75.62034,Entire home/apt,100,30,1,2023-10-05,0.03,13,363,0,
52253949,"1-bedroom entire basement unit, separate entrance",46509945,1465696631554263274,Jennifer,,Knoxdale-Merivale,45.32871,-75.75295,Entire home/apt,71,30,25,2025-04-27,0.45,1,216,0,
52254575,Capital Getaway - Downtown 2 Bedroom apt w/Parking,417953682,1463652416448210415,Joan,,Somerset,45.40895462036133,-75.69984436035156,Entire home/apt,261,2,129,2026-06-13,2.72,3,178,45,STR-844-437
52255725,Private Nest Getaway - Very Large Studio Apartment,417953682,1463652416448210415,Joan,,Somerset,45.408924,-75.69973,Entire home/apt,114,31,104,2026-05-19,1.80,3,256,2,STR-823-710
52280592,Perfect location 2 bedrooms with Parking and wifi,287812491,1469500719221940194,Sam Al,,Kitchissippi,45.403019,-75.727394,Entire home/apt,265,1,246,2026-06-23,4.28,1,134,69,STR-843-947
52334589,"Lovely, bright space in vibrant Hintonburg",8530030,1462769705078223775,Lacey,,Kitchissippi,45.40016,-75.7266,Entire home/apt,106,8,36,2025-12-05,0.63,1,114,3,STR-827-835
52390106,Entire house ! 3 Bedr  w Balcony,281757470,1463376010686116892,Goump,,Barrhaven,45.25059,-75.7516,Entire home/apt,190,31,13,2023-12-31,0.23,1,353,0,
52422568,Quiet and country room in a private domaine,424312734,1469924633080647110,Nola,,Osgoode,45.27249,-75.50432,Private room,85,30,6,2022-06-25,0.11,1,90,0,
52471758,Dow's Lake/Glebe - 3 Bedroom with garage parking,35823823,1465530541929928006,Rebecca,,Capital,45.39367,-75.69606,Entire home/apt,,2,12,2025-01-01,0.21,1,0,0,STR-824-044
52506576,Serenity Beach House,10964947,1462853757153839368,Trevor,,West Carleton-March,45.48769,-76.05069,Entire home/apt,674,1,32,2026-05-18,0.59,3,305,14,STR-842-372
52731281,3 Bed in Central Location - Private Yard & Parking,52810809,1462724120263243070,Natalie,,College,45.34678,-75.73906,Entire home/apt,115,30,142,2023-06-26,2.49,21,235,0,STR-827-806
52796922,Downtown Ottawa Unique View Classic Room  #4,138778788,1468376975466877584,John,,Somerset,45.41481,-75.7,Private room,,30,88,2024-09-27,2.25,5,0,0,STR-831-503
52811386,Cheerful 1 bedroom with free parking,425875214,1469930750898495603,E,,Knoxdale-Merivale,45.33487,-75.72184,Private room,100,30,0,,,1,365,0,
52835323,Luxe 4 bedroom | Hot Tub | BBQ | King Bed,35715334,1462669642894785860,Rory,,Knoxdale-Merivale,45.32386,-75.79052,Entire home/apt,,30,1,2023-08-21,0.03,1,0,0,
52838518,Cheerful and vibrant 4 bedroom townhouse,427800587,1469938628636112037,Cleverlina,,Knoxdale-Merivale,45.33168,-75.75922,Private room,78,30,0,,,1,364,0,
52858211,Cozy bedroom near 4 min walk to Algonquin College,18489586,1463055357557179245,Rachid,,College,45.34722,-75.75801,Private room,42,30,1,2026-03-31,0.32,5,88,1,
52860074,Artsy Room & Bathroom in the ByWard Market,21787934,1462618616003831299,Maria,,Rideau-Vanier,45.43535,-75.69685,Private room,135,2,88,2026-06-21,1.76,1,125,15,STR-843-386
52955017,Cute as a button home w/ all amenities & great loc,95217498,1467147720539636070,Aurora,,Capital,45.40523,-75.67921,Entire home/apt,127,30,146,2026-01-06,2.59,3,261,3,STR-537-990
52964274,Suite has Private bath Kitchenette 10 min> Airport,18489586,1463055357557179245,Rachid,,Alta Vista,45.37305,-75.6584,Private room,,30,4,2025-11-17,0.20,5,31,3,
53040097,KASHY HOMES-Elegant 3 story home near DT & Airport,66264674,1466819018935171317,Kashy,,Gloucester-South Nepean,45.32092,-75.60973,Entire home/apt,373,30,41,2026-03-05,0.78,7,287,5,Exempt
53043459,Tiny Tiny Room 3Min Walk OttawaU &Train,146743514,1462976440086375646,Frits,,Rideau-Vanier,45.42357,-75.68028,Private room,57,30,5,2023-11-30,0.10,28,365,0,Exempt
53047191,Cozy 2-Floor Condo w Free Parking,130820230,1468310228430050229,Jeff,,Kitchissippi,45.40243,-75.73206,Entire home/apt,70,30,13,2025-06-08,0.26,1,357,0,
53091063,University city center Privateshowroom Free Pking,119271373,1462915753741649953,Sunnie,,Rideau-Vanier,45.423462,-75.675926,Private room,134,1,174,2026-06-05,3.08,2,80,28,STR-848-949
53107826,Forest Suite in the City: 1bd/1bth + parking,27099999,1465400234087542567,Kaitlin,,Knoxdale-Merivale,45.3217,-75.73962,Entire home/apt,137,3,171,2026-05-29,3.03,1,32,38,STR-826-893
53154459,Funky 2 Bedroom Bungalow,430301425,1469948932496779664,Melanie,,College,45.35508,-75.76294,Entire home/apt,,30,8,2023-02-28,0.14,2,269,0,
53155078,*Fully Equiped Studio in Byward Market*,52445814,1465848682444528399,Michaele,,Rideau-Vanier,45.42853,-75.68969,Entire home/apt,,30,128,2023-12-01,2.27,2,0,0,STR-824-306
53168985,Downtown Private Showroom Walkable + Free Parking,119271373,1462915753741649953,Sunnie,,Rideau-Vanier,45.423462,-75.675926,Private room,120,1,140,2026-05-24,2.48,2,251,19,STR-848-949
53271985,Downtown Farmhouse Loft w parking,55288519,1465906233567168586,Grace,,Capital,45.41184,-75.67767,Entire home/apt,294,1,314,2026-06-09,5.60,2,202,75,STR-828-548
53302297,Waterfront Retreat Sauna Hot Tub Kayak Canoe Fish,22350228,1462620857691149749,Jenny,,West Carleton-March,45.51136,-76.13217,Entire home/apt,924,1,143,2026-06-03,2.58,15,295,41,STR-827-237
53337383,The Lookout - Ex. 2 Bedroom Downtown apt w/Parking,417953682,1463652416448210415,Joan,,Somerset,45.408924,-75.69973,Entire home/apt,153,31,102,2025-09-15,1.82,3,92,2,STR-823-710
53342248,Spacious one-bedroom suite in a country setting,21011582,1463144322463426553,Claudette,,Cumberland,45.34846,-75.45665,Private room,126,1,38,2026-06-15,0.78,3,143,19,STR-826-121
53380534,Central Ottawa Apartment w/ Parking,10109677,1462831897474464391,Rebecca,,Somerset,45.40572,-75.70632,Entire home/apt,138,30,238,2025-12-31,4.26,1,196,33,STR-827-323
53433033,Bright Boho 3 Bedroom Lower Level Unit,430301425,1469948932496779664,Melanie,,College,45.35487,-75.76148,Entire home/apt,96,30,1,2021-11-27,0.02,2,335,0,
53436584,"True Glamping, 4 Bedroom, Family Cottage Sleeps 12",196641898,1469025292387450697,Vick,,West Carleton-March,45.50912,-76.14821,Entire home/apt,509,3,15,2025-07-26,0.28,6,345,1,Exempt
53437564,Large Family/Group Camping Cottage,196641898,1469025292387450697,Vick,,West Carleton-March,45.51115,-76.147,Entire home/apt,731,3,0,,,6,354,0,Exempt
53439990,King Suite with Private Entrance & Free Parking,209603655,1469093510774273841,Dave,,Stittsville-Kanata West,45.28032684326172,-75.91947174072266,Entire home/apt,177,1,145,2026-06-21,2.61,1,271,28,STR-856-372
53460716,Spacious Private Guest Room at Carlington Townhome,2573284,1462525025783856097,Nick,,River,45.37751,-75.72641,Private room,46,32,12,2026-04-30,0.22,1,125,2,
53462240,Spacious 1-bedroom place with free parking,432914020,1469959691616527462,Yehia,,Alta Vista,45.3869,-75.66489,Entire home/apt,205,1,182,2026-06-15,3.31,1,328,27,STR-827-666
53464200,Lovely 1 bdrm apartment downtown Ottawa,47238547,1465711629958071049,Siobhan,,Rideau-Vanier,45.43465805053711,-75.68831634521484,Entire home/apt,72,30,10,2025-08-25,0.28,2,354,2,
53476727,☻ 1Bd 1Bth Fully Renovated Private Apartment ☻,433027932,1469960260787138611,Armin & Morvarid,,Stittsville-Kanata West,45.28873,-75.91595,Entire home/apt,94,30,252,2026-04-28,4.52,2,352,34,STR-827-820
53478040,Cheerfull bedroom in Townhouse Rm # 3,189847984,1468984855311313420,Michelle,,Barrhaven,45.26324,-75.77566,Private room,33,30,76,2025-05-01,1.37,5,174,0,STR-830-975
53511813,Charming 2 bedroom apartment,364395881,1469732663209602381,Hoa,,Rideau-Goulbourn,45.22997,-75.68942,Entire home/apt,109,30,8,2023-12-13,0.14,2,365,0,
53518347,Cozy Retreat: Room @Stittsville,294779480,1463402458122566254,Jaldipkumar,,Stittsville-Kanata West,45.27434,-75.87617,Private room,51,31,0,,,1,178,0,
53545284,Family & Friends Gathering Place w/ Pool & Hot Tub,285138961,1469491749771210447,Nina,,Kanata South,45.30563,-75.90241,Entire home/apt,628,3,46,2025-09-02,1.27,1,98,11,STR-847-196
53554141,Relaxful Trendy Suite w/Fireplace,426883243,1469934850188208230,Alice,,Orleans,45.47126,-75.49709,Entire home/apt,133,2,215,2026-06-05,3.90,1,274,63,STR-844-419
53557303,COZY traveller haven close to downtown w/ PARKING,42714196,1465634581623527379,Amani,,Rideau-Rockcliffe,45.44689,-75.62882,Private room,50,30,37,2026-02-06,0.69,7,320,3,STR-832-217
53607236,Stunning family home in Old Ottawa South!,136280929,1468357132350413836,Samantha,,Capital,45.39293,-75.6887,Entire home/apt,665,4,109,2025-09-07,2.00,1,61,9,STR-824-287
53628480,Home in Ottawa,414349092,1463644641640189757,Tyus,,Gloucester-Southgate,45.36364,-75.62803,Entire home/apt,,30,12,2025-01-02,0.29,1,0,0,STR-831-564
53683509,Lovely 2BDRM Apartment Ideal Location Free Parking,251940619,1469335016879955907,Maya,,Rideau-Vanier,45.430809020996094,-75.69451141357422,Entire home/apt,390,2,154,2026-06-19,2.87,1,305,23,STR-843-320
53689411,"Britannia Bay Master bedroom, private ensuite bath",172734660,1468676566400507524,Chas,,Bay,45.36044,-75.80385,Private room,75,30,2,2024-01-31,0.04,2,362,0,
53738304,Private entire 1-bedroom with parking and backyard,302122653,1469548648004021059,Mason,,Barrhaven,45.2813,-75.76566,Entire home/apt,160,1,219,2026-06-19,4.07,1,252,26,STR-827-290
53782012,Cheerful 2-bedroom townhouse,373388889,1469758411600348967,Subo,,Stittsville-Kanata West,45.28917,-75.9171,Entire home/apt,296,3,49,2026-06-21,0.90,1,44,9,STR-845-036
53784568,Private Downtown Condo in Ottawa near Parliament14,79847570,1462825434075322299,May,,Rideau-Vanier,45.42894,-75.69542,Entire home/apt,528,1,42,2026-02-16,0.77,5,67,8,STR-827-098
53805525,Central suite with private entrance & bath,543308673,1470433637119443652,Tatyana,,Rideau-Vanier,45.43164,-75.69356,Entire home/apt,169,2,150,2026-06-11,2.80,2,326,28,STR-854-734
53894015,Cozy 1-bedroom place with hot tub,412684075,1469880595335525055,Allie,,Bay,45.3529,-75.80101,Entire home/apt,247,2,126,2026-06-17,2.32,1,66,30,STR-829-189
53972563,Full Suite w/ Private Entrance.  Personal Parking.,304328870,1469558869119636194,Daniel,,College,45.31921,-75.82253,Entire home/apt,109,3,140,2026-05-17,2.56,1,18,29,STR-827-784
53979130,Modern Waterfront Cottage | 30 Mins from Airport,20667719,1463135535285240559,Nikkie,,Rideau-Goulbourn,45.10292,-75.62227,Entire home/apt,467,1,216,2026-06-19,3.95,1,294,50,STR-826-615
53990892,Ottawa's 8-BED/4-BATH Modern Home - 2021 NEW BUILD,108699607,1462892315898373960,George,,Innes,45.44367,-75.52235,Entire home/apt,281,1,359,2026-06-29,6.56,1,12,45,STR-848-184
54044181,Clean one bedroom,260443663,1469376163276803058,William,,Cumberland,45.45396,-75.4828,Private room,84,30,7,2022-03-28,0.13,1,365,0,
54055962,Comfortable 2 Bedroom Guest House,438083434,1469979675211797695,Garry,,Innes,45.42766,-75.52188,Entire home/apt,91,30,0,,,1,365,0,
54083553,Modern 2- Bedroom suite in the heart ♥️ of Westboro,120606768,1468226868242371811,Mark,,Kitchissippi,45.38507,-75.74416,Entire home/apt,547,3,36,2026-06-17,0.72,1,329,17,STR-827-272
54090888,Master bedroom with ensuite bathroom on 19th floor,27561119,1465406813426165371,Sameer,,Kitchissippi,45.40001,-75.75054,Private room,107,30,9,2024-05-24,0.17,1,360,0,
54103619,Central Studio Apt - Cozy Basement Unit w/ Parking,331773956,1469638940277447213,Rianne,,River,45.36857,-75.68175,Entire home/apt,206,2,303,2026-06-24,5.58,1,224,62,STR-855-592
54105725,"The Ottawa Hideaway - spacious, 1 bedroom rental",438586765,1469981462704715258,Christine,,Cumberland,45.423454,-75.437775,Entire home/apt,158,1,19,2026-03-03,0.36,1,162,5,STR-828-273
54146352,A Suite Slice of Home - Centertown - Bachelor,121084731,1468230609133642161,Bianca,,Somerset,45.41042,-75.69697,Entire home/apt,,18,309,2026-02-14,6.80,1,1,3,STR-828-846
54188462,Small Bedroom in kanata south- w/Gym access,5035914,1462538532154388595,Abdo,,Kanata South,45.28803,-75.86077,Private room,57,30,21,2025-09-14,0.39,2,365,3,STR-827-417
54247249,Light-Filled Hintonburg 1 bedroom - WFH Ready!,1695540,1462565346329266083,Christine,,Kitchissippi,45.40474,-75.72357,Entire home/apt,147,31,0,,,1,173,0,
54251073,A Cheerful 1-bedroom basement in Ottawa Downtown,411116238,1469875400940038462,Blandine,,Rideau-Rockcliffe,45.43382,-75.64804,Private room,63,30,129,2024-07-04,2.51,1,365,0,Exempt
54265297,Bright & Comfortable 3BR Near Britannia Beach,336812206,1469653253880684468,Vadim,,Bay,45.36065,-75.78532,Entire home/apt,432,3,79,2026-06-21,1.88,1,227,20,STR-847-127
54281008,A room Downtown near Uottawa and CHEO,440219415,1469987654259488119,Precious,,Capital,45.41434,-75.67142,Private room,54,30,40,2022-08-29,0.74,1,349,0,
54291202,Spacious 2 Bedroom Guest Suite,440322548,1469988084906817313,Steve,,Gloucester-Southgate,45.345411313890814,-75.6346594598502,Entire home/apt,115,30,5,2026-04-30,0.27,1,295,3,
54291617,Luxury Urban Suites ★ Steps from Parliament ★,402300255,1469844701705355964,ReStays Host Concierge,,Somerset,45.42132,-75.69657,Private room,369,1,20,2026-04-17,0.39,4,351,5,Exempt
54292389,Luxury One Bedroom ★ Steps from Parliament ★,402300255,1469844701705355964,ReStays Host Concierge,,Somerset,45.42251,-75.69859,Private room,339,1,44,2026-05-26,0.82,4,355,5,Exempt
54294747,Cozy Private Room with Private Ensuite Bathroom,440338318,1463707399832358896,Ibrahim,,College,45.345631,-75.75827,Private room,,1,370,2025-08-10,6.85,3,0,12,STR-824-059
54386826,"Nice, Clean & Queen  Room w/free parking in City",400665088,1463615608868614906,Ritu,,Alta Vista,45.39408,-75.61269,Private room,32,30,30,2026-04-30,0.56,4,121,4,STR-826-163
505579028187010195,Ottawa (Westboro) | Cozy 2 Bedrm Guest Suite,81116549,1466986962606895859,Dawn,,Kitchissippi,45.39258,-75.75802,Entire home/apt,148,3,168,2025-12-11,3.23,1,4,31,STR-826-656
526424586601254937,Large family home: Downtown. Airport. Shops. River,305048917,1463423451553795044,Mohammad,,Gloucester-South Nepean,45.26112,-75.69935,Entire home/apt,176,1,451,2026-06-21,8.50,8,351,94,STR-000-000
544911473252586176,2BD MID CENTURY APARTMENT IN THE HEART OF DOWNTOWN,22350228,1462620857691149749,Jenny,,Rideau-Vanier,45.4302,-75.6917,Entire home/apt,297,1,184,2026-04-10,3.45,15,290,1,STR-847-280
549146217165380654,Uplifting Private Bedroom with Smart Lock and Desk,440338318,1463707399832358896,Ibrahim,,College,45.345631,-75.75827,Private room,,1,268,2025-08-03,4.98,3,0,8,STR-824-059
551558117525410726,Cheerful Private Room with Smart Lock and Desk,440338318,1463707399832358896,Ibrahim,,College,45.34563,-75.75827,Private room,,1,271,2025-08-02,5.05,3,0,3,STR-824-059
552945687290688941,Bright and beautifully furnished one bedroom home,5648790,1462685914718526091,Jesse,,Somerset,45.4087,-75.70791,Entire home/apt,,30,0,,,1,0,0,
553624516485360894,"Modern 1 bedroom, indoor fireplace & Free Parking",368128583,1469743027886301164,Mathieu,,Rideau-Vanier,45.43358,-75.69113,Entire home/apt,120,30,10,2025-07-31,0.22,2,180,1,
555593177858643880,Gorgeous 2 Bedroom Walk-Out Apt. in Kanata Lakes,443261477,1469999255283740440,Fatima,,Kanata North,45.31557,-75.9379,Entire home/apt,104,30,31,2026-04-05,0.59,1,325,3,Exempt
556765453281827871,"Entire suite, busy business area 20min to downtown",193965676,1463106193220047910,Tuan,,Barrhaven,45.28913,-75.73967,Entire home/apt,147,1,335,2026-06-21,6.60,4,8,61,STR-846-771
557118622483015554,Beautiful 2 Bedroom Renovated Unit,47107109,1465706505156998118,Wael,,Alta Vista,45.39396,-75.61373,Entire home/apt,,1,108,2025-01-26,2.06,1,0,0,STR-834-888
558110202340516853,NEW Private 1-bedroom Suite + Parking,57825271,1462738340419266045,Lauren,,Gloucester-South Nepean,45.30958,-75.59787,Entire home/apt,155,1,114,2026-06-20,2.58,1,336,27,STR-855-298
559368998096946150,Cozy Basement Studio,21137003,1463147536070967738,Alexandra,,Capital,45.4051399230957,-75.67544555664062,Entire home/apt,160,1,132,2026-06-06,3.00,1,28,31,STR-854-186
559438244340014224,Bright & X-large Queen  bedroom with free parking.,400665088,1463615608868614906,Ritu,,Alta Vista,45.39394,-75.61105,Private room,34,27,29,2025-10-18,0.55,4,126,2,STR-826-163
559579935983715324,Furnished Luxury 2 bedroom in Stittsville,85904315,1467034674353095979,Jessica,,Stittsville-Kanata West,45.27670669555664,-75.91873168945312,Entire home/apt,159,30,3,2026-06-12,0.27,1,364,3,
560141109352067679,5BR Work Crew Stay – Prime Location | Huge Parking,52810809,1462724120263243070,Natalie,,College,45.3544,-75.73747,Entire home/apt,199,30,177,2025-07-20,3.35,21,266,5,STR-828-358
561656447233471654,Spacious basement suite with a private bathroom,107919587,1462890423755286464,Josy,,Cumberland,45.445694,-75.488182,Private room,85,1,372,2026-06-23,7.07,1,322,82,STR-826-563
562345952765255872,Bright and Clean Centretown 1-bedroom with PARKING,35508696,1465524663303374071,Mitchell,,Somerset,45.40645,-75.70751,Entire home/apt,79,3,129,2026-06-20,2.48,1,54,37,STR-843-334
562917245828080208,Lovely Ottawa  4-Bedroom Loft - Rare Find!,445056948,1470006008773404235,Nancy,,Rideau-Vanier,45.43271,-75.68398,Entire home/apt,,30,134,2024-04-30,2.52,2,0,0,STR-838-410
565050330143275288,Ecovacations,445661290,1463720306941371417,Jarullah,,Stittsville-Kanata West,45.28329,-75.8912,Entire home/apt,138,1,340,2026-06-17,6.67,1,256,70,STR-845-419
565762453467042322,Room in shared suite,403047905,1469847326393301843,Sharmilee,,Barrhaven,45.2553068,-75.7395524,Private room,50,30,0,,,4,365,0,
565762461840703122,Room,403047905,1469847326393301843,Sharmilee,,Barrhaven,45.2553068,-75.7395524,Private room,67,30,0,,,4,365,0,
565871189611451915,Cozy room in a 3 bedroom townhouse in Kanata.,380958634,1469779043580064058,Lola,,Kanata South,45.27674,-75.86681,Private room,49,30,36,2026-01-31,0.70,3,87,1,STR-827-269
567241181392563057,Tranquil 4bed home in Ottawa with parking!,32115239,1465471789242265807,Sal,,Gloucester-South Nepean,45.26895,-75.68848,Entire home/apt,792,2,42,2026-02-03,0.85,1,359,15,STR-856-052
567306853149084903,Divine room (queen)+private bathroom,446166228,1470010073196569445,Ernesto,,Rideau-Vanier,45.42611,-75.6865,Private room,159,1,279,2026-06-09,5.32,7,134,54,STR-839-610
567370615547438000,Exquisite room (queen)+private bathroom,446166228,1470010073196569445,Ernesto,,Rideau-Vanier,45.42632,-75.68648,Private room,153,1,262,2026-06-10,4.97,7,171,36,STR-839-610
567374709919165524,Fabulous room (queen)+private bathroom,446166228,1470010073196569445,Ernesto,,Rideau-Vanier,45.42658,-75.68618,Private room,142,1,253,2026-06-07,4.81,7,255,33,STR-839-610
567378270187812228,Cozy Loft queen bed private bathroom,446166228,1470010073196569445,Ernesto,,Rideau-Vanier,45.42578,-75.68555,Private room,123,1,221,2026-06-07,4.26,7,144,62,STR-839-610
572107511604325446,Downtown Ottawa 2-bedroom unit,49022691,1465745555933003168,Carol,,Somerset,45.41615,-75.69293,Entire home/apt,126,30,20,2026-03-24,0.39,5,98,3,
572681293093578937,Cozy 1-bedroom rental Ottawa Chinatown,447315583,1470014389073600880,Andy,,Somerset,45.40884,-75.71327,Entire home/apt,212,1,206,2026-06-10,4.09,2,251,53,STR-830-056
575515574241147019,Dow's Lake Retreat Studio,194289731,1469012013673565738,Teuta,,Capital,45.39698,-75.69547,Entire home/apt,137,2,163,2026-06-21,5.84,1,71,66,STR-855-178
575519710205751813,"COZY WESTBORO COTTAGE 
 : UPGRADED 3 BED W/ PRKING",1912447,1462581587664984250,Nathan,,Kitchissippi,45.392944,-75.757217,Entire home/apt,,30,8,2026-05-31,0.16,1,31,2,
577452716349699334,Comfy 3 Bedroom Cottage - Sleeps 8,196641898,1469025292387450697,Vick,,West Carleton-March,45.510674,-76.143974,Entire home/apt,330,3,12,2025-08-26,0.25,6,349,3,Exempt
577486805771689163,"Sleigh Room, Downtown, Second Wind Ottawa! Parking",119516995,1468218200768815506,Pamela And Judith,,Somerset,45.41351,-75.68503,Private room,149,1,347,2026-06-21,6.84,3,198,81,STR-825-026
579812260426446926,Lovely one bedroom apartment near Westboro,448979021,1470022059049382869,Sarah,,Bay,45.37249,-75.76133,Entire home/apt,,31,14,2024-08-05,0.27,1,0,0,STR-831-169
580633472524684329,Beach Front in Constance Bay with Hot Tub,117982797,1468206244948982767,Jack,,West Carleton-March,45.4776963,-76.0684136,Entire home/apt,810,3,15,2025-10-20,0.59,1,263,8,STR-837-231
581241027208003141,Quaint Home w. Huge Backyard | Central Location,52810809,1462724120263243070,Natalie,,College,45.34791,-75.73849,Entire home/apt,160,30,96,2024-12-09,1.86,21,345,0,STR-827-302
581679481954050077,Sunroom Downtown Canal Second Wind Ottawa!Parking!,119516995,1468218200768815506,Pamela And Judith,,Somerset,45.41351,-75.68503,Private room,137,,328,2026-06-19,6.46,3,0,70,STR-844-151
581737146983450023,Private spacious 1 bedroom basement apartment,390031852,1469806471385228904,Eric,,Bay,45.35907,-75.77598,Entire home/apt,75,30,7,2025-12-01,0.17,1,208,3,
582521375053254811,Lux Room | Private Bath | Free Parking |Trainyards,60421237,1466743760013517048,Alex,,Alta Vista,45.40943,-75.63643,Private room,66,30,1,2023-03-15,0.03,1,87,0,
582773982314712924,5 Bed Crew House | Central Location & Parking,52810809,1462724120263243070,Natalie,,College,45.35312,-75.73926,Entire home/apt,211,30,82,2023-07-26,1.58,21,296,0,STR-828-358
582833531948170958,Peaceful 1 Bedroom by Ottawa River,256646338,1469356010154703321,Randa,,Cumberland,45.52085,-75.38737,Entire home/apt,64,30,4,2025-09-03,0.16,1,31,1,
585720960032221548,Modern Studio Apartment,450234698,1470027448037962900,Modern,,Rideau-Vanier,45.4293,-75.68217,Entire home/apt,291,1,116,2026-05-24,2.24,7,232,5,STR-849-394
585998325539459647,The Sandy Bottoms: Constance Bay Beach House,85297148,1467028662565408108,Short And Suite BnB,,West Carleton-March,45.5002,-76.07523,Entire home/apt,503,2,53,2026-06-18,1.09,28,307,10,STR-829-163
586144226915409758,Modern 3 bedroom townhouse in downtown Ottawa,450310096,1470027638902211216,Daniel,,Somerset,45.41454315185547,-75.6978759765625,Entire home/apt,484,2,89,2026-06-14,1.79,1,3,22,STR-827-134
586947743336381850,2 Bedroom Suite | Downtown | Free Parking,450234698,1470027448037962900,Modern,,Rideau-Vanier,45.42882,-75.68253,Entire home/apt,290,1,214,2026-06-05,4.18,7,79,37,STR-851-761
587018047902491792,Adorable bachelor close to hospitals & downtown,293238292,1463399653694816421,Auday,,Alta Vista,45.3958,-75.6247,Entire home/apt,98,30,75,2025-08-24,1.49,2,296,7,STR-826-871
587409566319221729,Tranquil Getaway on the Ottawa River,104296246,1462880884100314752,Claire,,West Carleton-March,45.4676,-75.97729,Entire home/apt,246,1,275,2026-06-14,5.49,1,205,55,STR-853-196
588255413815757004,Spacious Walk-Out Basement with Scenic Views,488481764,1487980398790949699,Naz,,Rideau-Goulbourn,45.212959,-75.703049,Entire home/apt,177,1,234,2026-06-21,4.63,1,62,37,STR-826-115
588502359007497510,Luxurious waterfront 5-bedroom with pool and spa,450829591,1470029828603517307,Kendra,,Rideau-Goulbourn,44.98744,-75.7766,Entire home/apt,692,2,148,2026-06-07,2.92,1,266,32,
589263742343665560,Condo in a secure neighborhood in Ottawa,450991969,1470030561422284357,Seynabou,,Beacon Hill-Cyrville,45.450649,-75.598099,Private room,113,30,0,,,4,365,0,
591216093147943189,"Luxury Mansion W/Hot Tub, Pool Table & 10 Beds!",235717240,1469254690900870447,Sam,,Gloucester-Southgate,45.35665,-75.63591,Entire home/apt,308,30,196,2026-04-05,4.15,1,296,15,STR-827-265
591837422757614441,Two-Story Heritage Loft ★ Steps from Parliament ★,402300255,1469844701705355964,ReStays Host Concierge,,Somerset,45.422218,-75.697479,Private room,729,1,17,2026-06-10,0.34,4,344,5,Exempt
592912427068740463,1 bedroom basement appartment,280460480,1463373699965959506,Ekaraj,,Barrhaven,45.29628,-75.7334,Private room,57,2,141,2026-06-17,2.79,1,39,29,STR-827-147
593628179201260232,Lovely 2-Bedroom Condo with Parking in Hintonburg,224986249,1469195067211689040,Guy,,Kitchissippi,45.4036,-75.72639,Entire home/apt,60,60,0,,,1,358,0,
593796330218950147,Very relaxing modern clean cozy basement bedroom.,210070192,1463172496975878397,Jemal Jimmy,,Innes,45.4293,-75.50946,Private room,126,2,56,2026-06-14,1.10,1,314,9,STR-846-172
595532571900638546,Modern Private Bedroom in Female Only Residence,247607805,1463291639344645866,Murray,,Rideau-Vanier,45.423545837402344,-75.6791763305664,Private room,40,30,3,2024-06-30,0.09,10,365,0,
598440933597251505,6 bdrm Calm&Private Farm In Ottawa: The Farm Haus,452865559,1470038150735246808,Tom,,Rideau-Goulbourn,45.2626973232263,-75.88773345947266,Entire home/apt,725,2,104,2026-06-07,3.89,1,135,39,STR-831-864
598551921953558528,House near Amazon warehouse with spacious parking,364395881,1469732663209602381,Hoa,,Osgoode,45.32363,-75.46836,Entire home/apt,124,30,1,2023-07-21,0.03,2,365,0,
601551036656390618,Near VIA Rail and 3km to downtown Ottawa w/parking,189267524,1468981257831124501,Lisa,,Alta Vista,45.41743,-75.64464,Entire home/apt,167,1,281,2026-06-18,5.51,1,218,74,STR-850-875
602261321532915534,Cozy Condo in Little Italy- Dow's Lake,139432278,1468381865848275256,Reda,,Kitchissippi,45.39786,-75.71057,Entire home/apt,96,30,2,2023-09-30,0.04,1,267,0,
602893300674520047,Lower Level Basement Apt HeartOfOttawa! 2Dweling!,453764473,1463740010290064065,Nicole,,Rideau-Rockcliffe,45.44859,-75.64861,Entire home/apt,106,30,30,2023-01-07,0.59,1,174,0,STR-835-823
603435183274785598,"Private Studio ~ Full amenities, patio & parking!",35209787,1465520210003075754,Brenda,,Innes,45.46501,-75.53072,Entire home/apt,155,1,71,2026-06-21,4.57,1,245,41,STR-848-535
604307505453916586,"Cheerful 4 bedroom house, with covered patio.",19073056,1463068957793473205,Kenzie,,Rideau-Goulbourn,45.20387,-75.83268,Entire home/apt,480,1,47,2025-08-25,0.93,1,79,8,STR-826-605
604365303237902980,Beautiful 3-Bedroom House | Centretown | 2 Parking,27666421,1462641847956527854,Melissa,,Somerset,45.41014,-75.7065,Entire home/apt,550,1,404,2026-06-22,7.91,1,203,87,STR-827-140
605698964139157936,Lovely spacious bedroom with private bathroom.,446940772,1463723311918616056,Montsi,,Beacon Hill-Cyrville,45.44326,-75.59581,Private room,87,1,27,2026-06-18,0.54,1,312,5,STR-827-652
606985526323521836,Spacious Century Townhome near Byward Market,454661622,1470045504562779390,Kaleb,,Rideau-Vanier,45.43317,-75.69005,Entire home/apt,221,30,10,2025-08-17,0.20,1,325,1,
607902737340837143,4 season cottage with hot tub in Constance Bay,205423498,1469071529887206636,Christopher,,West Carleton-March,45.49186,-76.07452,Entire home/apt,538,2,74,2026-06-07,1.50,1,267,22,STR-847-224
609283093801195893,"Private Oasis. Kitchenette, Fireplace, Bathroom.",921101,1462533339788786794,Christine Anne,,Kitchissippi,45.40234,-75.71689,Entire home/apt,122,6,41,2026-06-13,0.85,1,107,8,STR-854-197
611094880728329877,"Downtown , Landsdowne Canal living",58252047,1466698251093761077,Barry,,Capital,45.4043,-75.67993,Entire home/apt,476,2,128,2026-06-09,2.71,1,309,34,STR-844-983
611429137089173714,Beautiful new 3Bed Townhouse in Kanata,444901365,1470005381214831692,Illya,,Stittsville-Kanata West,45.2888,-75.9201,Entire home/apt,311,2,155,2026-04-10,3.07,1,271,42,STR-844-325
613583656884751690,Charming 1Bed/1Bath Apartment in Trendy Westboro,456118953,1470052581569981564,Jaemin,,Kitchissippi,45.39152,-75.75607,Entire home/apt,206,2,87,2026-06-14,1.83,1,39,21,STR-844-957
616002256316257499,Charming Glebe Home with backyard,76051662,1466933332772563111,Karen,,Capital,45.39849853515625,-75.68831634521484,Entire home/apt,,3,10,2024-07-19,0.20,1,0,0,STR-827-478
617913303423362393,Gorgeous newly built 1 bedroom in Westboro!,103744159,1462879475785631561,Daria,,Kitchissippi,45.38512,-75.74818,Entire home/apt,193,2,70,2026-06-21,1.39,1,224,16,STR-827-037
617945304971762730,New apartment in Sandy Hill along Rideau river,166833046,1468616476124673509,Karen,,Rideau-Vanier,45.4271,-75.67306,Entire home/apt,,1,102,2025-08-28,2.53,1,0,8,STR-847-980
618022206198504683,Spacious Apartment in Central Ottawa,457117783,1470057655941906731,Cam,,Capital,45.38086,-75.67705,Entire home/apt,95,31,114,2025-09-30,2.60,2,333,10,STR-829-478
619126244955784752,"Bright, modern & cozy 2BR with deck and parking",397433584,1487970197867841180,Alina,,Somerset,45.40891,-75.70931,Entire home/apt,102,30,7,2025-12-07,0.18,1,153,3,
620444842648264898,Cozy 1-bedroom in Central Ottawa,397897968,1463609156929031642,Paul,,Capital,45.402794,-75.704887,Entire home/apt,156,2,152,2026-06-07,3.09,1,295,34,STR-826-512
620504727064583632,"Cozy 2BR, 8 min ✈, fully equipped, GreenboroSuite",53061151,1465859630444142746,Rosemarie,,Gloucester-Southgate,45.362503,-75.642372,Entire home/apt,,2,56,2023-09-03,1.15,1,0,0,STR-826-927
620938386731171435,Modern 2BR Home in Barrhaven- 2 Free parking,220284099,1469162603523295451,Olawale,,Rideau-Goulbourn,45.241417,-75.731056,Entire home/apt,253,1,268,2026-06-03,5.44,1,302,40,STR-843-827
621544688995338716,"2 bedroom, 1.5 bathrooms townhouse",141303730,1468396370552050705,Hakim,,Innes,45.43312,-75.51811,Entire home/apt,101,30,1,2022-08-31,0.02,1,84,0,
622471030403523611,Sprawling Riverside Retreat with  HotTub & Sauna,55787321,1465913430023159100,Jackie,,West Carleton-March,45.47732,-76.01007,Entire home/apt,694,2,93,2026-06-14,2.10,1,53,24,STR-848-715
624116151200790722,Private bedroom in townhouse,8812197,1462566755047306209,Lili,,Orleans,45.48312,-75.48482,Private room,,30,28,2024-05-31,0.56,3,0,0,STR-826-870
625547570444133831,The Downtown Lounge - 4 Bedroom Home w/ Parking!,458502682,1470064408311060156,HuiHui,,Somerset,45.416294,-75.705124,Entire home/apt,513,1,162,2026-05-17,3.31,1,107,43,STR-845-002
627007268510817933,Private Basement Suite w/ Bath – Convenient Area,459125591,1470067274593339804,Dang Khoa,,Barrhaven,45.26227,-75.75048,Private room,96,1,163,2026-06-21,3.40,1,9,50,STR-842-439
627623409923509997,"One level Townhouse, @corner, new bright 2 bedroom",402772385,1463620265253388455,Firas,,Stittsville-Kanata West,45.270287,-75.875938,Entire home/apt,149,30,15,2026-03-20,0.31,1,193,1,
628160653189479331,3 Bedroom 2 Full Bath Apartment with Private Yard,284283741,1469488466274494719,Matt,,College,45.3172,-75.81921,Entire home/apt,113,30,9,2024-09-30,0.20,1,322,0,
628998479341319460,OTTAWA ★ LUXURY SUITE★ 1BR 1BTH,297778649,1469531913495332060,Cloud Nine Vacations,,Somerset,45.41014,-75.71419,Entire home/apt,100,30,1,2022-10-07,0.02,1,176,0,
629479407880415243,Great Two Bedroom Townhouse with Private Rooftop!,61813437,1466760353710917243,James,,Rideau-Rockcliffe,45.45199,-75.62992,Entire home/apt,,2,43,2025-09-01,0.91,1,0,6,STR-848-532
629685370264647606,Central Glebe Third Floor Space,159885492,1463006862686416551,Lindsay,,Capital,45.40521,-75.69496,Entire home/apt,166,30,0,,,1,90,0,
629689193640740458,Excellent studio in Ottawa,7109687,1462723673342868438,Myroslav,,Somerset,45.420315105016314,-75.6935012588621,Entire home/apt,77,30,3,2026-05-31,0.27,1,61,3,
631727349281043620,Cheerful 4 Bedroom House with Fireplace.,13155755,1462904555202807604,Mary Catharine,,College,45.3476921,-75.7345375,Entire home/apt,170,30,2,2025-09-04,0.06,1,109,1,
634208790039092538,Room4 with private toilet,444975033,1470005632117811516,Tony,,Kanata South,45.27726,-75.84506,Private room,69,1,71,2026-05-18,1.49,1,355,8,STR-826-834
634921675272826617,Bright & Spacious 2 Bedroom. With free Parking!,460949715,1470076003617605525,Jesse,,Somerset,45.40949,-75.70955,Entire home/apt,142,30,17,2025-10-07,0.34,2,162,1,
634926314166245994,Spacious 3 Bedrooms,458361319,1470063750937107395,Rose Caddy,,Gloucester-Southgate,45.37518,-75.62087,Entire home/apt,64,30,4,2025-05-31,0.08,1,269,0,
635538406118980420,Modern 1 bed APT in Hintonburg,214173810,1469120732797690456,Irena,,Kitchissippi,45.40542,-75.72404,Entire home/apt,87,30,50,2026-06-02,1.01,1,257,7,STR-827-118
637381503982174097,Cozy Bunkie on a Charming Hobby Farm,461471815,1470078645408417248,Alex,,West Carleton-March,45.40787,-76.22973,Entire home/apt,270,2,45,2025-10-05,0.91,1,363,3,STR-836-707
638527121966548796,Ottawa Mini Loft Suite -A Couples Escape,138791195,1462959282950820348,Amanda,,Barrhaven,45.2726,-75.78274,Entire home/apt,182,2,149,2026-06-22,3.03,1,337,41,STR-847-144
639434521227825127,Nice house with 4beds,210167827,1469096595085192450,Linda,,Gloucester-South Nepean,45.26466,-75.6985,Entire home/apt,959,30,0,,,1,365,0,STR-826-385
642155410954867133,"Central Canal Sunny Studio,priv parking,priv entry",146518899,1462975931355166592,Tatiana,,Capital,45.41022,-75.67991,Entire home/apt,,30,29,2025-06-19,0.60,5,1,0,STR-827-922
643290725424486304,"Cheerful 4 bedroom home with hottub, pool table",440279155,1469987919360168819,Sarah,,Bay,45.36501,-75.77803,Entire home/apt,,30,0,,,1,363,0,
644444243426187892,Adorable entire guest suite - 5' from the airport,83924653,1467015017363693026,Tram Anh,,Gloucester-Southgate,45.34613,-75.66296,Entire home/apt,,30,6,2025-06-04,0.13,1,0,0,
646193909823511257,Private room in spacious condo with amazing view,5005599,1462670555277498957,Kimia,,Rideau-Rockcliffe,45.44402,-75.6428,Private room,9,180,0,,,1,358,0,
647342211670633367,Charming Century House in Westboro,21852250,1462618882392110170,Valérie,,Kitchissippi,45.39237,-75.74426,Entire home/apt,,4,1,2022-09-19,0.02,2,0,0,STR-853-163
647745948432796402,Charming Heritage House in Ornate Neighborhood,61850083,1466760809775936130,Roya,,Rideau-Rockcliffe,45.44218,-75.68974,Entire home/apt,,2,31,2024-07-21,0.66,1,0,0,STR-826-637
648018434251332608,Lovely spacious&modern one-bedroom unit in Ottawa,120525002,1468226245560994512,Florence,,Kitchissippi,45.38864,-75.7474,Entire home/apt,200,1,258,2026-06-17,5.50,1,165,70,STR-844-412
648695633108670227,King Bed & Sauna | Walk to Amenities,52810809,1462724120263243070,Natalie,,College,45.35309,-75.73892,Entire home/apt,111,30,52,2026-05-29,1.09,21,358,3,STR-828-358
651206773915716039,Cheerful Bedroom in Townhouse. Room # 2,189847984,1468984855311313420,Michelle,,Barrhaven,45.26331,-75.77587,Private room,16,30,40,2025-04-16,0.82,5,174,0,STR-830-975
655537600796239390,1bd newly renovated apt near civic,465679411,1470099105012818513,Zydra,,Knoxdale-Merivale,45.357771,-75.7091241,Entire home/apt,127,30,0,,,1,270,0,
656607778970934517,Stay Close to Algonquin College,31918836,1465469067757996272,Nabin,,College,45.35923,-75.74941,Private room,76,30,0,,,2,365,0,Exempt
657933029979679673,Executive 1 bedroom apartment w/ office & parking.,466213210,1470101514639939228,Erin,,Somerset,45.40779,-75.70014,Entire home/apt,121,31,12,2026-06-06,0.26,1,266,3,
658436580042855203,Cozy Rustic Waterfront Cottage,189710458,1468984017252225634,Jennifer,,West Carleton-March,45.49142,-76.22866,Entire home/apt,292,3,75,2025-10-12,1.55,1,60,8,STR-843-293
658608804020950783,Beautiful Modern 3 Bedroom with Parking & Backyard,7354245,1462560486128945044,Lisa,,College,45.36459,-75.75362,Entire home/apt,200,30,4,2023-07-29,0.09,20,357,0,Exempt
658773640010334142,Spacious 2 brm apartment in Ottawa free parking,401767563,1469842879631132063,Roxanne,,Rideau-Vanier,45.44199,-75.65847,Entire home/apt,106,30,12,2026-06-01,0.27,5,256,3,
659652441670861028,Above-ground basement unit with private bathroom.,12164771,1462881538131248229,John,,Kanata North,45.32188,-75.92982,Private room,93,30,0,,,1,363,0,
660200193962297023,Sleeps 8+ close to Tanger outlets modern house,289013551,1463389689846640417,Iris,,Stittsville-Kanata West,45.27334,-75.94289,Private room,472,2,171,2026-06-13,3.62,1,49,50,STR-848-426
661387502790162115,"4-Bedroom Home, Sleeps 8+",64762834,1466800811861868293,Lisa,,Rideau-Vanier,45.43769,-75.66324,Entire home/apt,,30,1,2026-06-01,0.94,6,1,1,
663750276007082587,Angie's Place,208899961,1469089735039350307,Angela,,Kanata North,45.31402,-75.92801,Entire home/apt,166,1,145,2026-05-30,3.51,1,277,43,STR-844-134
664575027243458132,Welcome to your Shoreline Getaway,467859663,1463773810264461793,James,,West Carleton-March,45.48012,-76.05216,Entire home/apt,1408,2,28,2026-04-05,0.61,1,329,5,STR-828-415
665260885196062176,Work or Study in Ottawa,468038000,1470110226455785933,Mehrdad,,Rideau-Vanier,45.43223,-75.6618,Entire home/apt,53,60,18,2026-04-25,0.40,2,238,5,
666655034608175298,Spacious bungalow in the center of the city,137115362,1468363668388446749,Andrew,,River,45.37725,-75.74105,Entire home/apt,,3,11,2024-03-31,0.23,1,0,0,STR-828-354
667639706620026005,"3 Bedroom Cozy Family Home, Close to all amenities",18842066,1463062988014645333,Walid,,Innes,45.43099,-75.51207,Entire home/apt,,30,163,2025-05-25,3.49,2,0,0,STR-829-551
668691724473720096,Private bedroom in downtown Ottawa,377558188,1463563160965340604,Momodou,,Somerset,45.41761474556793,-75.69904021918774,Private room,84,30,24,2024-12-08,0.86,1,365,0,Exempt
669764796143093793,Cozy 2-bedroom in Ottawa-East,148616774,1468455062128154587,Mikaela,,Beacon Hill-Cyrville,45.44528,-75.61257,Entire home/apt,206,1,4,2024-08-16,0.13,1,67,0,STR-835-591
671116164150352684,Downtown - Large Modern 2 BR APT + 1 Free Parking,182086632,1468757097344764581,Jean Pierre Eric,,Rideau-Vanier,45.43374,-75.69072,Entire home/apt,77,30,259,2025-03-13,5.48,2,239,0,STR-831-061
671246627762096303,Cheerful Private Room in a 4-bedroom Home - Ottawa,135081108,1468346675538723764,Amit,,Innes,45.4653088,-75.5308151,Private room,58,5,7,2025-08-31,0.21,2,174,2,STR-828-848
673144366370526590,Modern Studio w/Full Kitchen Near Downtown & River,54395835,1465886050594676731,Lauren,,Rideau-Rockcliffe,45.42525,-75.66288999999999,Entire home/apt,101,30,7,2025-11-08,0.21,1,178,2,
673874244809160732,New 1BR Walk Out Basement Apt Private Entrance,69286173,1466856478061912998,Igor,,Stittsville-Kanata West,45.28686,-75.89252,Entire home/apt,169,1,156,2026-06-21,3.77,1,45,44,STR-848-016
674613842446997025,Spacious Private Room with Ensuite Bathroom,23211413,1465270148120980057,Alexey,,Stittsville-Kanata West,45.27032,-75.88151,Private room,126,1,19,2026-06-11,0.41,2,266,1,STR-828-330
676284231068237701,Bright & Warm Room,56652346,1465926908543556689,Jason,,Orleans,45.48325,-75.50677,Private room,39,30,9,2026-05-30,0.26,2,149,2,
676290892295217663,Luxurious & bright townhouse in Barrhaven!,461232551,1470077333673605435,Noor,,Rideau-Goulbourn,45.2331999,-75.73416,Entire home/apt,143,30,48,2025-08-13,1.03,1,179,3,STR-844-299
676995771213900352,"Stylish Murphy Room | Parking, Kitchenette & TV",196595586,1463122706956823586,Jenny,,Rideau-Rockcliffe,45.42305,-75.65493,Private room,144,1,26,2026-06-04,0.56,2,172,8,STR-828-009
677006163722701736,Private room near Bayshore Bus Station,455560137,1470049811388418939,Alan,,Bay,45.35093,-75.80867,Private room,36,30,10,2026-05-11,0.23,3,358,1,
677726911206010018,"* Modern, Elegant Apartment near Downtown Ottawa *",238995587,1469271486268735744,Luxury Rentals,,Beacon Hill-Cyrville,45.43691,-75.60681,Entire home/apt,119,30,1,2025-10-10,0.12,1,73,1,
678458749746219522,2-bed pet friendly house with parking and patio,184148145,1468951748349556270,Emily,,Gloucester-South Nepean,45.27021,-75.68935,Entire home/apt,126,30,11,2026-04-01,0.33,1,214,4,
679035412776453746,Central Ottawa One Bedroom Apartment with Balcony,80676282,1462827295362437474,Angela,,Somerset,45.4118181,-75.69695430000002,Entire home/apt,93,31,5,2024-09-12,0.11,4,210,0,
679046858067780595,Downtown Ottawa Lovely 2 Bedroom Apartment,80676282,1462827295362437474,Angela,,Somerset,45.4109639,-75.70000209999999,Entire home/apt,80,31,7,2025-09-06,0.17,4,350,2,
679063902358925928,Downtown Ottawa Charming One Bedroom with Balcony,80676282,1462827295362437474,Angela,,Somerset,45.4109639,-75.70000209999999,Entire home/apt,74,31,7,2025-07-31,0.15,4,344,1,
679171666543561275,Luxurious NEW 1B app w/ laundry - mins to DT!,471561098,1470126844600318252,Nicole,,Kitchissippi,45.40108,-75.72542,Entire home/apt,93,30,3,2025-10-24,0.06,2,326,1,
680403134339171977,Luxury Home with Tempur-Pedic King Beds,52810809,1462724120263243070,Natalie,,College,45.34264,-75.7392,Entire home/apt,110,30,153,2025-08-11,3.23,21,242,7,STR-830-627
680412127728970774,Lovely 2 Bedroom Apt in Orleans w/Free Parking,228248550,1469215772589731596,"Paulos,S",,Innes,45.4557,-75.52438,Entire home/apt,269,2,85,2026-05-29,1.80,2,235,17,STR-828-174
680475828181478713,Cozy Apartment - Nepean | Near All Amenities,52810809,1462724120263243070,Natalie,,College,45.34797,-75.73969,Entire home/apt,94,30,48,2025-09-01,1.01,21,362,2,STR-000-000
681353739029826791,Amazing exclusive house experience.,8368767,1462564969038749650,Jamie,,Rideau-Vanier,45.429,-75.69269,Entire home/apt,55,30,0,,,1,365,0,
682412922996479823,NEW luxury spacious Studio - mins to DT w/ parking,471561098,1470126844600318252,Nicole,,Kitchissippi,45.40098,-75.72381,Entire home/apt,90,30,19,2024-12-28,0.41,2,237,0,STR-833-120
683419774853717077,Entire house with Exercise equipment,278907473,1469468621589335541,Steve.O,,Innes,45.4602562,-75.5101628,Entire home/apt,278,15,155,2026-05-22,3.41,2,324,37,STR-829-099
685651263216556433,Cozy&ElegantRoom w/QueenBed/Desk/prking inKanata#2,472593398,1463784443177870851,Gill,,Stittsville-Kanata West,45.27594150561014,-75.8830889265531,Private room,58,1,39,2026-06-19,0.84,13,360,20,STR-829-396
685651303796417715,NOCleanFee!PrivateRm/SelfCheck-in&KingBed inKanata,472593398,1463784443177870851,Gill,,Stittsville-Kanata West,45.276347,-75.88369,Private room,59,1,397,2026-06-19,8.53,13,357,119,STR-829-396
685715359900573434,"Cozy 3-BR furnished townhouse, home away from home",214009347,1469119545344410990,Elsie,,Gloucester-South Nepean,45.28377,-75.68284,Private room,181,30,11,2025-08-31,0.27,1,174,1,STR-428-086
686985838574453110,3-bedroom Ottawa townhouse in Orleans,8812197,1462566755047306209,Lili,,Orleans,45.48482,-75.48638,Entire home/apt,,100,0,,,3,0,0,STR-826-870
687080357423236579,Almost like HOME,346189961,1469685323562391045,Ruth,,Knoxdale-Merivale,45.33517,-75.75592,Private room,78,30,0,,,1,269,0,
687604068238870661,Homestyle cottage for a couple or more!,196641898,1469025292387450697,Vick,,West Carleton-March,45.51002,-76.14621,Entire home/apt,265,3,0,,,6,361,0,Exempt
689087683164497071,Family-friendly townhome near attractions,306644321,1469567414054289433,Hamza,,Barrhaven,45.2889,-75.73332,Entire home/apt,456,2,44,2026-06-17,0.95,1,301,16,STR-827-264
689697142477204903,Gorgeous upscale end unit townhouse w/ fireplace,80710424,1466982970353054902,Sara,,Gloucester-South Nepean,45.269264,-75.6913184,Entire home/apt,158,30,2,2023-02-27,0.05,1,327,0,
691481563034436856,"Private & Cosy, Renovated, in Beechwood !",290148260,1469508197292316270,Vincent,,Rideau-Rockcliffe,45.44142,-75.67638,Entire home/apt,73,30,1,2023-08-27,0.03,5,365,0,
693468147116589893,Top Floor Downtown Apartment,49022691,1465745555933003168,Carol,,Somerset,45.41499,-75.69389,Entire home/apt,100,30,2,2026-04-30,0.21,5,365,2,
693711975462044927,Rideau River Retreat in heart of Ottawa,278050619,1463369145768263193,Eva And Sam,,River,45.343471897282555,-75.69549549154053,Entire home/apt,451,1,50,2026-06-22,1.08,1,296,27,STR-844-633
694391543566082803,Bright colourful Studio apartment,47238547,1465711629958071049,Siobhan,,Rideau-Vanier,45.43493607252802,-75.68825304508209,Entire home/apt,64,30,11,2026-02-06,0.29,2,365,4,
694479872234226648,Rideau River / Kingsview Park / Tudor Style House,238110112,1469266870709251794,Marc,,Rideau-Vanier,45.43427,-75.66992,Entire home/apt,519,1,137,2026-06-20,3.23,1,88,40,STR-847-248
694884439106324382,Spacious 2 bedroom in Byward Market w/ parking,5545904,1462683394453218264,Ana,,Rideau-Vanier,45.4296562,-75.6951558,Entire home/apt,468,1,116,2026-06-14,2.74,1,40,12,STR-829-589
695090078338559198,Master Bedroom Retreat • Near Bank St & Billings,41209181,1462686978875894871,Abdur,,Capital,45.38238,-75.67258,Private room,120,1,93,2026-06-15,1.99,2,356,21,STR-843-755
695644862396396984,Bright 2-Bed / 2BR w/ Backyard Oasis w/Parking,475497236,1470143777031318192,Katherine,,River,45.34557,-75.66986,Private room,,1,200,2024-10-28,4.88,1,0,0,STR-831-056
697192711261694238,NOCleanfee!Comfy roomw/QueenBed/parking inKanata#3,472593398,1463784443177870851,Gill,,Stittsville-Kanata West,45.276548581019426,-75.8835557475686,Private room,58,1,22,2025-12-28,0.48,13,362,3,STR-829-396
700217214882613901,Recharge at this Hidden Gem 10 min from downtown,476455420,1470147580778381287,Viviana,,Rideau-Rockcliffe,45.44743,-75.63245,Entire home/apt,343,1,459,2026-06-21,9.86,1,54,118,STR-844-031
701395938566770685,"Bright 2-bedroom with 3 beds, 1 block from Canal.",95217498,1467147720539636070,Aurora,,Capital,45.40622,-75.68,Entire home/apt,485,1,328,2026-06-08,7.12,3,285,97,STR-852-444
702299454842917257,"Luxury 10 Bedroom Mansion w/HotTub, Pool Table&Gym",476870267,1470149289267548962,Ahmad,,River,45.35471,-75.68972,Entire home/apt,911,1,315,2026-06-17,7.24,1,301,63,STR-843-202
702899828838303595,Snug cabin in the woods!,196641898,1469025292387450697,Vick,,West Carleton-March,45.50963,-76.14836,Entire home/apt,197,3,3,2026-05-29,0.08,6,354,1,Exempt
702927370861538876,Cheerful two bedroom with all the amenities needed,118362603,1468209113315824214,Isaac,,River,45.35036239999999,-75.66657239999999,Entire home/apt,166,30,0,,,1,365,0,
702974338263726724,NOCleanfee!Cheerful room w/parking&Wifi inKanata#3,472593398,1463784443177870851,Gill,,Stittsville-Kanata West,45.276548581019426,-75.8835557475686,Private room,57,1,172,2026-06-08,3.81,13,362,18,STR-829-396
703800588187256750,Spacious and modern 1-bedroom condo with pool,44670047,1465663090870524786,Wendy,,Rideau-Vanier,45.42836,-75.68722,Entire home/apt,120,30,14,2026-05-30,0.32,1,207,3,
703885667162779823,Room near South Keys transit and shopping centre,9319196,1462811079541918798,Daniel,,River,45.35183,-75.65758,Private room,38,30,15,2026-05-09,0.38,2,358,4,
705271948873559154,"Brand New Luxury Home W/8Beds, Hot-tub, Pool Table",477437239,1470151522671108930,Gia,,Gloucester-Southgate,45.34468,-75.62419,Entire home/apt,626,1,318,2026-06-21,6.85,1,55,76,STR-842-884
707178188069622178,Modern apartment in upscale Sandy Hill w Parking,31684913,1465465607976791324,Stan,,Rideau-Vanier,45.42915,-75.67519,Entire home/apt,84,30,12,2026-05-24,0.31,1,254,3,
707279392101475349,"Entire basement, Wide Windows, Private Bath&Office",141938927,1462966022673554022,Pam,,Cumberland,45.44221,-75.47925,Entire home/apt,131,1,16,2026-06-11,0.67,1,264,8,STR-834-468
710179072182368389,Casa Mia Beach House,22350228,1462620857691149749,Jenny,,West Carleton-March,45.50441,-76.08493,Entire home/apt,326,1,213,2026-06-21,5.06,15,326,56,STR-848-479
711240849962102573,Exquisite 2&2 nestled near Byward Market,27712287,1465409228644350060,Christian,,Rideau-Vanier,45.43149,-75.69302,Entire home/apt,422,1,200,2026-06-17,4.56,3,47,57,STR-829-311
713883908861814046,Cozy Private Queen Room in a stylish Townhome,225930932,1469201188397988038,Gbenga,,Stittsville-Kanata West,45.26625,-75.89122,Private room,85,30,47,2025-01-26,1.27,2,365,0,STR-833-734
715238791225385818,Spacious Brand new house in heart of barrhaven,479388983,1470159511071525348,Manjot Singh,,Barrhaven,45.25037,-75.75769,Private room,58,30,0,,,1,365,0,Exempt
719011486816923330,NOCleanFee!ModernRmw/SelfCheck-in&parknginKanata#2,472593398,1463784443177870851,Gill,,Stittsville-Kanata West,45.2765486,-75.8835558,Private room,57,1,297,2026-06-20,6.58,13,360,77,STR-829-396
719526365980294644,Luxury 1-bedroom home with patio,470194310,1470120459058437013,Yh,,Alta Vista,45.39219,-75.66311,Entire home/apt,289,2,62,2026-06-21,1.39,1,249,26,STR-828-780
721780456179808701,Beautiful ensuite room with free parking in Ottawa,412324522,1469879464200943332,Adebo,,Innes,45.44253,-75.52131,Private room,115,2,29,2026-01-03,0.64,3,357,6,STR-855-655
721792776371943616,Bright room in newly built house (Orleans/Ottawa,412324522,1469879464200943332,Adebo,,Innes,45.4419,-75.51995,Private room,86,2,49,2026-02-20,1.08,3,358,9,STR-855-655
721801187254624876,Lovely room in New House (Orleans/Ottawa),412324522,1469879464200943332,Adebo,,Innes,45.44082,-75.51926,Private room,86,2,46,2026-06-02,1.01,3,345,9,STR-855-655
724080203498212933,Executive condo in downtown Ottawa (+1 parking),66190971,1462771162645398738,Luis,,Somerset,45.42208,-75.69773,Entire home/apt,,30,0,,,26,42,0,
725513552468391873,Spacious Private room w/King Bed+Wifi inKanata#1,472593398,1463784443177870851,Gill,,Stittsville-Kanata West,45.2765486,-75.8835558,Private room,66,1,37,2025-04-23,0.81,13,357,0,STR-829-396
725848267351974797,"Extended stays, made easy at Casa Mir’o",83744233,1467013238412350582,Kelly,,Innes,45.45349,-75.51597,Entire home/apt,218,30,8,2026-04-01,0.23,1,130,2,
729642360185964497,Three Bedroom Home for Rent. Central location.,14115713,1462930877417225268,Chris,,Alta Vista,45.38251,-75.6421,Entire home/apt,102,30,1,2025-03-31,0.07,1,174,0,
732068842419321578,Cute 1-bedroom suite steps from downtown,195281847,1469017710014784523,Steve,,Rideau-Vanier,45.42223,-75.67692,Entire home/apt,,2,270,2026-06-14,6.13,1,13,64,STR-846-722
732560720140826867,Unique quiet 1-bedroom,186991773,1468967815141272413,Marina,,Kitchissippi,45.40734,-75.72398,Entire home/apt,325,1,221,2026-06-21,4.90,1,286,60,STR-829-002
732658113591761784,Cottage by Rideau River,6978062,1462720376583446682,Shen,,Osgoode,45.1909263,-75.63485440000001,Entire home/apt,202,30,37,2025-09-01,0.98,1,360,7,STR-831-977
732745074396819912,Brand new 2-bedroom ensuite,479558372,1470160250307098643,Yogi,,Kanata South,45.3000321,-75.8781176,Entire home/apt,169,1,322,2026-06-19,7.73,1,251,118,STR-847-797
732782036302516966,Modern and Cozy Basement Suite,479094653,1470158246272508511,Robert,,Stittsville-Kanata West,45.283332,-75.88938019999999,Entire home/apt,137,2,207,2026-06-21,4.62,1,51,47,STR-845-887
734040592322072593,French Farmhouse 35 min to Downtown,482903953,1470174419785080259,Nathalie,,Osgoode,45.16195,-75.4613,Private room,99,2,88,2026-06-04,2.27,1,257,24,STR-848-908
734188388902177689,Lovely 1- bedroom vacation home with free parking,146946152,1462976882607131619,Abdel,,Innes,45.47045,-75.52149,Entire home/apt,106,30,11,2025-12-10,0.25,1,334,1,
734707953491460916,Private Club House,47934946,1462708211162956886,Corey,,Gloucester-Southgate,45.3855009,-75.6138935,Entire home/apt,944,30,0,,,1,365,0,
735661055764279619,Furnished condo in a nice and secure area,450991969,1470030561422284357,Seynabou,,Beacon Hill-Cyrville,45.44987,-75.59838,Entire home/apt,119,30,0,,,4,365,0,
735675028531369650,Comfortable room furnished in a beautiful condo,450991969,1470030561422284357,Seynabou,,Beacon Hill-Cyrville,45.4517,-75.59919,Private room,23,60,0,,,4,365,0,
735683501646088261,Spacious room for students in a secure condo,450991969,1470030561422284357,Seynabou,,Beacon Hill-Cyrville,45.45009,-75.5974,Private room,55,30,0,,,4,365,0,
736090340434385208,New 1-bedroom apartment in trendy Hintonburg,377566745,1469770621672107890,Daniel,,Kitchissippi,45.4048975,-75.7253901,Entire home/apt,171,2,117,2026-06-22,2.65,1,45,29,STR-828-943
736138077509064005,Double guest room in a cozy bungalow,170204121,1468644819436729371,Naresh,,Alta Vista,45.39704,-75.62875,Private room,34,30,13,2025-10-01,0.29,2,90,1,STR-827-149
737549893184118775,Adorable 1-Bedroom Basement Unit,25197613,1462632556113950605,Cory,,Rideau-Vanier,45.43568,-75.68733,Entire home/apt,157,1,177,2026-06-21,4.08,1,129,51,STR-847-788
737556162020120916,"Renovated, cozy (entire) apartment in Centretown",84353946,1467019145220996121,Natasha,,Somerset,45.40596,-75.70136,Entire home/apt,170,4,174,2026-06-22,4.28,2,11,20,STR-848-032
739228966159990337,Cheerful one bedroom home with free parking,284085491,1469487633751677951,Chika Chelvis,,Gloucester-South Nepean,45.30921,-75.59272,Private room,95,30,0,,,3,365,0,STR-829-545
739390685721391318,Nice and Cozy Private bedroom,374785846,1469762601163398453,Olanrewaju,,Stittsville-Kanata West,45.27223,-75.91786,Private room,111,30,0,,,1,365,0,Exempt
739416187528468127,Nice and cosy private bedroom in Stittville,483909624,1470178690920804012,Olanrewaju,,Stittsville-Kanata West,45.2732592,-75.91849169999999,Private room,76,31,0,,,1,365,0,
739745636689687354,Beautiful & cozy apartment,345306361,1469682801320380013,Martin,,Rideau-Vanier,45.44421940000001,-75.6574753,Entire home/apt,276,1,154,2026-06-06,3.63,1,324,41,STR-829-559
739828769707957172,Adorable 1-bedroom with free parking near TOH/CHEO,11325720,1462862280414539075,Kennis,,Alta Vista,45.3981997,-75.6315647,Entire home/apt,178,2,82,2026-06-10,1.84,2,111,23,STR-828-945
739921169458551978,2BR Spacious Basement Suite in Ottawa. No pets!,461907743,1470080907501039346,Dave,,Gloucester-South Nepean,45.32881,-75.59183,Entire home/apt,253,1,257,2026-06-21,5.81,1,173,54,STR-851-352
740507230179885789,Spacious 3-Bedroom Townhome w/ Free Parking,484123085,1470179673159461891,Nicole,,Stittsville-Kanata West,45.2872276,-75.9342257,Entire home/apt,288,1,296,2026-06-21,6.76,1,316,74,STR-829-193
741289508808450960,"Century home by river, hot tub & parking",81875539,1462830016538244378,Breathe Vacation Rentals,,Capital,45.3958831,-75.6748537,Entire home/apt,845,2,88,2026-06-17,1.99,4,84,16,STR-829-182
744244138144212124,A very comfortable place u can stay & feel at home,284085491,1469487633751677951,Chika Chelvis,,Gloucester-South Nepean,45.31136,-75.59227,Private room,95,30,1,2022-11-13,0.02,3,365,0,STR-829-545
744409618628412719,Charming Vintage Inspired 1 Bedroom Bungalow,132557434,1462945388086398046,Andrea,,Rideau-Vanier,45.44304959999999,-75.66741619999999,Entire home/apt,,2,69,2026-06-28,2.04,1,0,25,STR-852-537
744431181686389447,Cozy bedroom in Barrhaven (Ottawa),57651625,1466691200879257506,Muiz,,Barrhaven,45.28703,-75.73108,Private room,40,30,7,2025-12-25,0.18,3,79,1,
745049067954257915,cheerful 2 Bedrooms near downtown/ free parking,448906770,1470021685240829160,Chika,,Rideau-Rockcliffe,45.42758,-75.66047,Entire home/apt,93,30,15,2024-09-08,0.34,2,209,0,STR-827-370
745762570177395175,One private Single room with shared bathroom,460938557,1470075958256773189,Mo,,Osgoode,45.3231899,-75.5876399,Private room,77,1,11,2023-06-09,0.25,1,327,0,STR-829-043
746348867062324648,Byward Market Ottawa One Bedroom Beautiful Deck #5,266054606,1469407046041937228,Danielle,,Rideau-Vanier,45.43042,-75.69314,Entire home/apt,133,30,9,2026-02-15,0.26,5,254,4,
746958239949437935,A comfortable place that makes you feel at home,284085491,1469487633751677951,Chika Chelvis,,Gloucester-South Nepean,45.30957,-75.5922,Private room,96,30,0,,,3,365,0,STR-111-111
747070099643623624,Lovely Studio in Downtown Ottawa,112111287,1467354097155617646,Ottawa,,Somerset,45.41647150000001,-75.7077912,Entire home/apt,69,30,10,2026-05-29,0.28,1,318,4,
748037512144476623,NOCleanFee!Lovely Queen Bed/Wifi+ParkinginKanata#2,472593398,1463784443177870851,Gill,,Stittsville-Kanata West,45.2765486,-75.8835558,Private room,58,1,8,2025-07-20,0.18,13,265,1,STR-829-396
748590170371469360,"Stylish 1 bedroom apartment, with River Access",6401710,1462705516512135713,Pardeep,,Bay,45.3820328,-75.7737299,Entire home/apt,183,2,82,2026-06-22,2.18,1,115,22,STR-847-956
749485086811606634,NOCleanFee!Brightroom w/Queen Bed&ParknginKanata#2,472593398,1463784443177870851,Gill,,Stittsville-Kanata West,45.2765486,-75.8835558,Private room,60,1,26,2025-12-31,0.59,13,359,1,STR-829-396
749501879998592879,Lovely - 1 bedroom in the Byward Market + Parking,468237467,1470111143161688220,Y Junior,,Rideau-Vanier,45.42821,-75.68591,Entire home/apt,134,30,0,,,1,140,0,
752186105116240663,Modern Elegance Retreat: Stylish 1-Bedroom Suite,486223913,1470188693479083298,Mamod,,Rideau-Rockcliffe,45.45057,-75.63774,Entire home/apt,217,1,256,2026-05-23,7.36,1,359,47,STR-850-468
752251401133799788,"Green Blossoming, Sunny, Newly Renovated, Condo",309914863,1469577939481244318,Hamdi,,Orleans,45.47388,-75.53024,Entire home/apt,135,30,1,2025-07-01,0.08,1,365,1,Exempt
752336609962849270,Trailsedge Residency in modern Orleans,360699799,1463526583075600800,Elmina,,Innes,45.43636,-75.50171,Entire home/apt,214,2,130,2026-06-21,3.06,1,295,48,STR-845-453
752889299158816291,Modern and spacious room full of natural light.,57651625,1466691200879257506,Muiz,,Barrhaven,45.28676,-75.73152,Private room,42,30,13,2025-12-15,0.32,3,83,2,
752972329960556528,"Sunny, Modern 2 Bedroom Home. Quiet & Comfortable.",68110772,1466841784340286052,Jason,,Barrhaven,45.24866,-75.74402,Entire home/apt,,30,0,,,1,358,0,
753615451853622061,NOCleanFee!Beautiful room/King Bed/Desk inKanata#1,472593398,1463784443177870851,Gill,,Stittsville-Kanata West,45.2765486,-75.8835558,Private room,58,1,21,2026-05-18,0.48,13,357,5,STR-829-396
754154253024410400,"1-bedroom place with
free parking on premises",56520364,1465924821122114159,Van,,Somerset,45.40825,-75.70819,Entire home/apt,131,30,192,2025-12-27,4.91,1,364,37,STR-832-058
754246530463131967,Cheerful 2-bedroom townhouse with indoor fireplace,252623362,1463305100695783933,Ali Fernand,,Rideau-Goulbourn,45.21366,-75.67733,Entire home/apt,332,30,0,,,1,365,0,
755602362260201507,Master bedrm near Kanata Hightech,225081808,1469195712274838293,My,,Kanata South,45.30578,-75.88681,Private room,59,30,2,2025-09-01,0.15,4,174,1,
755657529037028377,"Entire House for Rent 5 Bed, 5 Baths Furnished",433027932,1469960260787138611,Armin & Morvarid,,Stittsville-Kanata West,45.28885,-75.9144,Entire home/apt,156,60,0,,,2,365,0,
755913110896494698,Downtown 5-Star 3-bdrm - BBQ - Backyard & Parking,11138376,1462857966404433940,Kal,,Kitchissippi,45.40505,-75.72482,Entire home/apt,838,2,62,2026-06-22,1.46,1,324,11,STR-829-834
756805810157588574,Cheerful 3 bedroom home,487109183,1470192363043383835,Eskedar,,River,45.37129,-75.65923,Entire home/apt,339,1,203,2026-06-12,5.35,2,247,62,STR-847-225
757868126505641079,"Superbe appartement à louer à Kanata, tout fourni",478940717,1470157676688557420,Christian,,Kanata South,45.27761,-75.86577,Entire home/apt,160,2,60,2026-05-24,1.41,1,254,12,STR-829-123
758521237337119904,Cozy apartment for a long stay\central Ottawa,239203963,1469272500625417464,Sam,,Rideau-Rockcliffe,45.4451,-75.64743,Entire home/apt,151,30,0,,,1,365,0,
759800837972810188,Modern cozy and private one bedroom in townhouse,144680969,1468423434764007394,Edmond,,Barrhaven,45.2459,-75.7434,Private room,,2,23,2024-04-26,0.53,2,0,0,STR-829-749
760856502569021372,Private room in Ottawa,189447060,1468982292634298605,Olurotimi,,Orleans,45.47415,-75.45558,Private room,68,2,140,2026-06-19,3.26,1,322,22,STR-829-650
760928074663480757,4-bedroom all-inclusive furnished apartment,64762834,1466800811861868293,Lisa,,Rideau-Vanier,45.44017,-75.66581,Entire home/apt,137,31,0,,,6,296,0,
761569055889237974,Entire House: 5BR + Optional 2BR Basement | Kanata,462190630,1463760484564723567,Joy,,Kanata South,45.29003314063438,-75.86555778980255,Entire home/apt,626,1,261,2026-06-22,6.26,1,291,80,STR-846-328
762198407132296075,Modern Bright 2BR Apt with Fast Wi-Fi & Parking,58038466,1466695657463906332,Eldin,,Kitchissippi,45.39784,-75.71068,Entire home/apt,,30,1,2023-07-05,0.03,4,0,0,
763010696336896601,Lovely private room in Ottawa,292416323,1469514549645108726,Jeremiah,,Cumberland,45.47379,-75.47135,Private room,58,30,0,,,1,365,0,
763219688128716053,Comfy double bed size room,57651625,1466691200879257506,Muiz,,Barrhaven,45.28546,-75.73133,Private room,38,30,7,2025-12-19,0.16,3,83,2,
763894469633579046,"Entire Beautiful house, 10 min from Ey Centre",278907473,1469468621589335541,Steve.O,,Gloucester-South Nepean,45.3190224,-75.5966475,Entire home/apt,147,30,86,2026-06-08,2.43,2,274,28,STR-833-375
764672032045314930,Hideaway at Margrave,488530527,1470198621539503882,Jose,,Gloucester-Southgate,45.36584,-75.63556,Entire home/apt,147,30,6,2026-05-30,0.16,1,317,2,
765444134007229930,Luxury modern Home for 10+ with Hot Tub!,488675856,1470199336588504449,Lindsay,,Orleans,45.47131,-75.48501,Entire home/apt,388,3,83,2026-06-08,1.91,3,296,25,STR-829-748
765473045330113795,Cozy and peaceful house!,409125379,1469868445945812723,Sylvestre,,Beacon Hill-Cyrville,45.42711,-75.61043,Private room,132,30,73,2026-06-11,1.69,2,48,19,STR-845-369
768193990878876845,Great location.,395177224,1469822362788385784,Ali,,Alta Vista,45.39468,-75.6177,Private room,108,30,0,,,1,364,0,
769503336578392006,Spacious 1 Bedroom unit,489326320,1470202442491684777,Su,,Cumberland,45.45343,-75.47102,Private room,,31,0,,,1,364,0,
771569481538690258,Spacious room in downtown Ottawa. Room #1,138778788,1468376975466877584,John,,Somerset,45.41366,-75.69881,Private room,71,30,64,2024-11-17,1.64,5,116,0,STR-831-503
772757835310202646,Bright Room -Private Bath -Single Home-Barrhaven,248638353,1469318345012276270,Mary,,Barrhaven,45.249825917650185,-75.75824897736311,Private room,72,2,6,2023-08-27,0.15,2,87,0,STR-829-777
773391350112023629,"Beautifully Renovated Home, 5bed",71201716,1462794413024282579,Danusia,,Beacon Hill-Cyrville,45.45699,-75.60149,Entire home/apt,,3,87,2026-03-23,2.04,1,0,31,STR-829-809
774597383431990825,Charming Westboro Suite,14237221,1462933735089138111,Emily,,Kitchissippi,45.39302,-75.75631,Entire home/apt,200,2,108,2026-06-14,2.74,1,103,34,STR-845-073
776117972899484888,"Room in, Orleans",300835642,1469543725044316903,Shane,,Orleans,45.46695,-75.49776,Private room,26,30,0,,,1,269,0,Exempt
776330831969415816,Cozy 2 bedroom unit,406457348,1469858812332190499,Jason,,Alta Vista,45.3806382,-75.64217239999999,Entire home/apt,90,30,6,2025-07-31,0.15,1,361,1,
778226799075514751,Private room in single home,173801552,1468686383251517373,Feng,,Kanata South,45.27651,-75.83913,Private room,62,10,34,2025-12-12,0.81,2,39,8,STR-847-137
778246537350682328,"Cozy Kanata Home. Near CND Tire Ctr, 4 parkings.",490836673,1470209968230115574,Harry,,Kanata South,45.2803,-75.85569,Entire home/apt,628,2,104,2026-06-20,2.45,2,167,37,STR-845-612
779088468144923265,Quiet & Sunlit Basement Suite,490962762,1470210503225833711,Ben,,Kanata North,45.3261096,-75.9255113,Entire home/apt,293,2,115,2026-06-12,2.71,1,58,35,STR-830-439
781755656542911697,Elegant Home in a Charming Neighbourhood,192078006,1468998537420313816,Elizabeth,,Rideau-Goulbourn,45.25217978813333,-75.9000427116394,Entire home/apt,140,30,11,2026-04-13,0.29,1,194,4,
781782657209275042,Place to call home,491175458,1470211491176623249,Wanjiku Kungu,,Cumberland,45.4564195,-75.503757,Private room,,30,0,,,2,0,0,STR-833-853
781790371266423432,Comfort,491175458,1470211491176623249,Wanjiku Kungu,,Cumberland,45.45687,-75.50265,Private room,549,30,2,2023-09-10,0.06,2,365,0,STR-833-853
782023931159201661,Ottawa Home Near Downtown with Pool,206908062,1463155170491642286,Omar,,College,45.34383,-75.73515,Entire home/apt,423,1,203,2026-05-18,4.77,1,316,33,STR-830-588
782153140079321944,Kanata Comfort:Private Roomw/Queen Bed+Desk&Parkng,472593398,1463784443177870851,Gill,,Stittsville-Kanata West,45.27751655255102,-75.88318105273078,Private room,58,1,51,2026-06-19,1.20,13,362,33,STR-829-396
782584466795180239,4 bed house with chefs kitchen,491557486,1470213382523744785,Jonathan,,Bay,45.34733,-75.8027,Entire home/apt,451,1,255,2026-06-11,6.05,1,286,77,STR-829-622
782835087193422857,The Park Avenue,170632262,1468648049972030253,Steve,,Somerset,45.41331,-75.68395,Entire home/apt,231,30,3,2023-07-04,0.08,2,365,0,
783464851929894418,Newly Renovated 2 Bedroom Basement Retreat,2582233,1462599300845789474,Daniel,,Kitchissippi,45.3766503472231,-75.75738642955007,Entire home/apt,358,1,68,2026-05-31,3.22,1,315,38,STR-843-552
785037184875184236,Cozy Central 2 bedroom Flat with free parking,16029536,1462596311294253429,Korosh,,Rideau-Vanier,45.44224,-75.6561,Entire home/apt,,30,12,2026-06-04,0.30,7,1,4,Exempt
786238171714561003,Villa mon rêve,77640813,1466951889837879942,Marie-Hélène,,Rideau-Vanier,45.43677,-75.68688,Entire home/apt,76,30,11,2026-04-01,0.26,1,295,1,Exempt
788494133284880266,Modern large 2brm 10min from downtown w/parking,401767563,1469842879631132063,Roxanne,,Rideau-Vanier,45.4432,-75.65981,Entire home/apt,,30,11,2026-05-22,0.30,5,82,3,
789107588144183515,Charming 1 Bedroom Apartment near Downtown Ottawa,16750376,1462994179755731363,Amira,,Rideau-Vanier,45.4360084,-75.6794704,Entire home/apt,76,30,0,,,1,172,0,
790785190152762058,Beautiful Views in the sky,71367960,1462794830177349769,Vivianne,,Bay,45.36025600000001,-75.7942829,Private room,8,180,0,,,1,362,0,
791239387736441592,City Cottage,136960017,1468362361126957045,Julia,,Alta Vista,45.41648,-75.64136,Entire home/apt,223,30,0,,,1,34,0,
791559999305880247,Global-Themed Comfort at Ottawa Travel Stay,128147300,1468287195895463565,Maria Kristina,,Rideau-Rockcliffe,45.4409319,-75.6421652,Entire home/apt,200,2,273,2026-06-02,6.48,1,166,84,STR-830-061
793663956560184367,Park Avenue Pied a Terre,170632262,1468648049972030253,Steve,,Somerset,45.4142778,-75.68507819999999,Entire home/apt,91,30,10,2026-05-01,0.29,2,365,2,
794796761058354832,Simple private room in Little Italy,125531677,1462929408746238643,Anas,,Somerset,45.39906,-75.70972,Private room,70,3,77,2026-06-13,2.49,3,74,29,STR-843-286
794907570441018513,Little Italy: private room in a shared house,125531677,1462929408746238643,Anas,,Somerset,45.40036,-75.70925,Private room,74,2,87,2026-05-18,2.27,3,53,26,STR-843-286
796363922232123132,Casa Del Chill,16802051,1462995339836359211,Jake,,Bay,45.34709,-75.83741,Entire home/apt,418,30,1,2023-03-10,0.02,1,89,0,STR-000-000
796416617950764750,Charming 3BDM Single Family Home with Parking,494135157,1470224464496072631,Sophie Nadine,,Rideau-Vanier,45.43646,-75.6919,Entire home/apt,432,6,31,2026-06-04,0.75,1,16,13,STR-830-500
797044418756807163,A beautiful place 1,142510385,1468406903143820284,Mujib,,Kanata South,45.29976,-75.90338,Private room,35,30,2,2026-04-17,0.05,3,285,1,STR-828-550
797060312382687296,A beautiful place 2,142510385,1468406903143820284,Mujib,,Kanata South,45.29876,-75.90335,Private room,,30,2,2023-08-09,0.05,3,0,0,STR-828-550
797067284588253312,A beautiful place 3,142510385,1468406903143820284,Mujib,,Kanata South,45.29943,-75.9038,Private room,39,30,0,,,3,205,0,STR-828-550
798618143475109633,"4 bed, 4 bath w/ Gym & Office in Westboro",7354245,1462560486128945044,Lisa,,Kitchissippi,45.39771,-75.75851,Entire home/apt,,30,5,2025-07-15,0.12,20,0,1,Exempt
799456242836191658,Customize build in Westboro,492054533,1470215570453119105,Happy Stay Property Management,,Kitchissippi,45.39739,-75.75807999999999,Entire home/apt,,30,4,2024-02-24,0.10,3,0,0,STR-491-195
800695501658675151,Rideau Canal Suite - Downtown Ottawa,44043730,1465654228293446523,Oksana & Alex,,Capital,45.40472,-75.68116,Entire home/apt,,3,86,2026-01-01,2.05,1,0,19,STR-828-787
800903834297712795,"Raj Niwas 
Private-Entry Suite Near Ottawa Airport",272612419,1469438888554670878,Shukra,,Gloucester-South Nepean,45.31252,-75.59170999999999,Private room,117,1,242,2026-06-08,6.71,1,177,63,STR-851-683
801052217334012495,Entire fully renovated/ private entrance apartment,495278626,1470229174154204465,Jose,,Kanata South,45.28941,-75.86479,Entire home/apt,80,30,3,2026-01-31,0.08,1,314,1,
801506127246884071,Luxury Ensuite room in Ottawa,495390918,1463836886452397503,Preet,,Osgoode,45.32394,-75.5857,Private room,101,1,42,2026-06-19,1.03,4,362,21,STR-847-570
802408761929188187,"1-Bedroom + Den, Sleeps 4",64762834,1466800811861868293,Lisa,,Rideau-Vanier,45.43678,-75.65745,Entire home/apt,62,31,8,2026-05-31,0.21,6,122,3,
803014166045380525,Private Bedroom #3 in a Brand New Home,325824177,1469255261134156612,Bader,,Gloucester-South Nepean,45.31283,-75.59216,Private room,55,30,78,2025-11-15,1.98,8,255,17,STR-831-615
803014178017683698,Private Bedroom #2 in a Brand New Home,325824177,1469255261134156612,Bader,,Gloucester-South Nepean,45.31169999999999,-75.59283,Private room,61,30,97,2025-12-08,2.53,8,265,13,STR-831-615
803691473420873195,The Design Gallery,12929693,1462898952115189606,Linda,,Somerset,45.4161131,-75.68641099999999,Private room,94,30,3,2025-11-14,0.08,1,83,1,STR-826-878
807129409077279559,Amazing pond view in Kanata,492054533,1470215570453119105,Happy Stay Property Management,,Kanata North,45.30745,-75.93585,Entire home/apt,,30,10,2023-10-01,0.25,3,0,0,STR-831-682
807308479729719542,Chic 3BR Unit in DT Ottawa (Sandyhill) w/Parking*,373561137,1469759002071335586,Jaybird,,Rideau-Vanier,45.42883,-75.68111,Entire home/apt,280,1,85,2026-06-05,2.05,4,39,2,STR-828-926
810426925080036360,Modern Hintonburg APT w/parking,19055907,1529315987509496126,Timothy,,Kitchissippi,45.40389,-75.72006,Entire home/apt,129,30,89,2026-05-12,2.44,1,135,19,STR-834-459
811003558166597900,Modern 2BD w Hot Tub near Nepean Sail Club and DND,45229471,1465671332792466365,Kevin,,Bay,45.35198,-75.83315,Entire home/apt,,3,14,2024-04-22,0.35,1,0,0,STR-828-453
811047887686356190,Private bedroom in Quiet house,495390918,1463836886452397503,Preet,,Osgoode,45.32352,-75.58762,Private room,85,1,45,2026-06-15,1.17,4,362,21,STR-847-570
811756292949458253,Authentic Glebe Annex Home Parking/Patio/BBQ,489006492,1470201036222511916,Aurangzeb,,Capital,45.40439,-75.68509,Entire home/apt,557,2,204,2026-06-14,4.98,1,261,45,STR-848-123
811799871027924138,Specious New Townhouse 20 min from downtown,392546478,1463596721583615518,Kian,,Innes,45.4380499,-75.5066987,Entire home/apt,170,30,37,2026-02-19,1.01,1,92,2,
812221253631015950,*Welcome to your stress-free zone - Ottawa*,257869858,1469362473469235431,Bara,,Rideau-Rockcliffe,45.44073,-75.64023,Entire home/apt,178,30,97,2026-04-27,2.49,2,204,2,STR-831-683
812996882596539001,KASHY HOMES-Alluring large single family home,66264674,1466819018935171317,Kashy,,Gloucester-South Nepean,45.32413509232185,-75.60575243477933,Entire home/apt,300,30,11,2025-12-30,0.99,7,355,11,Exempt
813039745450490501,Quiet Bedroom In A House,281544930,1463375597322944892,⁨David (Qu)⁩,,Gloucester-Southgate,45.36559,-75.62448,Private room,99,1,14,2026-04-17,0.55,1,31,6,STR-827-639
814025843770449651,Spacious Master Bedroom en-suite bathroom #1,325824177,1469255261134156612,Bader,,Gloucester-South Nepean,45.31215,-75.59345,Private room,61,30,133,2026-06-01,3.31,8,269,23,STR-831-615
814403746243543489,Cozy Townhouse in Barrhaven near Metro Plaza,432022571,1463686947250210479,Emmanuel,,Gloucester-South Nepean,45.270349906588805,-75.71466643363237,Entire home/apt,200,30,41,2026-01-17,1.05,1,298,5,STR-831-724
815280231518592235,Blissful Cove,119349298,1468216871482997083,Gloria,,Stittsville-Kanata West,45.2903303,-75.9169465,Private room,73,30,0,,,1,270,0,
816160403004337405,Private Studio in Kanata South.,340832428,1469667556870002087,Graziela,,Kanata South,45.28467,-75.88189,Private room,109,1,150,2026-06-21,3.87,1,54,30,STR-848-806
816844236228901172,"Private, clean and spacious 2BR luxury unit.",186146353,1468963061082031732,Christo,,College,45.32046461651445,-75.81907007843256,Entire home/apt,218,2,142,2026-06-19,3.54,1,37,53,STR-847-183
819107803598408163,Welcome to B&W hotel!,52123395,1462721978013893839,Will,,Gloucester-South Nepean,45.2842118,-75.6803992,Private room,78,30,0,,,2,174,0,
819568713268755944,Luxury Home 15minDT PremiumBedsLinens Parking Yard,365426346,1469735653714257763,Randy,,Knoxdale-Merivale,45.359253463911436,-75.7249077909851,Entire home/apt,377,2,71,2026-05-27,1.82,1,90,20,STR-830-259
819812624479222111,The Pink Hideout (private room),154600184,1468512757906485279,Cjay,,College,45.31356,-75.8266,Private room,64,30,8,2023-04-30,0.20,3,365,0,Exempt
819827459159814997,Very Spacious Basement Bedroom #4 in New Home,325824177,1469255261134156612,Bader,,Gloucester-South Nepean,45.31267,-75.59202,Private room,58,30,90,2025-11-19,2.34,8,120,3,STR-831-615
821916523665336793,Bright & Modern. Great Location!,157425361,1468534893299743321,Tracy,,Capital,45.38204,-75.67305,Entire home/apt,226,3,64,2026-06-15,1.61,1,247,25,STR-830-590
824868754914004945,Spacious dwelling overlooking the Ottawa River!,471454918,1470126462113026264,Idris,,Cumberland,45.51324,-75.45742,Entire home/apt,80,30,7,2026-02-14,0.29,1,364,3,
826210615520887426,Modern getaway 1 Bedroom,156346759,1468525614308812844,Jean-Yves,,Rideau-Vanier,45.43852,-75.65584,Entire home/apt,75,30,31,2025-07-30,0.76,1,59,2,STR-831-463
827593096990084788,"NEW Bright & Cozy, 2 Bedroom, 2 Balcony!",460949715,1470076003617605525,Jesse,,Somerset,45.40941,-75.70917,Entire home/apt,115,30,6,2025-08-13,0.15,2,259,1,
828241170049177182,"Bright, Clean & Crisp 3 Bed Townhouse",501352533,1470254509474856813,Ryan,,Barrhaven,45.24786,-75.75039,Entire home/apt,251,5,70,2026-06-01,1.76,2,223,2,STR-831-764
829806051379691136,"Stylish single family home-Downtown-
Airport-River",305048917,1463423451553795044,Mohammad,,Gloucester-South Nepean,45.26411,-75.68802,Entire home/apt,,30,4,2024-03-31,0.11,8,0,0,
831122460530475073,The Rustic Antler,412746928,1469880800471894515,Alanna,,Osgoode,45.2488699,-75.43002,Entire home/apt,140,30,4,2023-04-10,0.10,1,364,0,Exempt
831202423405794145,Quite Cozy townhouse,92173812,1467113328164842685,Abeer,,Gloucester-South Nepean,45.25925,-75.68645,Entire home/apt,,30,0,,,1,0,0,
831208414491005462,Room with private bathroom,478342638,1470155127509785344,Lemnue,,Rideau-Goulbourn,45.23845,-75.74782,Private room,14,91,1,2025-03-29,0.07,1,364,0,
832132617418555852,Spacious Family Home in Barrhaven. Dwtn.Shops 8min,86386718,1467039562125422234,Reem,,Rideau-Goulbourn,45.23945,-75.74643999999999,Entire home/apt,,30,268,2025-12-01,6.60,1,0,35,STR-000-000
832564951778037394,Mid-Century Apartment,26902228,1462639086107505214,Yvonne,,Kitchissippi,45.39831,-75.72583,Entire home/apt,331,1,236,2026-06-17,5.92,1,237,66,STR-847-955
835409099062314773,Waves Cottage Retreat Waterfront Property,499906188,1470248272942231948,Bruce,,West Carleton-March,45.48352,-76.05230999999999,Entire home/apt,689,3,2,2024-08-05,0.06,1,167,0,STR-825-975
836440411843106862,"A2 double bed, desk+tv (shared condo)",247432884,1463291169552301117,Andy,,River,45.37033,-75.70241,Private room,45,30,44,2024-03-25,1.12,1,184,0,STR-831-979
840110986077867889,Beautiful New Home for Families & Friends,503901171,1470265364129521010,Adam,,Stittsville-Kanata West,45.2752,-75.9113,Entire home/apt,,30,2,2024-06-27,0.05,2,0,0,
840556793986095771,Room 4 U,503993097,1470265805120422091,Marie,,River,45.38251,-75.7278,Private room,120,2,103,2026-06-15,2.69,1,316,40,STR-848-781
841545879612040752,Whole basement apartment,504231780,1470266813980197972,Aline,,Beacon Hill-Cyrville,45.4479189,-75.5882383,Entire home/apt,137,1,85,2026-06-13,2.33,1,359,45,STR-854-415
841852428878760093,New Luxury 1 Bedroom Condo Downtown,6237251,1462701394069050688,Joy,,Rideau-Vanier,45.4258917,-75.68822949999999,Entire home/apt,,31,0,,,3,0,0,
842877146519352426,"Beautiful home in Findlay Creek Village, Ottawa",504514070,1470268083279234654,Sanyu,,Gloucester-South Nepean,45.3190224,-75.5966475,Entire home/apt,148,4,29,2026-05-03,0.80,1,280,4,STR-833-375
844294509487143130,"Bright, Spacious Private Monthly 1 BR Apt -Orléans",379979184,1469776050100735332,Amaury,,Orleans,45.47089,-75.50956,Entire home/apt,87,30,16,2026-04-30,0.45,2,238,4,
844339106672322641,"Orleans 3 bedroom | Clean, spacious, sunny!",113330491,1468171521166910365,Josefine,,Orleans,45.47073,-75.50938,Entire home/apt,125,30,8,2026-03-31,0.28,1,206,3,
845734983760546083,confortable et propre grand appartement,482257097,1470171702932389205,Radia,,Gloucester-Southgate,45.3596833,-75.63430029999999,Entire home/apt,126,30,0,,,1,88,0,
847205876912064009,Prestige Home,505418978,1470272023299409866,Chinedu,,Rideau-Goulbourn,45.23827,-75.74611,Private room,91,1,52,2026-06-12,1.38,1,363,32,STR-830-780
847397440041615406,Kanata Luxury home with elevator,224889769,1463218033149897473,Eddy,,Kanata North,45.32008,-75.92711,Entire home/apt,,31,10,2023-07-14,0.25,7,0,0,Exempt
848082963763684272,Lighthouse Cottage Retreat,103724894,1467245252524800809,Kyle,,West Carleton-March,45.45476,-76.27522,Entire home/apt,511,2,89,2026-06-07,2.48,1,131,31,STR-835-219
848471472931866157,"1 bed apt - own kitchen, living room 5 min airport",235240133,1469252423234692504,Ivan,,Gloucester-Southgate,45.35188,-75.641,Entire home/apt,,29,9,2026-06-02,0.24,3,0,1,STR-828-930
848554593634780071,Nature Retreat,505697441,1470273277241688787,Kenny,,West Carleton-March,45.45724,-75.96475,Entire home/apt,182,30,40,2026-05-20,1.15,1,359,12,STR-835-890
849867980671099303,Cozy Cottage Steps 2 the Water,385488463,1469792138061458354,James,,West Carleton-March,45.50181829292642,-76.08164962381124,Entire home/apt,346,2,66,2026-06-14,1.88,1,20,24,STR-852-380
850020750858302571,KASHY HOMES-Immense Home Close to DT and Airport,33847324,1465494804042412273,Jean,,Gloucester-South Nepean,45.32548,-75.60444000000001,Entire home/apt,348,30,94,2026-04-22,2.50,1,328,27,Exempt
851049115581096256,Big room in a great location.,290415304,1469509269272944946,Maha,,College,45.3593590652867,-75.74938394129276,Private room,49,31,22,2024-06-01,0.56,5,180,0,STR-831-946
851545202310449388,The Byron Brownstone,506311317,1470275982600202264,Mike,,Kitchissippi,45.394157,-75.7422134,Entire home/apt,430,2,89,2026-05-29,2.86,1,214,35,STR-837-509
851695215636850111,cozy room in a perfect location.,290415304,1469509269272944946,Maha,,College,45.35842,-75.74903,Private room,50,31,19,2025-05-02,0.48,5,180,0,STR-831-946
851799960074519522,Comfortable 2 Br in Quiet Place,42714196,1465634581623527379,Amani,,Rideau-Rockcliffe,45.44712,-75.62771,Private room,81,30,2,2025-11-01,0.06,7,142,1,STR-832-217
852295110298592294,cute room in a beautiful house.,290415304,1469509269272944946,Maha,,College,45.3591181,-75.7495107,Private room,55,31,9,2023-08-20,0.23,5,365,0,STR-831-946
852798814606736835,Beautiful Modern Home*Sleeps 8! 4BR NFLX 2.5Bath,506569095,1470277164688742561,Micbet,,Barrhaven,45.2478455,-75.7530519,Entire home/apt,212,30,99,2026-06-05,2.60,3,239,14,STR-832-418
852821411634422005,Private suite in the heart of the city! 1bed/1bath,418361049,1469901009203761640,Zainab,,College,45.33899,-75.76239,Entire home/apt,186,1,173,2026-06-15,4.78,1,338,52,STR-850-744
853841621885097736,1bedroom and bath outside home,466816069,1470104470229536095,Gisele,,Alta Vista,45.39821,-75.61301,Entire home/apt,23,60,37,2023-09-19,0.95,1,273,0,Exempt
856588245431513418,Beach & Cozy House w Amazing View in Constants Bay,469450103,1470116928756578935,Bayhouse,,West Carleton-March,45.50929,-76.10347999999999,Entire home/apt,369,1,65,2026-05-10,1.73,1,307,17,STR-855-648
856595534923568593,Spacious Family Home. Airport 8min Downtown 15 min,361668155,1469725806514149102,Mouhamad,,Osgoode,45.3063,-75.59499,Entire home/apt,227,30,114,2025-08-31,2.90,1,232,6,STR-833-718
857440442812646620,A wonderful and cozy suite,445751469,1470008560408554335,Anthony,,Gloucester-Southgate,45.36302,-75.64459,Entire home/apt,257,2,66,2026-06-11,1.87,1,46,28,STR-852-550
859210314762793559,Stylish Bungalow,43445093,1465645130740025523,Rnea,,Bay,45.35789,-75.77644,Entire home/apt,,2,34,2024-04-16,0.86,1,0,0,STR-830-648
860127625862766700,New Modern 1BR Apt Near Downtown - FREE Parking,369086465,1463543751772594331,Ahmed,,Rideau-Vanier,45.43414,-75.6603,Entire home/apt,225,30,103,2025-06-14,2.64,1,364,0,STR-830-628
860826381618048073,Bright 1-bed suite in core of Ottawa,134578070,1468342312239081783,Shawn,,Capital,45.39602,-75.67633,Entire home/apt,217,2,119,2026-06-21,3.27,1,104,39,STR-849-355
861743523223071620,Room with en-suite Bathroom Room # 1,189847984,1468984855311313420,Michelle,,Barrhaven,45.2636698,-75.7754578,Private room,37,30,17,2025-12-20,0.49,5,230,1,STR-830-975
861813979357491666,Cozy spacious bedroom in Ottawa,496906679,1470235852444059474,John,,Barrhaven,45.24857,-75.75271,Private room,66,30,18,2025-09-28,0.46,2,365,2,STR-930-268
861845068659385695,4-Bedroom Apartment in Ottawa,64762834,1466800811861868293,Lisa,,Rideau-Vanier,45.4410606,-75.6661307,Entire home/apt,112,30,1,2023-08-02,0.03,6,296,0,
862163994324152661,Cozy Retreat - 15 min drive/bus from downtown,163370098,1468589788261063949,Buffy,,Rideau-Vanier,45.4389634,-75.6544845,Private room,94,2,98,2026-06-18,2.52,1,305,38,STR-848-995
864557732653418404,Private Bedroom,495390918,1463836886452397503,Preet,,Osgoode,45.32395,-75.5862,Private room,79,1,74,2026-06-06,1.89,4,345,43,STR-847-570
865991362144290250,Private Luxury Bachelor Flat,457117783,1470057655941906731,Cam,,Capital,45.37985,-75.6756,Entire home/apt,72,30,25,2024-06-24,0.67,2,339,0,STR-829-478
866150379326529594,Bright basement,487109183,1470192363043383835,Eskedar,,River,45.37033,-75.65986,Entire home/apt,95,30,31,2025-02-01,0.81,2,174,0,STR-829-683
866791565420192011,3 Bedroom Stylish Home in Kanata,508223971,1470284617872445362,Zoloti,,Kanata North,45.35931,-75.92427,Entire home/apt,272,30,11,2025-10-02,0.30,3,324,1,STR-833-888
868878767773883906,Bright Bachelor in Little Italy,85297148,1467028662565408108,Short And Suite BnB,,Somerset,45.41049,-75.71446,Entire home/apt,84,10,17,2024-08-31,0.58,28,311,0,STR-823-604
869284093636983126,Ottawa Downtown Skylight Room #5,138778788,1468376975466877584,John,,Somerset,45.41468,-75.69859,Private room,69,30,97,2024-12-05,2.53,5,116,0,STR-831-503
869517053899238879,Spacious & Sunny 2 bedrooms,245105082,1469300512386500566,Linda,,Kitchissippi,45.40888,-75.73378,Entire home/apt,111,30,1,2025-08-31,0.10,1,306,1,
870522174478601473,Ottawa Beautiful & Cozy Downtown Room #2,138778788,1468376975466877584,John,,Somerset,45.41492,-75.69911,Private room,114,30,123,2024-10-05,3.19,5,116,0,STR-831-503
871612717559317531,Red Brick Hideaway: 1 bedroom suite in Centretown,45410077,1465673980255962830,Scott,,Somerset,45.40719,-75.70155,Entire home/apt,71,30,16,2026-05-08,0.48,1,169,4,
871840143603020605,"Private suite in Walkley, Ottawa",492844694,1470219112631778351,Moyinoluwa,,Alta Vista,45.394863060351526,-75.61620620000001,Entire home/apt,,30,4,2026-01-10,0.12,2,31,1,
872022877592450608,Spacious master bedroom en-suite bathroom#1,325824177,1469255261134156612,Bader,,Gloucester-South Nepean,45.31069,-75.59242,Private room,86,1,17,2026-06-04,0.45,8,328,16,STR-855-440
872041356891468103,Spacious Master Bedroom+private washroom room#2,325824177,1469255261134156612,Bader,,Gloucester-South Nepean,45.31042,-75.59383,Private room,91,1,16,2026-06-21,0.43,8,310,14,STR-855-440
872046489056982212,Spacious Master Bedroom en-suite privatebathroom#3,325824177,1469255261134156612,Bader,,Gloucester-South Nepean,45.31078,-75.59318,Private room,92,1,29,2026-06-07,0.80,8,314,24,STR-855-440
874870938574618129,Room Number 4,325965874,1463456738162746007,Arian,,Knoxdale-Merivale,45.36400694452371,-75.71948803961277,Private room,100,2,58,2026-06-05,1.52,7,67,15,STR-844-126
874900627834073573,Room Number 5,325965874,1463456738162746007,Arian,,Knoxdale-Merivale,45.36386,-75.71929759999999,Private room,106,2,40,2026-05-10,1.04,7,67,10,STR-844-126
874908538311473821,Room Number 6,325965874,1463456738162746007,Arian,,Knoxdale-Merivale,45.36386,-75.71929759999999,Private room,106,2,71,2026-06-04,1.85,7,329,24,STR-844-126
877721191972105803,Best location Uncover your adventure Enjoy Ottawa!,318541362,1469602548040823813,Katie,,Rideau-Vanier,45.4264,-75.67542,Entire home/apt,88,30,4,2025-12-01,0.11,3,259,1,
877744732986078471,Cozy 2 bedroom townhouse,23211413,1465270148120980057,Alexey,,Stittsville-Kanata West,45.2701,-75.88286,Entire home/apt,303,1,86,2026-06-14,2.25,2,316,12,STR-828-330
878163658823434076,Cute room in a house,71581994,1466885047513448883,Carla,,Bay,45.34842,-75.83307,Private room,100,1,75,2026-06-23,2.21,1,137,30,STR-836-833
878170016760136997,Superb Huge Downtown Ottawa + Sofabed Bedroom #6,138778788,1468376975466877584,John,,Somerset,45.4148,-75.69985,Private room,87,30,28,2024-12-29,0.73,5,116,0,STR-831-503
878200629050258150,Just Like Home (private room),154600184,1468512757906485279,Cjay,,College,45.31442,-75.82703,Private room,77,30,1,2023-05-20,0.03,3,364,0,Exempt
880393491370218807,Rideau Getaway: Waterfront 3BR Cottage,180971904,1468746772946647258,Kelly,,Rideau-Goulbourn,45.04165,-75.69302,Entire home/apt,352,1,94,2026-05-31,2.62,1,303,28,STR-835-576
881351281297508437,Charming 2 Bedrooms in a Shared Home,166030665,1468610562420902789,Brittany,,Kanata South,45.306517997517886,-75.88483834842387,Private room,,1,0,,,1,123,0,
881869818695475627,Condo for rent 234 Rideau Ottawa,397432311,1469829290241324019,Anne Marie,,Rideau-Vanier,45.42721,-75.68722,Entire home/apt,163,31,0,,,1,270,0,
882842409147909709,Private room in westend townhome,276082277,1463364525863018359,Julia,,Knoxdale-Merivale,45.33086,-75.76073,Private room,28,30,1,2023-09-16,0.03,3,214,0,
883207876343488511,Private room and private washroom in Kanata,277840745,1469464119039893216,Yao,,Kanata South,45.30068,-75.89916,Private room,85,1,135,2026-05-03,3.76,1,6,37,STR-850-869
883988358250789546,Charming Room in a Townhouse Room # 4,189847984,1468984855311313420,Michelle,,Barrhaven,45.26275,-75.77605,Private room,30,30,26,2024-11-13,0.72,5,174,0,STR-830-975
884004256120593062,MarkG's Shack!,81189031,1466987656710366910,Mark,,Barrhaven,45.2547057,-75.7303885,Entire home/apt,210,30,6,2023-10-15,0.16,1,363,0,STR-829-554
884708822174568272,The Solace Suite – with Fireplace & attached bath,415870364,1463647772663448396,Tanvi,,Rideau-Goulbourn,45.25159,-75.89554,Private room,,1,25,2025-10-12,0.66,1,0,10,STR-835-067
884983703624034964,Charming 3 bedroom unit,1959431,1462582781911397555,Paul,,Rideau-Vanier,45.44168,-75.65943,Entire home/apt,116,30,4,2025-08-01,0.11,13,344,1,
885503372789809662,complete private basement,290415304,1469509269272944946,Maha,,College,45.3591181,-75.7495107,Private room,73,31,13,2024-09-07,0.34,5,365,0,STR-831-946
885677561234788483,Cozy & Convenient Room,56652346,1465926908543556689,Jason,,Orleans,45.48218,-75.50963,Private room,33,30,9,2026-04-01,0.26,2,174,2,
886502129774426740,Eclectic suite w backyard balcony in heart of city,463823712,1470090080542372588,Phedra,,Somerset,45.4158773,-75.685307,Entire home/apt,102,30,13,2026-01-24,0.44,2,139,4,
887062730913904705,Stunning 2 bedroom modern town home,420094491,1469907755005969831,Yulia,,Stittsville-Kanata West,45.2671899,-75.8878228,Entire home/apt,220,5,78,2026-06-13,2.24,1,349,7,STR-852-309
887308070868269759,Cozy and peaceful personal room in Ottawa,258018212,1469363270317490934,Kartavya,,Rideau-Goulbourn,45.2483767,-75.71497049999999,Private room,,1,45,2024-10-27,1.21,2,0,0,STR-834-871
887583891897902391,"Pvt room, pvt bath & adjcnt living rm. Free parkng",256632775,1469355947788346720,Md,,Innes,45.42789,-75.51655,Private room,101,1,93,2026-06-14,2.60,1,123,43,STR-850-755
887863894226868803,Lux-Haven- Single family home Barrhaven,36343664,1465539861908297646,Dario,,Rideau-Goulbourn,45.24107,-75.73975,Entire home/apt,375,2,47,2025-05-30,1.25,1,28,0,STR-832-781
887873798814049641,Room At UOttawa 8Min Parliament,510569116,1470295688584794699,Carlos,,Rideau-Vanier,45.42348,-75.68086,Private room,128,30,0,,,26,364,0,STR-436-763
887885791492818983,Tiny Room Steps UOttawa/Downtown,146743514,1462976440086375646,Frits,,Rideau-Vanier,45.42373,-75.67887,Private room,45,30,1,2023-05-21,0.03,28,365,0,STR-478-365
888366739660231398,NOCleanFee!SelfCheck-in Chic Rmw/QueenBed inKanata,472593398,1463784443177870851,Gill,,Stittsville-Kanata West,45.2765486,-75.8835558,Private room,56,1,46,2026-06-11,1.22,13,360,9,STR-829-396
888411913209907935,Spacious Room in Kanata North,458983927,1470066549223104905,Samy,,Kanata North,45.3533781,-75.9398729,Private room,39,30,2,2025-10-01,0.06,5,328,1,
888415147612532527,Master bedroom in Kanata north,458983927,1470066549223104905,Samy,,Kanata North,45.3533781,-75.9398729,Private room,49,30,1,2023-07-05,0.03,5,297,0,
888418026099262608,Elegant Room in Kanata North,458983927,1470066549223104905,Samy,,Kanata North,45.35361,-75.94077,Private room,40,30,3,2025-01-30,0.14,5,327,0,
888421009282390983,2 bedroom Basement apt. Kanata North,458983927,1470066549223104905,Samy,,Kanata North,45.3533781,-75.9398729,Entire home/apt,85,30,6,2025-06-01,0.16,5,356,0,
888469543175998225,The Executive Studio,514140616,1470312642347702057,Vasilios,,Somerset,45.4151366,-75.6901356,Entire home/apt,127,14,12,2026-05-28,0.35,1,290,8,Exempt
888503653948959243,Bright & Modern Unit,200708163,1469047248501328950,Ziad,,Gloucester-Southgate,45.34287,-75.62522,Entire home/apt,357,2,15,2023-09-01,0.40,1,26,0,STR-848-298
888567091943625414,NoCleanFee!Stylish & CozyQueen Rm+Desk In Kanata#3,472593398,1463784443177870851,Gill,,Stittsville-Kanata West,45.2765486,-75.8835558,Private room,57,1,26,2026-04-05,0.69,13,362,5,STR-829-396
889367246898079771,Private suite in carriage house,71674805,1466886173621975163,Evelyn,,Rideau-Vanier,45.42628,-75.6773,Entire home/apt,123,1,104,2026-06-29,3.08,1,10,39,STR-852-805
889911304085983836,JstLikeHome - Cozy Serenity,27076237,1462639715190195774,Roy,,Rideau-Vanier,45.44247,-75.65563,Entire home/apt,,30,2,2025-12-22,0.30,5,342,2,Exempt
891433837176683336,Townhouse in Ottawa,465807683,1470099573005674569,Omar,,Rideau-Goulbourn,45.23457,-75.73311,Entire home/apt,233,30,204,2026-04-28,5.50,1,253,23,STR-832-664
892199338939731514,A privet room in my home,361683347,1469725833368841441,Eniye,,Gloucester-South Nepean,45.27532,-75.70693,Private room,66,2,6,2023-09-29,0.16,1,364,0,Exempt
892774732351594853,6 Bedroom Crew Home | Central Location & Parking,52810809,1462724120263243070,Natalie,,College,45.34858,-75.73914,Entire home/apt,281,30,100,2025-04-13,2.70,21,230,0,STR-827-806
893012850704611950,Tranquil Oasis: Elegant Room with Peaceful Garden,517063123,1470326138905243178,Marlyn,,Stittsville-Kanata West,45.2842539,-75.925865,Private room,100,1,417,2026-06-09,11.15,1,224,142,STR-849-605
894966452336108980,Britannia Beach cozy room - private entrance\bath,29268749,1465431228466485080,Linda,,Bay,45.36799,-75.79865,Entire home/apt,,2,12,2026-01-01,0.33,2,0,1,Exempt
895620970449829678,Private Room in Stittsville,515679461,1470319752659504604,Ritesh,,Rideau-Goulbourn,45.25264,-75.89824,Private room,68,1,24,2026-01-31,0.68,4,268,8,STR-853-762
895904289377062132,Ottawa Airport Sweet Suite,515741185,1470319992952148210,Emérance,,Gloucester-South Nepean,45.31967,-75.60668,Entire home/apt,126,1,224,2026-06-19,6.33,1,248,86,STR-849-131
896702807726155214,Wellington West Inn,146371544,1468437016447779488,Alexander,,Kitchissippi,45.40072,-75.7406,Entire home/apt,263,3,68,2026-06-09,1.84,1,13,12,STR-849-934
897043549444235026,"Architected Penthouse, Private Office, Parking",120116467,1468222901496644397,Marc,,Rideau-Vanier,45.4292861,-75.6950324,Entire home/apt,108,31,3,2026-01-09,0.14,1,224,1,
897213398968080560,"2-storey, 3 bedroom apartment",100391944,1467205559689345949,Adiba,,Beacon Hill-Cyrville,45.43919440000001,-75.5981259,Entire home/apt,126,30,1,2023-09-01,0.03,1,46,0,
897948316306895427,Private bedroom in Kanata near Tech Park,225081808,1469195712274838293,My,,Kanata South,45.3057788,-75.8867908,Private room,42,30,5,2026-01-31,0.15,4,174,1,
897949322147828683,Spacious Room - Great Location!,159399411,1468551584925379259,Mehnaz,,Gloucester-Southgate,45.3714305,-75.6215063,Private room,,30,0,,,2,0,0,
898795367239714959,Britannia Beach | Fireplace | Ping Pong | Parking,52810809,1462724120263243070,Natalie,,Bay,45.36504,-75.79395,Entire home/apt,185,14,80,2026-04-19,2.19,21,293,18,STR-000-000
900020976210123305,Hollywood Parade - Chic DT Home,263332606,1469392700456398432,Nadine,,Somerset,45.41166,-75.69764,Entire home/apt,206,30,0,,,1,296,0,
900120341946145422,Modern 3BR Townhouse w/ King Bed + FREE Parking,98682860,1467186407780671760,Karl,,Innes,45.4628,-75.5371,Entire home/apt,,2,96,2025-06-15,2.56,1,0,0,STR-834-504
900192240649203065,Central and Cozy 1 Bedroom Suite,2126958,1462587057875761389,Josh,,Rideau-Vanier,45.43916,-75.66669,Entire home/apt,148,3,105,2026-06-16,3.06,1,329,36,STR-852-430
901333386430601387,Luxury Modern Home in Ottawa!,7171977,1462725232753469439,Randy,,Gloucester-South Nepean,45.2750881,-75.6807407,Entire home/apt,150,30,158,2026-01-21,4.24,1,43,12,STR-845-280
902725755819696243,Downtown Rideau River Suite,181295593,1468749784415309373,Martin,,Rideau-Vanier,45.4373,-75.68243,Private room,137,2,88,2026-06-04,2.37,1,335,11,STR-843-055
903091370931469832,Hot Tub Getaway,517404700,1470327842986324872,Exclusive BNB,,Bay,45.35724,-75.79414,Entire home/apt,114,31,0,,,1,308,0,
905747118649403269,City Chic Apartment,404350011,1469851735082142610,Eloise,,Somerset,45.40669,-75.70092,Private room,44,30,1,2023-10-25,0.03,1,364,0,
906493035023484048,A private room in Ottawa,258018212,1469363270317490934,Kartavya,,Rideau-Goulbourn,45.24726,-75.71442,Private room,,1,82,2024-10-12,2.20,2,0,0,STR-834-871
906614250067590258,La Dolce Vita Studio Apartment w/ parking,518246328,1470331754933602641,Michela,,Somerset,45.40236,-75.70522,Entire home/apt,80,2,116,2026-04-04,3.30,1,195,17,STR-835-374
907275003833003577,Fancy 4 persons with garage,518413877,1470332468706169417,Azizos,,Capital,45.41509,-75.67064,Entire home/apt,100,30,1,2023-10-29,0.03,1,360,0,STR-435-445
908093441309848334,Cozy bedroom,496906679,1470235852444059474,John,,Barrhaven,45.2475749,-75.7523911,Private room,74,30,1,2023-08-06,0.03,2,365,0,STR-930-268
908119482208124204,Findlay Creek Cozy Townhome,146143990,1468435097750955457,Yanyou,,Gloucester-South Nepean,45.31312,-75.61905,Entire home/apt,147,30,2,2025-02-28,0.06,1,36,0,
908748962880075306,The Stay Lounge - Deluxe Queen Room,502652819,1470260002445395005,The Stay,,Rideau-Goulbourn,45.23625,-75.74894,Private room,106,30,2,2024-04-28,0.06,3,364,0,STR-833-671
908758080522059873,The Stay Lounge - Standard Room,502652819,1470260002445395005,The Stay,,Rideau-Goulbourn,45.23729,-75.74728,Private room,88,30,4,2024-01-20,0.11,3,364,0,STR-833-671
908771059250679507,The Stay Lounge - Superior Room,502652819,1470260002445395005,The Stay,,Rideau-Goulbourn,45.23642,-75.74757,Private room,97,30,4,2025-06-22,0.12,3,364,0,STR-833-671
909337642068688035,Cozy 1BR Home w/ Rooftop,407861225,1469863775953837077,Khurshed,,Rideau-Rockcliffe,45.45380900211018,-75.63023846612136,Entire home/apt,252,2,10,2026-05-08,0.71,1,349,5,STR-848-728
910447522415469437,Venice Suite - Work/Chill/Concerts in Ottawa West,519168972,1470336086632953684,Chubi,,Rideau-Goulbourn,45.2508875,-75.8991932,Entire home/apt,140,2,79,2026-05-25,2.17,1,345,8,STR-855-264
911053792731456749,Cozy private apartment in trendy Hintonburg,519302846,1470336699494574439,Alexander,,Kitchissippi,45.40589,-75.72005,Entire home/apt,,30,114,2026-01-01,3.13,1,0,21,STR-835-022
911060864315138101,Cozy Cabin - 30 minutes from Ottawa,519303992,1463864618713358045,Jane,,West Carleton-March,45.4814787,-76.07086749999999,Entire home/apt,513,3,48,2025-10-06,1.34,1,205,11,STR-834-994
912549484040530694,"Large Suite, king bed, kitchen and patio",21852250,1462618882392110170,Valérie,,Kitchissippi,45.3919,-75.74403,Entire home/apt,,3,4,2026-03-13,0.11,2,0,3,STR-853-163
913179868102037771,The Modern Shack: Kanata 4bedrooms 6 beds,224889769,1463218033149897473,Eddy,,Kanata North,45.31655,-75.93948,Entire home/apt,,4,32,2025-04-06,0.92,7,0,0,Exempt
913739564186199122,Beautiful and modern home,106390902,1467290190258405873,Abby,,Gloucester-Southgate,45.37278,-75.60562,Entire home/apt,355,30,2,2023-07-15,0.06,3,365,0,Exempt
914828203875873860,Dreamy Country Retreat with Private Sauna,73049307,1466901336676868058,Sonam,,Osgoode,45.18059,-75.47359,Private room,239,30,0,,,1,365,0,
915346899546045148,Bright bedroom airport,206518638,1469077295966201985,Rahul,,Gloucester-South Nepean,45.314637836262776,-75.59076983481646,Private room,77,1,99,2026-05-28,2.72,1,83,35,STR-852-386
916755424079611202,The Pool House,59480154,1466716990152270198,Jennifer,,College,45.3600261,-75.7488966,Entire home/apt,68,30,11,2026-05-05,0.35,1,273,3,
917649904697188495,Room Steps to Ottawa University/Parliment,146743514,1462976440086375646,Frits,,Rideau-Vanier,45.42181,-75.67978,Private room,70,30,0,,,28,364,0,STR-531-642
917963561417227527,"Beechwood Oasis Private Studio Apartment, King Bed",517709296,1470329235835651791,Sarah And Sy,,Rideau-Vanier,45.44447965470657,-75.66479583068848,Entire home/apt,180,1,214,2026-06-06,5.87,5,318,63,STR-850-563
918106507605095844,Newly Refreshed Cute 2 bedroom close to Downtown,520046812,1470340001891747873,P,,Rideau-Vanier,45.43937,-75.6623,Entire home/apt,178,2,100,2026-06-05,2.83,1,29,30,STR-836-113
919408357318148822,Room Across Uottawa Steps To Rideau/ByWard Market,146743514,1462976440086375646,Frits,,Rideau-Vanier,45.42199,-75.67883,Private room,49,30,0,,,28,360,0,STR-376-149
922252787834592966,Private bedroom in Kanata near Tech Park,225081808,1469195712274838293,My,,Kanata South,45.3057788,-75.8867908,Private room,42,30,4,2026-04-26,0.22,4,299,2,
923415611741003107,Downtown Oasis: Newly Renovated 3-Bedroom House,188908573,1463094160365434354,Cassandra,,Rideau-Rockcliffe,45.429279,-75.6498479,Entire home/apt,132,30,4,2026-02-28,0.12,1,304,1,
923449151637435829,1 Room in stittsville,515679461,1470319752659504604,Ritesh,,Rideau-Goulbourn,45.25267,-75.89745,Private room,68,1,7,2025-11-01,0.19,4,266,2,STR-853-762
923454612113027929,Room in Stittsville,515679461,1470319752659504604,Ritesh,,Rideau-Goulbourn,45.25255,-75.89945,Private room,79,1,21,2025-10-31,0.60,4,266,3,STR-853-762
923942901992175365,Britannia Beach House - Perfect 4 Long Term Stays,52810809,1462724120263243070,Natalie,,Bay,45.36655,-75.79577,Entire home/apt,162,30,39,2024-07-07,1.08,21,236,0,STR-835-133
924484189889701497,"Modern 1BR - King Bed, Near DTN",150407358,1468479341147505339,Geo,,Alta Vista,45.4178,-75.64313,Entire home/apt,169,2,124,2026-06-14,4.62,2,171,58,STR-844-954
924531376359734214,"Big, clean room in a great area!",364541518,1463534062879627768,Amin,,Gloucester-Southgate,45.35764,-75.65246,Private room,116,1,26,2026-06-08,0.75,7,348,8,STR-848-205
924531384935516539,Clean and big room in great area,364541518,1463534062879627768,Amin,,Gloucester-Southgate,45.35772,-75.65173,Private room,118,1,37,2026-05-31,1.05,7,363,17,STR-848-205
924681262252040050,Modern Comfort | Prime Area + King Bed + Parking,522440970,1470350682226105537,Kevin,,Kitchissippi,45.40493,-75.71911,Entire home/apt,411,1,75,2026-06-10,2.20,1,210,36,STR-836-643
924827376029224984,New renovated room in great area,364541518,1463534062879627768,Amin,,Gloucester-Southgate,45.35771,-75.65133,Private room,124,1,34,2026-06-08,1.03,7,361,11,STR-848-205
925144513338089719,"KING bed, Free Parking, Central Location & Cozy",555266165,1470479701123987849,Jonell,,Kitchissippi,45.40578,-75.71813,Entire home/apt,372,1,162,2026-06-05,4.86,1,229,52,STR-853-091
926034760576763756,Beautiful entire basement studio with Netflix,437820112,1463701148200177069,Godwin,,Rideau-Goulbourn,45.1834,-75.84863,Entire home/apt,197,1,42,2026-04-02,1.16,1,154,9,STR-839-740
926369347462607136,Cozy room in a peaceful neighborhood,357320386,1463520124682547714,Vabna,,Cumberland,45.445409994611396,-75.48590250313282,Private room,72,1,338,2026-06-13,9.34,1,83,101,STR-854-452
926704056852805938,Room1,523249298,1470354193805352762,Lara,,Knoxdale-Merivale,45.363859,-75.7184031,Private room,48,30,24,2026-01-04,0.81,4,364,12,STR-833-699
929712408142835397,Condo at the heart of ottawa,524110886,1470357921254937895,Fatoumata,,Rideau-Vanier,45.42968,-75.68821,Entire home/apt,89,30,0,,,1,269,0,
929759662885166456,Spacious Central Oasis,466389432,1470102387199605462,Andy,,Somerset,45.41191,-75.70358,Entire home/apt,,3,0,,,1,0,0,STR-828-486
932127443736251429,Luxurious Private Master & 4-Piece Ensuite,107026767,1467297323594776297,Amr,,Gloucester-South Nepean,45.3256,-75.60703,Private room,51,30,0,,,3,268,0,
932672395217874966,"Centretown Studio, Steps to Bank Street",85297148,1467028662565408108,Short And Suite BnB,,Somerset,45.41144431130263,-75.69610152746716,Entire home/apt,74,30,74,2026-05-31,2.08,28,301,2,Exempt
932811836805305146,Cozy bedroom 10 mins to Hwy 417,196437928,1469024172185867035,Grace,,Kanata South,45.27961,-75.85451,Private room,56,30,2,2025-02-23,0.11,1,89,0,
933417996761706102,newly renovated cozy apartment,265378050,1469403792552029503,Israa,,Rideau-Rockcliffe,45.44369847897699,-75.64751869044909,Private room,75,30,0,,,1,364,0,
933634779394598591,The Golden Wave Downtown Ottawa,525173100,1470362387741795003,Ash,,Somerset,45.41589,-75.68498,Entire home/apt,247,30,173,2026-05-25,5.00,1,345,58,STR-836-130
933965284471357774,Essentially Whitehaven 2,525249434,1470362802976602225,Quinn,,Bay,45.36424994076326,-75.77096793370632,Private room,,3,7,2026-01-08,0.53,2,0,4,STR-851-815
934013503121277271,Essentially Whitehaven,525249434,1470362802976602225,Quinn,,Bay,45.36524,-75.77157,Private room,171,3,7,2026-05-31,0.20,2,42,3,STR-851-915
934189764413566159,"Escape in Little Italy, Ottawa",487965545,1470196055931469591,Rayyan,,Somerset,45.39813,-75.70918,Entire home/apt,231,1,48,2026-06-21,1.80,2,309,9,STR-838-942
934789259975180552,Beautiful and modern home,106390902,1467290190258405873,Abby,,Gloucester-Southgate,45.37455,-75.60507,Entire home/apt,354,30,1,2023-07-23,0.03,3,360,0,Exempt
934870844008808845,Elegant single home,106390902,1467290190258405873,Abby,,Gloucester-Southgate,45.34986,-75.61794,Entire home/apt,354,30,0,,,3,269,0,Exempt
937048164368329057,"*New*Clean, Luxe home with bed. 22 mins to DL",526113131,1470366181515380070,Jennifer,,Barrhaven,45.2626371,-75.7482174,Private room,211,30,111,2026-06-07,3.65,1,324,39,STR-838-020
937519113768622394,"Modern, spacious 1 bedroom unit.",41497173,1465616826358060985,Sheila,,Rideau-Rockcliffe,45.4419531,-75.67674219999999,Private room,73,30,10,2025-09-21,0.30,1,160,1,
938890256071367221,Carolyn's Cozy Retreat,510759662,1470296627395020259,Carolyn,,Alta Vista,45.4080011,-75.6437718,Entire home/apt,,4,65,2026-06-29,1.92,1,4,27,STR-852-945
939370759339037086,Beautiful new 3 Beds Townhouse in Kanata,54368665,1465885611863629185,Shaba,,Stittsville-Kanata West,45.28425,-75.93695,Entire home/apt,144,30,69,2026-06-15,2.02,1,339,14,
940771178088282374,NRC 2C: Room near college & NRC,1959431,1462582781911397555,Paul,,Beacon Hill-Cyrville,45.43694,-75.62039,Private room,33,30,1,2026-04-29,0.53,13,364,1,
941237625921911515,Hidden Haven Private Studio Apartment w/ King Bed,517709296,1470329235835651791,Sarah And Sy,,Rideau-Vanier,45.44297,-75.66388,Entire home/apt,72,30,12,2025-12-13,0.35,5,283,2,
942090010811606626,Spacious Basement Suite,202840460,1469058451306491650,Jacob,,Barrhaven,45.23957,-75.72861,Entire home/apt,183,2,32,2026-06-21,0.91,1,131,8,STR-835-899
942200713089161133,"Walk out full, private entrance",212625431,1469110700251505993,Elham,,Stittsville-Kanata West,45.24575,-75.92086,Entire home/apt,,30,2,2024-04-22,0.06,1,0,0,
942939006522983158,NoCleanFee!Rm/KingBed+Desk&Prkng,472593398,1463784443177870851,Gill,,Stittsville-Kanata West,45.2765486,-75.8835558,Private room,74,1,3,2024-08-31,0.09,13,172,0,STR-829-396
942966003576309295,Cozy room with private entrance,23679383,1465276961008162848,Salman,,Knoxdale-Merivale,45.34955,-75.71807,Private room,,1,20,2024-10-04,0.57,7,0,0,STR-828-518
943533588443409911,Studio 924,23730174,1465277843871167512,Mintcho,,River,45.36322,-75.70247,Entire home/apt,202,1,207,2026-06-14,7.88,1,301,95,STR-841-383
943626394148593581,Beautiful Home in Manotick 5BR 4BATH,527915143,1470373563830269341,Andy,,Gloucester-South Nepean,45.25484,-75.69336,Entire home/apt,509,30,39,2026-01-01,1.16,1,263,9,STR-836-868
943735744643747298,Quiet & cozy bedroom (#1) near downtown w parking,231872283,1469236127907242123,Simran,,Rideau-Rockcliffe,45.44619,-75.63229,Private room,137,1,199,2026-06-21,8.03,3,176,58,STR-838-081
944163168076702820,Room in A Home Away From Home,478483544,1470155751760849535,Lena,,Knoxdale-Merivale,45.32971,-75.76169,Private room,138,30,0,,,2,83,0,Exempt
944444206504812026,Cozy Bedroom in Urban Townhouse w/ Parking,196595586,1463122706956823586,Jenny,,Rideau-Rockcliffe,45.42342,-75.65534,Private room,112,1,54,2026-05-25,1.54,2,211,18,STR-828-009
945080683261825695,4 Bedroom Luxury Barrhaven House,528310692,1470375148262745023,Daulton,,Barrhaven,45.27113,-75.77939,Entire home/apt,446,30,9,2023-10-23,0.27,1,360,0,Exempt
945854253176177042,Rooms in Stittsville,515679461,1470319752659504604,Ritesh,,Rideau-Goulbourn,45.25199,-75.89941,Private room,192,1,0,,,4,269,0,STR-853-762
946279485934976418,New 4 Bedroom Luxury Smart Home and Gym,5911151,1462692704736191597,John,,Barrhaven,45.2494315,-75.7604702,Entire home/apt,273,1,144,2026-06-21,4.36,1,118,85,STR-852-955
946470235813139098,Lovely 4-Bedroom Ottawa,445056948,1470006008773404235,Nancy,,Rideau-Vanier,45.43261,-75.68457,Entire home/apt,,1,18,2023-12-29,0.51,2,0,0,STR-844-041
947038098758899476,Homey 2 bedroom cottage!,196641898,1469025292387450697,Vick,,West Carleton-March,45.510453237927926,-76.14764906466007,Entire home/apt,307,3,0,,,6,360,0,Exempt
947360940386906727,Two bedroom ensuite,495390918,1463836886452397503,Preet,,Osgoode,45.32237,-75.5873,Private room,194,1,40,2026-06-13,1.15,4,85,21,STR-847-570
947396983694260265,"Movie Haven: 3 rooms, 4 beds",224889769,1463218033149897473,Eddy,,Barrhaven,45.25517,-75.72899,Entire home/apt,,31,26,2025-11-06,0.77,7,0,5,STR-831-437
947654701254290281,NRC 2B: Quiet room near Blair,1959431,1462582781911397555,Paul,,Rideau-Rockcliffe,45.43879,-75.62041,Private room,33,31,2,2026-04-29,0.20,13,299,2,
947993092812409706,Modern apartment on Rideau River near Ottawa,483081503,1470175184571185006,Jim,,Osgoode,45.16384,-75.62898,Entire home/apt,124,30,1,2024-07-21,0.04,1,268,0,STR-316-888
948949237859944255,Tranquil Nest By The Airport,92313272,1467116101779873725,Etin,,Gloucester-Southgate,45.34192,-75.6268,Entire home/apt,481,1,129,2025-09-02,3.68,2,275,15,STR-853-073
950026950902235771,Private 3 Bedrooms Downtown w Balcony,408239270,1469865149191078130,Shu-Yu,,Somerset,45.408956612471044,-75.7105595351877,Entire home/apt,126,30,3,2026-06-09,0.25,1,319,3,
950781366723419723,Luxury Private Room,104257035,1467253248313975377,Wagdy,,Gloucester-South Nepean,45.28707,-75.68513039999999,Private room,89,30,0,,,1,89,0,
950919159345109032,Cozy yet spacious home! 15 mins from DT Ottawa,16479090,1462987643970068208,Alexandra,,Innes,45.43916,-75.51394,Entire home/apt,153,30,0,,,1,70,0,
951023884717143491,1BR Apt w Sleeper Sofa | Downtown | Parking incl,450234698,1470027448037962900,Modern,,Rideau-Vanier,45.42932,-75.68357,Entire home/apt,268,1,75,2026-06-08,2.89,7,265,38,STR-844-816
951395681353606672,Beautiful Airbnb 5 Minutes from Ottawa Airport,118757686,1468212300637684426,Joshua,,River,45.34264,-75.67234,Entire home/apt,455,2,42,2026-06-22,1.25,1,208,17,STR-850-753
953126490159221588,"LakeHouse8MinFrom Airport 
4Bed4BathHtubSaunaGym",55108009,1465903451452511178,Todd,,Osgoode,45.27017,-75.57953,Entire home/apt,1868,30,2,2025-08-19,0.10,2,364,1,STR-835-285
953206605705398847,TN Homes,530574881,1470383665235044815,Nathaniel,,Rideau-Goulbourn,45.2386749,-75.7440012,Entire home/apt,320,1,91,2026-06-08,2.69,3,209,29,STR-836-797
954901089753521471,River Eco-Retreat,42189921,1462689854255361853,Dana,,Gloucester-South Nepean,45.26246,-75.70693,Entire home/apt,206,2,52,2026-05-31,1.96,1,140,18,STR-855-825
954973707863051160,Spacious 3BR Home w/ Great Amenities,531051154,1470385490180297120,Evelyn,,Kanata North,45.344784,-75.9432083,Entire home/apt,447,2,7,2023-10-22,0.20,1,174,0,STR-835-162
954975014365110674,Home Away From Home,478483544,1470155751760849535,Lena,,Knoxdale-Merivale,45.33009,-75.7614,Entire home/apt,212,30,0,,,2,267,0,Exempt
955061268999052797,"255 Bay St., Unit #1405, Ottawa",137643339,1468367879895523969,Ferzin,,Somerset,45.4153555,-75.7037277,Entire home/apt,,30,0,,,1,0,0,
955352002212818262,"Luxury Palace W/Hot-tub, Arcade, & 11 beds-Airport",517887232,1470330127679672148,Maytham,,Gloucester-South Nepean,45.32881,-75.5928,Entire home/apt,911,1,159,2026-06-09,4.65,1,311,48,STR-851-205
955783436211171781,Cozy home in Elmvale Acres near General Hospital,252342663,1469336913914403178,Ali,,Alta Vista,45.3900547,-75.62596889999999,Entire home/apt,208,30,65,2025-11-12,2.07,1,266,17,STR-837-142
956072400448167829,Spacious Master bedroom ensuite,529544927,1470379925451295058,Robert And Miriam,,Kanata South,45.28042,-75.87281,Private room,54,30,4,2025-08-31,0.12,3,79,1,STR-836-092
956689963554796432,Spacious Guest house (walkout Basement)- 4 guests!,221288428,1469169038467412615,Soha,,Bay,45.36871,-75.76619,Entire home/apt,167,30,4,2023-10-29,0.12,1,360,0,Exempt
957865362075903193,Charming Upper Unit - close to amenities / airport,531800474,1470388320779493511,Rabih,,Osgoode,45.26418,-75.56204,Entire home/apt,56,30,7,2026-03-01,0.25,2,176,3,
959673636599872730,Hidden Gem,154600184,1468512757906485279,Cjay,,River,45.37801,-75.72124,Entire home/apt,166,30,0,,,3,179,0,Exempt
961269246190165808,cozy friendly trustworthy Host.,186359402,1468964255754902090,Tarek,,Knoxdale-Merivale,45.34491,-75.72634,Private room,55,1,0,,,1,263,0,Exempt
961673844947764632,Private and nice basement suit,173801552,1468686383251517373,Feng,,Rideau-Goulbourn,45.27628,-75.83801,Private room,86,1,44,2026-04-18,1.29,2,162,16,STR-847-137
961676174346916532,Master bedroom with private bathroom in Ottawa,233000958,1463242830539281090,Ajibola,,Rideau-Goulbourn,45.23716,-75.74824,Private room,116,1,59,2026-06-01,1.71,6,242,29,STR-853-234
961705626347707495,Modern house with Smart T.V,233000958,1463242830539281090,Ajibola,,Rideau-Goulbourn,45.23576,-75.74901,Private room,93,1,120,2026-06-12,3.48,6,242,36,STR-853-234
961854266619945327,A Long term dans la Capitale,40854055,1465608135546675652,Pierre,,Rideau-Rockcliffe,45.43569339764825,-75.6380494683981,Private room,60,14,5,2025-10-23,0.19,3,65,2,STR-843-551
962346544729633094,Modern house with Smart T.V,233000958,1463242830539281090,Ajibola,,Rideau-Goulbourn,45.23586,-75.74812,Private room,93,1,99,2026-06-10,2.86,6,242,39,STR-853-234
962360796308661288,Modern house with Smart T.V,233000958,1463242830539281090,Ajibola,,Rideau-Goulbourn,45.23623,-75.74749,Private room,93,1,63,2026-06-05,1.83,6,242,23,STR-853-234
962584524798693070,New Star Wi-Fi Air Conditioning Free Parking,35283874,1465521255218256243,Yu Huang,,Rideau-Goulbourn,45.21417639729074,-75.67598679714732,Private room,,119,0,,,1,360,0,
963241081215322160,Room Rome – Bright Room with Shared Bath,533170415,1470393762045389362,Will,,Rideau-Goulbourn,45.232620332507935,-75.73718389410601,Private room,86,1,47,2026-06-21,2.53,2,254,31,STR-851-239
963696429966473684,Spacious Garden Retreat with Gourmet Kitchen,10473316,1462841607273696059,Cassandra,,Rideau-Rockcliffe,45.4335211,-75.6354416,Entire home/apt,132,30,54,2026-02-16,1.62,2,183,18,STR-837-960
963966304942666410,The Blue Minty: 4beds 3.5baths luxury house,224889769,1463218033149897473,Eddy,,Barrhaven,45.24921,-75.7213,Entire home/apt,,2,19,2024-11-15,0.56,7,0,0,Exempt
964515473190716907,Red Door Haven,533503020,1470394999593882029,Oye,,Kanata South,45.30197,-75.88249,Private room,48,30,3,2025-02-18,0.12,1,297,0,
964624980070502276,"Century Charmer, Entire Home!",149155146,1468459154350968522,Jennifer L,,Stittsville-Kanata West,45.25745,-75.92299,Entire home/apt,122,30,9,2026-04-06,0.29,1,47,2,
965106557511022058,Swanky & Spacious Space,522919165,1470352814153187707,Suhani,,Cumberland,45.45187,-75.47197,Private room,145,2,49,2026-06-12,1.43,3,238,15,STR-852-786
965206761842322865,Bright 2-Queen Suite | 8 Mins to DT | NEW!,430263832,1469948797254588976,Mark,,College,45.36048,-75.74936,Entire home/apt,89,30,15,2026-03-13,0.46,1,296,5,
966217255036830790,Room Steps To OttawaU/parliament,510569116,1470295688584794699,Carlos,,Rideau-Vanier,45.42202,-75.67886,Private room,22,90,1,2024-06-12,0.04,26,269,0,
966516968509807488,"Modern Apartment: Steps to Downtown, Airport,Shops",409551845,1469869879637099030,Marco,,Knoxdale-Merivale,45.33411,-75.74279,Entire home/apt,320,1,128,2026-06-13,3.74,2,283,48,STR-856-208
968369646963359731,Room2,523249298,1470354193805352762,Lara,,Knoxdale-Merivale,45.36323,-75.71798,Private room,43,30,31,2025-11-21,1.07,4,179,11,STR-833-699
968675576570806443,Nepean Retreat,534481099,1470398726567460938,Adekola,,Barrhaven,45.24654,-75.74367,Entire home/apt,147,30,51,2025-10-16,1.59,1,360,7,STR-837-850
968735312416028274,Spacious 8 Bed Home in Barrhaven • Shops 8 Min,475194901,1470142424973385653,Mike,,Rideau-Goulbourn,45.23938,-75.7412,Entire home/apt,173,30,57,2026-05-03,1.69,2,169,12,STR-836-211
968787546054870084,Cozy Basement Studio in Ottawa,86705145,1462840649319853966,Yann-Alexandre,,Somerset,45.408912668740285,-75.69605306076122,Entire home/apt,135,1,36,2026-06-07,2.39,1,29,28,STR-848-129
968953386957427710,Home Away From Home While in Ottawa,10424386,1462574171184900777,Darlene,,River,45.38778,-75.72991,Private room,64,30,1,2025-10-27,0.12,2,348,1,
969433693256029907,Room4- Master- bedroom,523249298,1470354193805352762,Lara,,Knoxdale-Merivale,45.36418,-75.71888,Private room,47,30,31,2025-12-01,1.09,4,269,9,STR-833-699
969614930951197732,Entire new apartment in Ottawa,409125379,1469868445945812723,Sylvestre,,Beacon Hill-Cyrville,45.42672,-75.61036,Entire home/apt,114,30,0,,,2,47,0,
969745541774849323,Elegant 2 Bedroom Home.,402322365,1469844756587300083,Brianna,,Kanata South,45.27126,-75.85882,Entire home/apt,122,30,105,2025-09-08,3.09,1,325,13,STR-836-751
970370372965518599,Casa Andalüs: Central 4BR house,15121208,1462954739813496067,Haseeb,,Alta Vista,45.37787,-75.6559,Entire home/apt,,31,0,,,1,0,0,STR-832-173
970918309857006800,Spacious private room in a home!,79882477,1466974950200647937,Horla,,Rideau-Goulbourn,45.25385,-75.89637,Private room,82,31,6,2024-07-14,0.20,1,171,0,STR-837-666
971497916374157238,Tiny room Across OttawaU,510569116,1470295688584794699,Carlos,,Rideau-Vanier,45.4238,-75.6808,Private room,125,30,6,2026-05-15,0.26,26,258,3,STR-426-325
972315060683986668,Modern & Stylish 2BR Condo,110730120,1467338763799666805,Guy,,Cumberland,45.44051,-75.49436,Entire home/apt,90,30,2,2026-05-31,0.97,1,284,2,
972678535360953087,3+2Br 3 Bath Full Kitchen 2 Parking Downtown,534850081,1470400101416515087,Steven,,Rideau-Vanier,45.43176,-75.67908,Entire home/apt,1031,1,15,2026-06-14,0.50,3,206,4,STR-824-878
972830375159143534,Cozy Room in a New Beautiful Home,397565786,1469829662411374367,Funmi,,Stittsville-Kanata West,45.28528,-75.93259,Private room,79,3,34,2025-12-23,1.06,6,358,3,STR-855-206
973954716366424894,Luxurious Queen Bedroom,107026767,1467297323594776297,Amr,,Gloucester-South Nepean,45.32671,-75.60714,Private room,48,30,0,,,3,269,0,
974218415323839950,Large ensuite master bedroom with a walk-in closet,179782199,1468736004876382185,Nnaemeka,,Gloucester-Southgate,45.3736606,-75.62188979999999,Private room,75,30,0,,,1,269,0,
974476902856709990,Bridlewood Inn 3 kanata,514303310,1470313303646366898,Mary,,Kanata South,45.28854,-75.85939,Private room,47,30,38,2025-12-19,1.14,3,251,6,STR-123-124
975330334929782634,Beautiful one bedroom apartment,339674463,1469663068522999682,Denis,,Cumberland,45.41812179999999,-75.4372609,Entire home/apt,118,30,0,,,1,269,0,
975547591622842100,Sleep and Relax in a well Decorated Room,529544927,1470379925451295058,Robert And Miriam,,Kanata South,45.28052321755514,-75.87349893867166,Private room,39,31,10,2026-05-01,0.30,3,191,4,STR-836-092
975599630834945089,Nice and Cozy 1bedroom in Barrhaven ottawa,530574881,1470383665235044815,Nathaniel,,Rideau-Goulbourn,45.23824,-75.74517,Private room,92,1,1,2024-10-22,0.05,3,133,0,STR-836-797
975606870414286734,Modern room minutes away from everything you need,529544927,1470379925451295058,Robert And Miriam,,Kanata South,45.279,-75.87177,Private room,44,30,15,2025-11-21,0.45,3,232,1,STR-836-092
976045641596008354,BNL’s King Suite,536146680,1470405616422501843,Bnl,,Orleans,45.47657,-75.47458,Entire home/apt,152,30,118,2026-05-17,3.49,1,307,34,
976945238253633162,Beautiful home in Barrhaven.,530574881,1470383665235044815,Nathaniel,,Rideau-Goulbourn,45.23966,-75.74484,Private room,103,1,1,2023-09-19,0.03,3,132,0,STR-836-797
977042178310064975,lovely home in Orleans Ottawa with private entranc,301595031,1469546631277999105,Paulgreat,,Innes,45.45381,-75.52163,Entire home/apt,72,30,6,2025-09-16,0.18,1,203,1,
977622260556276792,2Br 1Bth Full Kitchen Free Parking Ottawa Downtown,534850081,1470400101416515087,Steven,,Rideau-Vanier,45.43037,-75.67902,Entire home/apt,409,1,165,2026-06-18,4.98,3,222,74,STR-824-878
977664503179088724,3Br 2Bth Full Kitchen Free Parking Ottawa Downtown,534850081,1470400101416515087,Steven,,Rideau-Vanier,45.43198,-75.67934,Entire home/apt,463,1,176,2026-06-10,5.42,3,284,67,STR-824-878
979187644895687571,A place where to Rest your mind.,430613093,1469950193298745198,Jimesleck,,Beacon Hill-Cyrville,45.4307293,-75.61058729999999,Private room,,1,0,,,1,0,0,Exempt
980450456414426218,Large master bedroom with private bathroom,268925858,1469421278135135161,Oladele,,Rideau-Goulbourn,45.2367827,-75.7478385,Private room,92,1,8,2025-11-09,0.24,3,1,3,STR-853-234
980631410847460204,Room in Ottawa,268925858,1469421278135135161,Oladele,,Rideau-Goulbourn,45.23728,-75.7476,Private room,70,1,14,2026-06-14,0.42,3,1,11,STR-853-234
980658682224148641,Room in Ottawa,268925858,1469421278135135161,Oladele,,Rideau-Goulbourn,45.23771,-75.7475,Private room,81,1,2,2025-11-02,0.06,3,1,1,STR-853-234
981395936271919083,Bridlewood Inn 1 kanata,514303310,1470313303646366898,Mary,,Kanata South,45.28769,-75.8598,Private room,59,5,40,2026-03-06,1.19,3,80,10,STR-123-421
981757445528847847,"2-Level Executive Condo, 2-bdrms",138228596,1468372597136054893,Luc,,Beacon Hill-Cyrville,45.4286585,-75.632745,Entire home/apt,110,7,9,2026-06-20,0.34,1,294,5,STR-000-000
981886172218028437,Entire Charming Town House,189847984,1468984855311313420,Michelle,,Barrhaven,45.26267,-75.77482,Entire home/apt,84,30,0,,,5,175,0,STR-830-975
981947408778502441,CastleRooms,63997470,1466789739103722049,Taranvir,,Kanata South,45.28663,-75.88051,Private room,62,1,106,2026-06-17,3.18,2,92,66,STR-850-790
982460146312421056,The Loft Downtown Private Bath Parking,119516995,1468218200768815506,Pamela And Judith,,Somerset,45.41351,-75.68503,Entire home/apt,,1,170,2026-06-07,5.09,3,297,67,STR-825-026
982598162775866454,New Home In Central Ottawa,37253652,1465556574139031893,Ameer,,Kitchissippi,45.40635,-75.72098,Entire home/apt,310,30,5,2025-12-16,0.17,9,297,1,
982895972772473762,Clean and beautiful room,509605491,1470291084011686425,Jennifer,,Gloucester-Southgate,45.373952,-75.5992582,Private room,64,30,0,,,1,269,0,
983860899391941058,Tiny room DowntownAcross OttawaU,510569116,1470295688584794699,Carlos,,Rideau-Vanier,45.42357,-75.67948,Private room,43,30,3,2025-01-04,0.09,26,269,0,STR-245-653
983973892612755741,Cozy Retreat in the Heart of Altavista 1,27169033,1465401248967560903,Emma,,Alta Vista,45.39374,-75.66686,Private room,57,30,7,2026-06-03,0.22,2,201,3,
984090685457734843,Peaceful & charming room (R2),425877032,1469930758073666938,Esohe,,Barrhaven,45.24358,-75.73259,Private room,43,30,35,2026-06-01,1.05,4,296,5,STR-836-665
984094173570961251,Peaceful cozy haven (R4),425877032,1469930758073666938,Esohe,,Barrhaven,45.2432,-75.73392,Private room,56,30,25,2025-11-09,0.74,4,325,7,STR-836-665
984100077920220920,Peaceful home away from home (R3),425877032,1469930758073666938,Esohe,,Barrhaven,45.24339,-75.73445,Private room,52,30,32,2026-04-02,0.96,4,352,13,STR-836-665
984746922233138147,Peaceful haven - Entire house!,425877032,1469930758073666938,Esohe,,Barrhaven,45.24301,-75.73304,Entire home/apt,219,30,22,2025-08-24,0.73,4,79,8,STR-836-665
984792608795019653,*New Built* Beautiful 3BR 3.5BATH Home in Westboro,538085312,1470413296236190649,Jaybird,,Kitchissippi,45.38828,-75.74086,Entire home/apt,561,1,35,2026-06-02,1.05,2,129,5,STR-836-468
984880280677918205,Stunning Apart' | Full Kitchen | Netflix+Parking,538104523,1470413369114813161,Tony,,Kanata North,45.35589,-75.92243,Entire home/apt,291,2,57,2026-06-13,1.74,1,52,21,STR-836-497
984937708220744726,"NEW Luxury home (3800sqft), shops, HWY",292902845,1469515884751394373,Ali,,Stittsville-Kanata West,45.26618,-75.93402,Entire home/apt,260,30,1,2024-02-29,0.04,2,179,0,
986162347309925319,Tiny room 3minutes Walk uOttawa,146743514,1462976440086375646,Frits,,Rideau-Vanier,45.42352,-75.68069,Private room,120,30,0,,,28,269,0,STR-246-321
986307334228272094,Studio in Quiet Neighbourhood,60924000,1466750299540454955,Courtney,,Knoxdale-Merivale,45.32689,-75.76627,Entire home/apt,76,30,9,2026-05-22,0.32,1,213,3,
986428922102977170,Central and Stylish Studio,37253652,1465556574139031893,Ameer,,Kitchissippi,45.40541,-75.72172,Entire home/apt,103,30,4,2026-06-16,0.19,9,269,2,
988256403078642492,The Elmvale Bungalow - also for Rent!,11325720,1462862280414539075,Kennis,,Alta Vista,45.39848,-75.63203,Entire home/apt,234,19,0,,,2,110,0,STR-828-945
989376390273366482,1 BDRM Westboro Apartment,22924655,1463191810630297781,Brendan,,Kitchissippi,45.39404,-75.73262,Entire home/apt,84,30,7,2025-09-06,0.22,1,206,2,
989387754985626431,Spacious suite in historic house,354331802,1469708309655503428,Vincent,,Rideau-Vanier,45.4271166,-75.6831383,Entire home/apt,257,2,64,2026-06-11,1.92,1,22,28,STR-854-955
990009346669224194,Cozy Room & Queen Bed with a Balcony & Pvt Bath,535737242,1470403907471201667,Bruno,,Orleans,45.48337,-75.50509,Private room,65,30,28,2025-12-27,0.85,1,360,11,STR-837-046
990106578076117871,Charming bedroom at Westboro,593939921,1529336951094797635,Jem,,Kitchissippi,45.39961,-75.74101,Private room,54,30,4,2025-05-31,0.13,1,269,0,
990523644936248339,Siguignogo,224156021,1463215957694355244,Mariame,,Innes,45.43712,-75.51261,Private room,183,1,0,,,1,269,0,Exempt
990914496136511917,"The Velvet Suite: Lux Studio, Free Secured Parking",267671863,1469415072649440449,Audric,,Innes,45.42933,-75.52456,Entire home/apt,101,3,82,2026-06-07,2.75,1,131,21,STR-838-251
991269517301795066,Big 1BR Condo/Parking/Subway/Grocery/Laundry,27699005,1465408996799713095,Wei,,Somerset,45.4166432,-75.7055256,Entire home/apt,29,31,3,2025-08-24,0.15,3,324,1,
993574963566323660,Chic Ottawa Studio - Mins to Downtown,37253652,1465556574139031893,Ameer,,Kitchissippi,45.40541,-75.72172,Entire home/apt,104,30,2,2024-05-02,0.06,9,364,0,
993583408930378713,New Hintonburg Modern 3BR Home,37253652,1465556574139031893,Ameer,,Kitchissippi,45.40464,-75.72269,Entire home/apt,197,30,8,2025-08-20,0.27,9,279,2,
993754099414920759,1 - Ottawa General Hospital & CHEO just walk,98873806,1467188252547109790,Abrar Habib,,Alta Vista,45.39982,-75.63821639999999,Private room,100,1,101,2026-06-06,3.06,3,143,41,STR-828-455
993928566719854203,Tiny Room Across University Of Ottawa/Downtown,146743514,1462976440086375646,Frits,,Rideau-Vanier,45.42222,-75.67885,Private room,145,30,0,,,28,364,0,STR-435-133
994982244915946181,"Glebe gem: Stylish 3BR, walk everywhere + parking",186027642,1468962372406564777,Michelle,,Capital,45.39883,-75.68745,Entire home/apt,579,1,54,2026-06-25,1.71,2,17,38,STR-855-424
995879547031733763,Luxury Retreat in Constance Bay with Private Beach,114526456,1468179781155696179,Claudia,,West Carleton-March,45.509470216383995,-76.10050534259493,Entire home/apt,1170,1,8,2026-05-29,0.45,1,312,7,STR-850-530
997138296984497528,Kichi Sibi,212337295,1469108981641956159,Natty,,Kitchissippi,45.38657657712805,-75.74750673770714,Entire home/apt,203,2,54,2026-06-14,3.88,1,257,46,STR-839-642
998882351522247902,A Tranquil Retreat in Orleans,541182200,1470425016158448265,Rezwana,,Cumberland,45.4511794,-75.4681725,Private room,71,1,103,2026-05-24,3.14,1,168,20,STR-855-177
999874340600620334,Huge 5 Bedroom House in Findley Creek | Big Office,52810809,1462724120263243070,Natalie,,Osgoode,45.3050148,-75.5955121,Entire home/apt,241,1,132,2026-02-08,4.02,21,344,39,STR-000-000
1000694179581164297,Basement apartment on Main - one month minimum,43429280,1465644895561839097,Christopher,,Capital,45.40603,-75.67663,Entire home/apt,65,30,8,2026-01-01,0.26,1,179,4,Exempt
1000936060134114784,2 - Ottawa General Hospital & CHEO just walk,98873806,1467188252547109790,Abrar Habib,,Alta Vista,45.39982,-75.63821639999999,Private room,125,1,73,2026-06-21,2.30,3,135,27,STR-828-455
1001298258893709614,la casa verde,510795945,1470296812855425962,Pricila,,Rideau-Vanier,45.43791,-75.66969,Entire home/apt,,30,0,,,1,0,0,
1001423278719674381,"Kanata, Ottawa Prime Location",541693612,1470427259745219014,Olufemi,,Kanata South,45.308099891661065,-75.90510050002119,Private room,90,30,0,,,1,269,0,Exempt
1002997060628847234,"The Green Bohemian: 3beds, 3mins to CanTire Centre",224889769,1463218033149897473,Eddy,,Stittsville-Kanata West,45.28589,-75.9337,Entire home/apt,487,2,47,2026-06-09,1.47,7,35,19,STR-848-175
1003764968328070984,Royal King in a Luxury home FibreWiFi Free parking,104583371,1462881777037462466,Vivek,,Gloucester-South Nepean,45.32118,-75.60944,Private room,126,1,39,2026-06-13,1.57,3,294,19,STR-840-928
1004541072799492444,Beautiful Bright Basement,485979424,1470187635593742053,Mohsen,,Kanata South,45.2771836,-75.83966,Private room,102,1,56,2026-06-12,1.76,1,255,18,STR-837-100
1005907480851383869,En-suite Oasis,33119004,1465484948481843317,Sandra,,College,45.36026,-75.74898,Entire home/apt,86,30,4,2026-03-31,0.19,2,171,3,
1005936143867992849,Cozy Home in Ottawa,542607845,1470430878380696482,Maurita,,Barrhaven,45.28906,-75.74159,Entire home/apt,162,30,125,2026-04-19,3.93,1,224,25,STR-837-323
1005993378888208509,Mini Studio Apt near Downtown Ottawa + Parking,495874746,1470231673325964702,Dunia,,Rideau-Vanier,45.4312394,-75.6861461,Entire home/apt,212,1,244,2026-06-14,7.60,1,117,73,STR-853-856
1007255752833165423,Heritage House - II Downtown II Luxury II Parking,24783603,1465316299358110461,Hustlers,,Rideau-Vanier,45.4318,-75.68979,Entire home/apt,502,1,107,2026-06-21,3.36,1,233,53,STR-854-204
1007347382224990252,bungalow with a cozy room,195497451,1469018962068520498,Ivan,,River,45.36757,-75.67198,Private room,83,1,211,2026-06-20,6.57,1,82,73,STR-850-227
1007364239767572261,Large quiet room steps from the canal,137655704,1468367953559241646,Allan,,Capital,45.40663,-75.67918,Private room,146,2,36,2026-06-16,1.14,3,77,12,STR-851-488
1008034259395618097,Heritage Loft In The Heart of Downtown Ottawa,22350228,1462620857691149749,Jenny,,Rideau-Vanier,45.42955,-75.6906,Entire home/apt,565,1,84,2026-06-09,3.09,15,299,44,STR-839-549
1008058489861890269,Small quiet room steps from the canal,137655704,1468367953559241646,Allan,,Capital,45.40791,-75.67925,Private room,137,1,85,2026-06-20,2.62,3,72,23,STR-851-488
1012329691280700047,Large Comfy Bed + Workstation in Serene New Home,397565786,1469829662411374367,Funmi,,Stittsville-Kanata West,45.28387,-75.9325,Private room,110,3,21,2025-03-22,0.65,6,351,0,STR-855-206
1012518059603290827,Comfy and relaxing Private room,225930932,1469201188397988038,Gbenga,,Stittsville-Kanata West,45.26465,-75.89134,Private room,71,31,1,2024-01-06,0.03,2,268,0,
1013089364942673192,Barhaven end unit town home,543986693,1470436305467265053,Ryan,,Rideau-Goulbourn,45.23415,-75.73519,Entire home/apt,106,30,0,,,1,341,0,Exempt
1013240247655184541,"Room in Ottawa, ON",270878627,1469430633493594931,Pragyan,,Gloucester-South Nepean,45.31167,-75.59474,Private room,96,1,288,2026-06-16,9.57,1,350,93,STR-855-597
1014513548227322959,"Modern, clean & close",73267839,1462810111261537750,Gilda,,Kitchissippi,45.3966988,-75.7298758,Private room,60,30,4,2025-10-18,0.17,2,236,2,
1014632132461648179,"Dog Friendly, Free Parking, Play Pen, Backyard",43424548,1465644807636065133,Sean,,Bay,45.35679,-75.79373,Entire home/apt,171,30,11,2026-03-31,0.36,7,332,5,
1015355253271405239,Budget Room with Queen Bed.,63997470,1466789739103722049,Taranvir,,Kanata South,45.28737,-75.88085,Private room,58,1,158,2026-06-18,4.99,2,75,79,STR-850-790
1015356025615836152,cozy bdroom home away from home,191000580,1463099280872421301,Margaret,,Barrhaven,45.28472,-75.76173,Private room,33,30,7,2026-03-31,0.23,3,268,3,
1015428894744750826,Stylish Queen Studio Apt with Fast Wi-Fi & Parking,58038466,1466695657463906332,Eldin,,Kitchissippi,45.40747,-75.73374,Entire home/apt,94,30,4,2026-01-31,0.14,4,358,2,
1016044833509789866,Executive 3BR | Monthly Stays | Quiet East Ottawa,530679155,1470384057080703493,Oliver,,Rideau-Rockcliffe,45.44082893014418,-75.67985151623982,Entire home/apt,132,30,12,2026-06-03,0.38,2,352,2,Exempt
1016698308995893792,"Cozy 1 BDRM w Parking, Patio & Private Entrance",7354245,1462560486128945044,Lisa,,Rideau-Rockcliffe,45.4270687,-75.6569063,Entire home/apt,105,30,11,2025-09-11,0.37,20,305,2,Exempt
1016755767312764640,"Luxury Living, Little Italy",92518082,1467118365775133002,Babak,,Somerset,45.3980519,-75.7074248,Entire home/apt,108,30,3,2026-05-01,0.10,2,81,1,
1019122774311627741,"Private Bedroom , King bed,  separate  Bathroom",206772829,1469078727230980636,Olusola,,Cumberland,45.46414231935257,-75.46468859043216,Private room,115,1,17,2026-06-01,0.55,1,326,5,STR-854-129
1019698260632256035,Serenity Stays on Half Moon Bay,545448917,1470441898680491373,Saheedat,,Barrhaven,45.2530954,-75.7543113,Private room,115,1,36,2026-05-26,1.78,1,312,20,STR-854-141
1020986012104235102,Retro Mid Century Bachelor,22350228,1462620857691149749,Jenny,,Rideau-Vanier,45.42895,-75.69173,Entire home/apt,95,30,4,2025-11-20,0.18,15,215,1,
1022510561976697669,1974 Airstream Ambassador,370811350,1469750168127967337,Allison,,Rideau-Goulbourn,45.15639,-75.67977,Entire home/apt,354,30,0,,,1,269,0,Exempt
1024862359013746504,casa Eve,265894547,1469406225968701683,Evelyne,,Capital,45.40487,-75.67592,Entire home/apt,107,30,13,2026-06-03,0.41,3,159,4,STR-853-658
1025548243794696459,Private Bachelor Pad Basement,75747309,1466930231966690766,Luxury,,River,45.34345,-75.68816,Private room,60,30,0,,,1,89,0,
1025555641970940611,BRAND NEW Luxury Oasis With KING SIZE BED,485913786,1470187371181317149,Maame,,Kanata South,45.27209,-75.86189,Private room,241,2,140,2026-05-31,4.80,1,145,62,STR-855-234
1026400852860825566,Room 3 comes with its own private bathroom,523249298,1470354193805352762,Lara,,Knoxdale-Merivale,45.363859,-75.7184031,Private room,47,30,26,2025-12-05,0.83,4,89,4,STR-833-699
1027558209061905980,Adorable Condo in Ottawa West w/ Parking + Laundry,196595551,1463122706599243544,Chantelle,,Kanata South,45.27362,-75.86269,Entire home/apt,153,30,3,2025-11-01,0.12,1,141,1,
1028108164613104009,CHAW’s Corner,544538400,1470438613825226924,Chaw Su,,Kitchissippi,45.4060674,-75.7244779,Entire home/apt,205,1,134,2026-06-14,4.31,1,190,48,STR-837-311
1031118383843382309,Beautiful Mediterranean 4 bed home in the Glebe,50609229,1465775776773040876,Adam,,Capital,45.4059914,-75.6912159,Entire home/apt,711,3,10,2026-06-15,0.40,1,317,5,STR-855-726
1031618308058833004,Monthly Queen Room | Desk | uOttawa & St. Laurent,210023080,1469095776846334236,Ali,,Rideau-Rockcliffe,45.43339,-75.64472,Private room,54,28,105,2025-10-01,3.34,6,342,8,STR-839-007
1033005004632662058,Furnished 4-Bedroom in Ottawa,64762834,1466800811861868293,Lisa,,Rideau-Vanier,45.4361221,-75.6582918,Entire home/apt,113,30,0,,,6,79,0,
1033220174281318735,Basement Apart. - Business traveler's Quick Stop,548205528,1470452591718075358,Renuka,,Rideau-Goulbourn,45.25823503080866,-75.82481460984579,Private room,115,1,15,2026-05-29,1.17,1,252,11,Exempt
1035639767325647109,"Top logement – Propre, moderne et bien situé",90265550,1467092252133001612,Sergio,,Rideau-Rockcliffe,45.4448539,-75.64822769999999,Entire home/apt,317,30,5,2026-05-24,1.70,2,349,5,Exempt
1036391810471805071,Bedroom/bathroom with river view,172734660,1468676566400507524,Chas,,Bay,45.35835,-75.80528,Private room,55,30,2,2025-09-30,0.18,2,229,2,
1036781046706860483,Urban Retreat In Kanata Tech Hub,422090045,1469915586538627292,Prince,,Kanata North,45.35651,-75.92878,Entire home/apt,274,1,150,2026-06-21,5.08,1,226,56,STR-838-747
1036954222533111868,Stay with Cassandra,10473316,1462841607273696059,Cassandra,,Rideau-Rockcliffe,45.43255,-75.63594,Private room,99,2,58,2026-06-06,1.86,2,322,18,STR-837-960
1037974900456384760,Stylish & Modern Townhome –Perfect Ottawa Getaway!,499742888,1470247545821516747,Chris,,Stittsville-Kanata West,45.2855,-75.92663,Entire home/apt,363,1,123,2026-06-21,5.03,1,291,75,STR-844-556
1043597526680752812,Emerald Bungalow. 8 mins to CND Tire Ctr.,490836673,1470209968230115574,Harry,,Stittsville-Kanata West,45.27397,-75.93389,Entire home/apt,365,2,91,2026-06-20,3.09,2,125,45,STR-848-788
1045890700082351654,Spacious and Bright Hidden Gem in Trendy Westboro,4713745,1462663943711763863,Michael,,Kitchissippi,45.38225,-75.74227,Entire home/apt,163,30,7,2025-07-05,0.26,2,229,1,
1046396390116458729,Beechwood 3 Bdrm Upper Level of House w/ Backyard,517709296,1470329235835651791,Sarah And Sy,,Rideau-Vanier,45.44332617998265,-75.66498980370484,Entire home/apt,109,30,5,2026-05-01,0.36,5,255,4,
1046492992470480846,"The Victorian Central - 15mins DT, 3 beds",224889769,1463218033149897473,Eddy,,River,45.37138,-75.73067,Entire home/apt,188,31,44,2026-01-30,1.45,7,42,13,STR-837-699
1047023496572577115,"Spacious 3,000 sqft 4BR Gym• Parking• Private Yard",17038739,1463000735147759331,Cynthia,,Stittsville-Kanata West,45.24386166608656,-75.91976457301635,Entire home/apt,360,7,21,2026-06-13,0.78,1,204,14,STR-855-298
1048082294945471069,Master Bedroom with Ensuite Bathroom | Smart TV,539697002,1470419253707197581,Leo,,Rideau-Goulbourn,45.24072,-75.74507,Private room,39,30,33,2025-09-01,1.23,3,62,6,STR-840-392
1049585133980573103,Spacious basement in Barrahevn,248638353,1469318345012276270,Mary,,Barrhaven,45.25036,-75.75866,Private room,92,1,0,,,2,264,0,STR-829-077
1051224917558694463,Modern Queen Studio Apt with Fast Wi-Fi & Parking,58038466,1466695657463906332,Eldin,,Kitchissippi,45.40929,-75.73167,Entire home/apt,103,30,10,2026-04-23,0.35,4,314,4,
1052851827966095639,Private 2B 10 MIN To Downtown Ottawa,552274517,1470468665395101825,Sean,,Kitchissippi,45.39463,-75.73608,Entire home/apt,275,1,160,2026-06-07,5.45,1,43,64,STR-838-037
1056106796502976320,Vacation stay 3,495085580,1470228373735341924,Mamadou,,Bay,45.36387999999999,-75.7905,Entire home/apt,,30,2,2024-02-17,0.07,1,0,0,Exempt
1056760870010846685,A  central & roomy unit + office,476879173,1470149315376260178,Tobi,,Gloucester-Southgate,45.34856,-75.63175,Private room,48,30,0,,,1,89,0,
1057958832445505459,"Luxurious and Beautiful, Ottawa",553501602,1470472846500554720,Esther,,Rideau-Goulbourn,45.2372408,-75.7345425,Entire home/apt,476,1,39,2026-06-21,1.43,1,311,14,STR-839-760
1058156138088388379,The East Room,522919165,1470352814153187707,Suhani,,Cumberland,45.45201,-75.47122,Private room,96,3,31,2026-05-30,1.09,3,348,13,STR-852-786
1058778739298819746,Two cozy bedrooms in a Three bedroom townhouse.,181600359,1463077223310192431,Mizpah,,Osgoode,45.32764,-75.58542,Private room,118,30,40,2025-08-19,1.36,5,337,9,STR-839-352
1059779530124486661,Superb 2BD|Orleans-5min to Beach|Laundry & Parking,482962409,1487979763874233481,Thierno,,Cumberland,45.50151,-75.46856,Entire home/apt,226,2,131,2026-06-21,4.44,1,281,54,STR-838-977
1060262258511103243,Elegant basement with private Bathroom (BS),554049454,1470474663295825062,Tobby,,Rideau-Goulbourn,45.23667839456046,-75.74740178883076,Private room,76,30,23,2026-01-02,0.85,5,79,12,STR-855-600
1061155086269493580,Elegant room with private bathroom. (RM2),554049454,1470474663295825062,Tobby,,Rideau-Goulbourn,45.23688,-75.74688,Private room,101,1,132,2026-06-21,4.55,5,257,54,STR-855-600
1061168457786637982,Elegant room in cozy home.,554049454,1470474663295825062,Tobby,,Rideau-Goulbourn,45.2363208,-75.7474277,Private room,75,1,37,2026-06-14,2.00,5,195,34,STR-855-600
1061170575988209310,Elegant Executive Home Sleeps 6!,550761329,1470462769075648088,Abimbola Oluwaseyi,,Gloucester-South Nepean,45.3276629,-75.6056083,Entire home/apt,323,2,66,2026-06-09,2.41,2,292,31,STR-839-353
1061674772962682155,A home away from home,7185314,1462725563791120186,Dahabo,,Somerset,45.42183,-75.69618,Entire home/apt,172,30,0,,,1,345,0,
1061814948516398356,Country living close to city,91734483,1467108336170630000,Richard,,West Carleton-March,45.33772,-75.98918,Entire home/apt,124,30,8,2026-05-12,0.32,1,203,5,
1064487695165863154,A Furnished Room in a Friendly Setting,1755714,1462520160787387994,Janice And Garry,,College,45.34863,-75.78419,Private room,33,30,8,2026-01-07,0.28,3,287,4,
1065601928695845270,Private bedroom&bath at westboro,519520561,1470337550837150352,Nadine,,Kitchissippi,45.39964,-75.74177,Private room,63,30,0,,,1,179,0,
1066660447937172700,Cozy house in Orleans,555902054,1470482364644674993,Maria,,Cumberland,45.47673,-75.46643,Entire home/apt,98,30,4,2026-04-30,0.16,1,85,1,
1067647835092962088,3-Bedroom Retreat Close to Downtown Ottawa,409908796,1469871211848043070,Ruzanna,,Innes,45.46504,-75.52729,Entire home/apt,388,1,105,2026-06-10,3.72,1,31,43,STR-849-115
1069886140507129934,2 bedrooms + den near downtown,448906770,1470021685240829160,Chika,,Rideau-Rockcliffe,45.42572,-75.66082,Entire home/apt,93,30,2,2025-10-12,0.20,2,263,2,
1070293926481220113,Lovely Place Downtown Ottawa 21D,41604531,1462688121008526811,Sam,,Rideau-Vanier,45.4278834,-75.6881965,Entire home/apt,152,1,98,2026-05-24,3.37,20,296,51,STR-850-089
1070420068240216761,Cozy Home in Ottawa - 2 bed 1 bath - free parking,52130911,1462722011895251898,Angela,,River,45.3564,-75.68607,Entire home/apt,,1,23,2026-04-10,0.77,1,0,9,STR-854-564
1070541197234711501,Bright and Cozy 2-Bedroom Home,274630611,1469448884203106963,Amer,,Barrhaven,45.2560095,-75.7299756,Entire home/apt,114,30,29,2026-06-14,3.12,1,304,29,STR-852-394
1070961218925212350,Zaw’s Hidden Gems,486446160,1470189605088783658,Zaw,,Rideau-Goulbourn,45.19527,-75.83262,Entire home/apt,320,1,34,2026-05-24,1.18,1,13,1,STR-838-797
1071090819065897673,Amazing 2 Level Home Ideal Location Free Parking,543308673,1470433637119443652,Tatyana,,Rideau-Vanier,45.4308025,-75.69452369999999,Entire home/apt,633,3,23,2026-06-13,0.79,2,318,5,STR-854-734
1071237588102179712,Superb room for students/workers,423768453,1469922427098921272,Seynabou,,Beacon Hill-Cyrville,45.45187,-75.59925,Private room,56,30,0,,,26,89,0,STR-834-549
1071277446261882722,Single Home- Dwtn 17 min-Airport 7- Monthly Rental,305048917,1463423451553795044,Mohammad,,Gloucester-South Nepean,45.329067200000004,-75.59257521534425,Entire home/apt,171,30,136,2026-01-25,4.68,8,294,44,STR-000-000
1075017127786422070,Lt,346845900,1469687302459192637,Michael,,Rideau-Vanier,45.43301,-75.67878,Entire home/apt,201,30,0,,,1,269,0,Exempt
1075571631712483498,Private quite Bedroom near airport free parking,181600359,1463077223310192431,Mizpah,,Osgoode,45.3271,-75.58507,Private room,48,30,93,2026-01-31,3.20,5,336,24,STR-839-352
1076294273328174276,New private studio guest home,401767563,1469842879631132063,Roxanne,,Rideau-Vanier,45.44284,-75.65781,Entire home/apt,109,30,7,2025-12-31,0.27,5,230,2,
1079665156473553357,Studio with rustic vibe and own patio,235240133,1469252423234692504,Ivan,,Gloucester-Southgate,45.35316,-75.64302,Entire home/apt,,45,7,2026-02-19,0.25,3,31,2,
1079925962955608381,Modern Walkout Basement Apartment - 2Bed/2Bath+Den,559335394,1470500471374002331,Syed,,Kanata North,45.34697,-75.94136,Entire home/apt,206,2,117,2026-06-08,4.03,1,52,46,STR-839-014
1080384255778683270,2bed2bath in Kanata Stittsville,492054533,1470215570453119105,Happy Stay Property Management,,Kanata South,45.2732,-75.8616,Entire home/apt,130,30,2,2025-01-17,0.07,3,332,0,
1080657088774494271,Private room “white” with separate entrance,23679383,1465276961008162848,Salman,,Knoxdale-Merivale,45.35079,-75.71962,Private room,,1,17,2024-09-14,0.59,7,0,0,STR-828-518
1084266251984432689,Private Comfortable Guest Room Near Airport Ottawa,556860599,1470487920695911716,Khan,,Osgoode,45.32759,-75.58718,Private room,55,30,93,2026-05-26,3.24,4,359,29,STR-839-700
1084270361562660951,Modern 3-Bedroom Townhouse,556860599,1470487920695911716,Khan,,Osgoode,45.32623,-75.58582,Entire home/apt,257,30,3,2025-07-11,0.12,4,258,1,STR-839-700
1085627725590511858,Hephzibah & Beulah (Master Bed),549675094,1470458486772365604,Damola,,Barrhaven,45.27094,-75.76858,Private room,70,30,9,2025-08-25,0.34,2,322,2,STR-839-216
1085902395710916912,Furnished 4 Bedrooms 3.5 Bath House in Ottawa,522510567,1470350976668452478,Ademola,,Stittsville-Kanata West,45.26922,-75.8957,Entire home/apt,266,30,3,2025-10-05,0.11,2,306,2,
1086538472643774079,Quiet Ensuite With Private Bathroom and Workspace,556860599,1470487920695911716,Khan,,Osgoode,45.32599,-75.5854,Private room,62,30,116,2026-05-26,4.08,4,353,47,STR-839-700
1086558693142472206,Private Quiet Guest Room in Ottawa,556860599,1470487920695911716,Khan,,Osgoode,45.32711,-75.58698,Private room,55,30,103,2026-06-05,3.63,4,264,40,STR-839-700
1087255214252912769,Britannia by the Beach,437665504,1469978191768164599,Taha,,Bay,45.35844,-75.8038,Entire home/apt,334,3,29,2026-06-14,1.23,1,224,19,STR-843-013
1087725128312423247,Cozy & Quite Room near Ottawa airport free parking,181600359,1463077223310192431,Mizpah,,Osgoode,45.32734,-75.58682,Private room,48,30,110,2026-02-18,3.91,5,334,37,STR-839-352
1087759732227893068,Beechwood 3 Bdr Apartment in House w/ Backyard,517709296,1470329235835651791,Sarah And Sy,,Rideau-Vanier,45.4433864,-75.6648396,Entire home/apt,92,30,7,2026-02-01,0.27,5,294,2,
1089188819950345484,Elegant room with queen bed.,554049454,1470474663295825062,Tobby,,Rideau-Goulbourn,45.23578,-75.74811,Private room,86,1,70,2026-06-14,2.46,5,354,46,STR-855-600
1089388182362584859,"Private, Clean & Cozy suite nearby Ottawa Airport.",561598854,1470507656104728476,Chudamani,,Gloucester-South Nepean,45.32062,-75.60888,Private room,86,1,231,2026-06-01,8.78,1,81,90,STR-840-452
1090065871974012324,Byward Market Ottawa Downtown,123965916,1468252372407157280,Diego,,Rideau-Vanier,45.4314238,-75.6939405,Entire home/apt,115,30,0,,,1,179,0,Exempt
1090619886373835738,Comfy and serene,53759948,1465873553221048399,Faith,,Barrhaven,45.24979711400237,-75.76119632684795,Private room,89,2,5,2025-10-31,0.46,2,269,5,STR-840-643
1090733431619232930,Large Room  With a Park View,72134631,1466891359049794721,Caroline,,Cumberland,45.44949,-75.46521,Private room,72,2,26,2026-05-17,0.97,3,262,10,STR-839-703
1091294418158300844,Beautiful Home Family & Friends,503901171,1470265364129521010,Adam,,Stittsville-Kanata West,45.27606805708233,-75.91191568853634,Entire home/apt,,30,1,2024-08-03,0.04,2,0,0,
1091334796817883277,Ottawa’s Getaway & Family Space. Near Calypso Park,151392027,1468487055142181339,Yazeed,,Cumberland,45.33527177763232,-75.3605995793457,Entire home/apt,571,1,82,2026-06-13,3.49,1,333,36,STR-840-277
1092057949171246183,Elegant room with Queen bed.,554049454,1470474663295825062,Tobby,,Rideau-Goulbourn,45.23746,-75.74784,Private room,86,1,50,2026-06-09,1.79,5,265,22,STR-855-600
1092110312020195684,Nice room for long term rentals,423768453,1469922427098921272,Seynabou,,Beacon Hill-Cyrville,45.45153,-75.59727,Private room,64,30,0,,,26,269,0,STR-834-549
1092977460604504007,"""OM Niwas"" - home away from home",557833309,1470494162535316958,Riti,,Gloucester-South Nepean,45.32364,-75.60002,Private room,115,1,215,2026-05-31,8.00,1,117,55,STR-840-845
1093037841985733233,Private Studio+Parking in Ottawa,323447276,1469613765688252591,Alireza,,Gloucester-South Nepean,45.3090686,-75.59285489999999,Entire home/apt,120,1,121,2026-06-10,5.65,1,356,66,STR-843-631
1093647160793052515,Modern Room-free parking & Wi-Fi,72134631,1466891359049794721,Caroline,,Cumberland,45.450263369908285,-75.46455213718984,Private room,80,2,6,2025-08-17,0.25,3,16,4,STR-839-703
1093661935602190543,Your Private BD/BR/Workspace.,72134631,1466891359049794721,Caroline,,Cumberland,45.44872,-75.46453,Private room,83,2,53,2026-06-16,1.88,3,265,21,STR-839-703
1094263582434320684,"Bungalow, Sofabed,free parking,BBQ,
Netflix",189838415,1468984800224003525,Yusuf,,River,45.3874664,-75.72950639999999,Entire home/apt,244,30,271,2026-05-24,9.62,1,261,92,STR-839-879
1094440609771065320,Spacious basement suite with attached bathroom,288880135,1469504416551534570,Shajedul,,Stittsville-Kanata West,45.27288,-75.87905,Private room,86,2,51,2026-06-10,1.82,1,10,27,STR-852-401
1094551792453067994,1Bedroom Studio near Airport,464956870,1470095500655909391,Alvine,,Rideau-Goulbourn,45.23511999999999,-75.73288,Entire home/apt,90,30,1,2024-02-29,0.04,1,269,0,STR-864-753
1095035009826338644,*NEW Modern 3BDR Townhome in Kanata/Sitittsville*,90021588,1467089815511910998,Lorraine Williams,,Stittsville-Kanata West,45.28547,-75.92632,Entire home/apt,428,1,98,2026-06-12,4.78,1,216,70,STR-846-082
1095315375634953153,"Elegant 3BR Home W/ Free Wi-Fi,Parking & Amenities",325284709,1469619488592029305,Kianu,,Osgoode,45.30623,-75.59331,Entire home/apt,341,2,92,2026-06-05,3.28,1,101,36,STR-839-963
1096292559114761368,Natures finest home environment Room,548398380,1470453401432365475,Nwanneka,,Stittsville-Kanata West,45.27151019999999,-75.901138,Private room,,1,5,2026-01-14,0.21,1,0,1,STR-840-355
1098105309879649933,Room for Students/Professionals,423768453,1469922427098921272,Seynabou,,Beacon Hill-Cyrville,45.45174,-75.59856,Private room,58,30,0,,,26,269,0,STR-834-549
1099567401750580292,"Modern, Private Basement Space",283833037,1469486600667799380,Halyna,,Gloucester-South Nepean,45.2664457,-75.69237919999999,Private room,166,1,62,2026-06-13,2.32,1,213,40,STR-840-523
1100865827449575231,Quiet Ottawa 1BR Suite | 30+ Day Stay | Parking,60964998,1466750620442360482,Emil,,Beacon Hill-Cyrville,45.42098,-75.60719,Entire home/apt,83,30,3,2026-05-31,0.12,1,297,1,
1101678353855749529,Pool side stay in Ottawa,58609238,1466702242897228599,Anna,,Knoxdale-Merivale,45.32690221533433,-75.70664812257013,Entire home/apt,503,1,2,2026-06-21,1.58,1,185,2,STR-855-914
1103598476202685705,Lansdowne Terrace Home,35859119,1465531464244940262,Kevin,,Capital,45.40032,-75.68455,Entire home/apt,120,40,6,2026-06-13,0.27,1,152,2,
1103664125921042689,Brand New Luxury 1 Bedroom Corner Suite,487657339,1470194629905742490,Charnelyn,,Somerset,45.4184152,-75.7052441,Entire home/apt,76,30,0,,,1,185,0,
1103931723426581850,Private room near Bayshore Mall.,455560137,1470049811388418939,Alan,,Bay,45.35235,-75.81103,Private room,35,30,5,2025-09-02,0.18,3,365,2,
1104288384965735204,Newly Renovated Apartment in Trendy Westboro,10876672,1462851702280028476,Michelle,,Kitchissippi,45.385164088085304,-75.74354300849089,Entire home/apt,148,1,39,2026-05-31,1.48,2,55,20,STR-847-939
1105175000370387009,Beautiful Rideau Canal Unit With Parking,56227747,1465920741168852954,Dimitri,,Capital,45.4141,-75.6812,Entire home/apt,233,2,161,2026-06-09,6.08,2,20,77,STR-845-111
1105257768769507012,Spacious 4BR – 10 Min to HardRock & Downtown,77803336,1466953631218242390,Michel,,River,45.36576,-75.67226,Entire home/apt,508,1,86,2026-06-15,3.31,2,53,43,STR-840-890
1105302854775857935,Large Bedroom Close to Downtown,156920944,1468530535785564013,Roger,,Rideau-Vanier,45.4376533,-75.66257619999999,Private room,102,1,26,2025-12-24,0.96,1,132,7,Exempt
1105987651107961359,Luxury 1 BR Downtown Ottawa,6237251,1462701394069050688,Joy,,Rideau-Vanier,45.4258639,-75.6882231,Entire home/apt,103,30,4,2025-06-01,0.16,3,311,0,
1106157335566912861,"Cozy, smoke free furnished room",457687442,1470060476270752852,Sijo,,River,45.3471043,-75.66876359999999,Private room,,30,0,,,1,269,0,
1106619682724374116,Your Home Away From Home,66467315,1466821360532180711,Ahmed,,River,45.38082,-75.72895,Entire home/apt,90,30,1,2024-11-01,0.05,2,282,0,
1107176277094953473,Manotick Waterfront Cottage,534595149,1470399173754539317,Andrew,,Osgoode,45.18687436056978,-75.63329793512821,Entire home/apt,,1,33,2025-10-26,1.34,1,0,10,STR-842-871
1107987864121631600,Independent Studio Suite,82314466,1462831029251692023,Jas,,Stittsville-Kanata West,45.28109,-75.88536,Entire home/apt,147,1,161,2026-06-18,5.85,1,352,63,STR-840-167
1108951120824221759,Little Italy Hideaway,487965545,1470196055931469591,Rayyan,,Somerset,45.39941,-75.70741,Entire home/apt,176,4,17,2026-05-19,0.65,2,310,5,STR-838-944
1109312587903506549,"Modern, spacious single family home+free parking",26562621,1465368963257076743,Cong,,Barrhaven,45.2530001,-75.7515816,Entire home/apt,519,2,34,2026-06-09,1.39,1,19,15,STR-841-547
1109765689930150462,Clean and cozy ensuite in a guest house,563319123,1470512902090226096,Atlanta,,Orleans,45.48032,-75.48852,Private room,66,30,0,,,1,269,0,STR-842-244
1110945569123229830,Room in Ottawa - Master bedroom - private washroom,161395371,1468570625614796506,Divya,,Kanata South,45.27702,-75.83792,Private room,111,1,41,2025-06-17,1.56,2,93,0,STR-838-302
1111435397791824423,Ottawa Airy and Bright Home for NonSmoker,503296496,1470262766954274455,Runzhi,,Somerset,45.41305916084838,-75.69903649111096,Private room,179,30,7,2024-07-28,0.26,2,90,0,Exempt
1111544581891548644,"Private floor with room, kitchenette, washroom",161395371,1468570625614796506,Divya,,Kanata South,45.27721,-75.83842,Private room,111,1,82,2026-05-28,3.08,2,361,26,STR-838-302
1111653128404340631,"Room in great location, with great atmosphere",259483765,1469370854856601755,Lui,,Bay,45.34583,-75.81877,Private room,52,30,0,,,1,270,0,
1112640872791534533,"Entire Dwnt Home! The Don Club w/ Pking, Breakfast",84167741,1467017395644522076,Elodie,,Somerset,45.41608,-75.69886,Entire home/apt,,30,4,2025-08-04,0.16,1,19,1,STR-945-103
1112907675508301541,Basement studio with private entrance and parking,96090763,1467157420011618394,Mike,,Knoxdale-Merivale,45.32874,-75.76587,Entire home/apt,67,30,7,2026-05-01,0.33,1,187,5,
1113764357122524639,Magazine-Featured EX Model Home,229462726,1469222919609542611,Dawit,,Barrhaven,45.25620019999999,-75.7409644,Entire home/apt,202,30,23,2026-03-24,0.88,1,35,13,STR-838-850
1115519901643307666,Private room in Ottawa,567811401,1470526610601402040,Adam,,College,45.34680729999999,-75.7863606,Private room,,1,45,2025-02-22,1.79,2,0,0,STR-841-667
1117545790205253933,Modern Downtown Retreat,568282266,1470528083096627727,Maggie,,Rideau-Rockcliffe,45.45147,-75.63064,Entire home/apt,220,30,4,2025-09-08,0.18,5,331,2,
1118843347346029267,Private Cozy Room | Shared Bathroom | Smart TV,539697002,1470419253707197581,Leo,,Rideau-Goulbourn,45.2404842,-75.74468209999999,Private room,37,30,31,2025-09-27,1.16,3,52,9,STR-840-392
1119008895795117050,Nice room for students/workers,423768453,1469922427098921272,Seynabou,,Beacon Hill-Cyrville,45.44951,-75.59891,Private room,64,30,0,,,26,89,0,STR-834-549
1119685976462670681,Cozy two bedroom getaway!,249077110,1469320648683355089,Laurie,,Alta Vista,45.394088,-75.631506,Entire home/apt,85,30,8,2026-04-19,0.32,1,274,3,
1119774708129208572,"3 Bedroom, 1.5 bath Luxury Suite",568783482,1470529588746357846,Kelechi,,Gloucester-Southgate,45.36798,-75.635,Entire home/apt,273,2,106,2026-06-19,3.96,1,201,45,STR-840-362
1119788613440059454,Modern house near Rideau canal,137655704,1468367953559241646,Allan,,Capital,45.40618,-75.6794,Entire home/apt,357,3,14,2026-05-18,0.55,3,44,7,STR-835-450
1122378128339320306,Historic fun New Edinburgh Loft beside Rideau Hall,43765304,1462694807607753100,Sue,,Rideau-Rockcliffe,45.4420324,-75.6897929,Entire home/apt,,1,148,2026-05-03,5.41,1,0,46,STR-855-493
1123347780541148962,Carlington New 2 Bedroom in West End,85297148,1467028662565408108,Short And Suite BnB,,River,45.37642818811418,-75.74041292873216,Entire home/apt,336,2,34,2026-06-19,1.28,28,43,22,STR-840-278
1123793670663016267,"One room
In a shared apartment",442632961,1469996962729274789,Kelly,,Rideau-Vanier,45.4342836,-75.66881459999999,Private room,49,30,0,,,1,269,0,
1126208662742746039,Private. Non-smoking.  No pets.,261074186,1469379747877028893,Dory,,Beacon Hill-Cyrville,45.44529,-75.60997,Entire home/apt,70,30,89,2026-05-25,3.30,2,295,23,STR-827-129
1126394735866681335,"Luxe Home | 2 King Beds, Theatre Room, Near Beach",43424548,1465644807636065133,Sean,,Kitchissippi,45.39979,-75.74575,Entire home/apt,413,2,36,2026-06-10,1.37,7,309,24,STR-852-474
1126725581883291375,The Log Home at The Richmond Estate Winery,570376077,1470534603688667539,Michael,,Rideau-Goulbourn,45.13293,-75.91807,Entire home/apt,541,2,13,2026-05-18,0.59,1,129,10,STR-843-949
1126845020358747580,Entire House with 5 bedrooms and 8 beds,233000958,1463242830539281090,Ajibola,,Rideau-Goulbourn,45.23607,-75.74714,Entire home/apt,860,1,11,2025-10-26,0.42,6,184,6,STR-853-234
1128199671789171857,Tribute House of Banksy,20870316,1463140776709220778,Jide,,Capital,45.4026038,-75.70463029999999,Entire home/apt,73,30,80,2026-06-05,3.07,1,258,21,STR-839-900
1128594115420513807,"Spacious & Comfortable 1BR Unit, Peaceful Setting",390103586,1469806724216715582,Fatemeh,,Barrhaven,45.28285,-75.73385,Entire home/apt,103,4,17,2025-09-30,0.67,1,199,5,STR-842-908
1129994545028912027,Nice bedroom,567811401,1470526610601402040,Adam,,College,45.34752,-75.78685,Private room,,1,35,2025-02-25,1.41,2,0,0,STR-841-667
1129999866646522442,Modern & Cozy Hideaway,516078977,1463863421233836679,Patrick Landry,,Innes,45.45932579999999,-75.5159202,Entire home/apt,186,2,46,2026-06-21,2.08,1,15,24,STR-844-034
1130438852115973518,Luxury New Home in Findlay Creek,265455648,1469404300781191343,Valerie,,Osgoode,45.30793,-75.59061,Entire home/apt,342,1,86,2026-06-21,3.33,1,297,39,STR-841-031
1130498349278567607,Fully Furnished Clean & Cozy Private Bedroom,187592779,1463091058120977985,Wei,,Knoxdale-Merivale,45.35113,-75.70985,Private room,32,30,0,,,6,175,0,
1130754716855672709,Belle grande chambre,571340805,1470537700641564752,Ratisbonne,,Gloucester-Southgate,45.34553,-75.66335,Private room,35,30,2,2024-12-14,0.10,1,269,0,
1132620696751517092,Entire 2 Bedroom Basement Apartment,458983927,1470066549223104905,Samy,,Kanata South,45.27634,-75.83922,Entire home/apt,92,30,4,2025-10-04,0.17,5,327,1,
1132661881590435722,"NEW spacious home steps from Tanger Outlet, CTC!",571797877,1470549748673047535,Hadi,,Stittsville-Kanata West,45.27454,-75.88312,Entire home/apt,673,1,0,,,1,359,0,Exempt
1132760784031479396,Peaceful House at Barrhaven Ottawa,553015304,1470471156683786833,Salwa,,Barrhaven,45.24964,-75.76071,Entire home/apt,447,5,6,2026-06-16,0.28,1,68,5,STR-841-953
1133664381380861960,*Heated Pool House By The Water + Hot Tub*,553593378,1470473101695867520,Curtis,,Orleans,45.4879807,-75.50756439999999,Entire home/apt,534,1,63,2026-06-21,2.49,1,301,37,STR-842-154
1133996432938301100,Luxury Executive One Bedroom,508223971,1470284617872445362,Zoloti,,Somerset,45.4184152,-75.7052441,Entire home/apt,56,90,9,2026-01-21,0.37,3,305,3,
1134080066368363134,Exquisite Room with Ensuite Bathroom with Smart TV,539697002,1470419253707197581,Leo,,Rideau-Goulbourn,45.24092,-75.74513,Private room,,30,49,2026-05-07,1.88,3,0,6,STR-840-392
1134399387530111329,Home in Ottawa,526598926,1470368093289970113,Arif,,College,45.32135,-75.83084,Entire home/apt,,4,23,2025-01-01,0.86,1,0,0,STR-837-686
1135445185665635666,Little Italy Apartment,431787535,1469954796691001698,Darshanie,,Somerset,45.39994,-75.71093,Private room,46,118,0,,,1,267,0,
1135517042394689744,Your Comfortable Haven Away,64426327,1466795359593323517,Ruth & Mark,,College,45.3389,-75.74032,Entire home/apt,126,3,117,2026-06-21,4.45,1,98,58,STR-855-425
1135593063938253717,Modern apartment in Westboro Beach,146358702,1468436899277311995,Philip,,Kitchissippi,45.39435,-75.76014,Entire home/apt,183,1,47,2026-06-19,1.92,1,296,27,STR-842-272
1136200978189811398,"Hephzibah and Beulah, 1 masterbed and 1 bedroom.",549675094,1470458486772365604,Damola,,Barrhaven,45.27042,-75.76751,Private room,126,30,21,2025-08-24,0.80,2,232,4,STR-839-216
1136328754621385525,3 Bedroom Near Airport | Parking | Basement,52810809,1462724120263243070,Natalie,,Gloucester-Southgate,45.36802948498318,-75.61452225002523,Entire home/apt,181,30,108,2026-03-27,4.08,21,335,43,STR-000-000
1136949816440080006,Large Ottawa Summer House,107795196,1467306050299551634,Andrew,,Barrhaven,45.2520953,-75.7474543,Entire home/apt,,30,0,,,1,269,0,
1137622854528008870,Newly Renovated 3 Bedroom Suite w/ Parking | DT,450234698,1470027448037962900,Modern,,Rideau-Vanier,45.42997,-75.68284,Entire home/apt,331,1,94,2026-05-29,3.58,7,243,54,STR-846-052
1138339225278401434,Alta Vista Private Room,41956543,1465624592986428437,Jacob,,Alta Vista,45.381667563594924,-75.64637060901613,Entire home/apt,134,1,55,2026-06-19,2.11,1,190,36,STR-855-070
1138537744594213971,Little Italy Comfy 1-Bedroom Apt,447315583,1470014389073600880,Andy,,Somerset,45.4092317,-75.7122507,Entire home/apt,83,30,7,2025-12-13,0.33,2,266,3,
1138744787039329085,Kat House 1,3866792,1462641354632795123,Kathryn,,Rideau-Rockcliffe,45.4521098,-75.65882169999999,Private room,50,30,3,2026-03-11,0.15,2,177,2,
1139025162469361745,Downtown Home for Nonsmokers,503296496,1470262766954274455,Runzhi,,Somerset,45.414694917618014,-75.69778742833506,Entire home/apt,206,2,0,,,2,84,0,Exempt
1139342082996523311,Exec 3 Bed/2.5 Bath Townhouse/Kanata High Tech,27699005,1465408996799713095,Wei,,Kanata North,45.31888578877776,-75.9310331940651,Entire home/apt,,30,4,2026-05-20,0.17,3,24,2,
1139878892689828088,Cozy Single Family Home In Barrhaven,486965161,1470191718115391277,Mazba,,Rideau-Goulbourn,45.233818,-75.7367178,Entire home/apt,,2,61,2026-02-28,2.61,1,0,30,STR-843-376
1140136510664963844,"Luxury 2 br, 1 bath Upper Unit and office space",524192963,1463866352385763602,Jack,,Orleans,45.4845396,-75.5170279,Entire home/apt,121,30,3,2026-04-30,0.14,2,168,1,
1141300021993874829,Oasis a short walk from chaos,472303241,1470130268119234134,Gailene,,Rideau-Vanier,45.4338831,-75.68919009999999,Private room,82,30,0,,,2,364,0,
1141633243496898000,Chic Comfort - Workspace+PetFriendly+Backyard,13673377,1462918864789442360,Sarah,,Beacon Hill-Cyrville,45.42813,-75.60834,Entire home/apt,98,30,3,2026-05-31,0.14,1,33,1,
1142067401040728205,NEW Luxury 1 Bedroom,61161542,1466752991516750061,Maysa,,Somerset,45.418698480870646,-75.7050047814846,Entire home/apt,,60,0,,,3,0,0,
1142608067679044015,"Modern, Cozy & Fully Equipped Downtown Condo",508223971,1470284617872445362,Zoloti,,Somerset,45.41819,-75.70568,Entire home/apt,93,90,12,2026-04-13,0.48,3,336,4,
1143515611157585006,"Cozy 1 bdr apt, Near downtown",265080488,1469402289018628577,Awa,,Rideau-Rockcliffe,45.431740132447715,-75.63824723862305,Entire home/apt,132,30,103,2026-06-04,3.95,1,354,22,STR-839-847
1144297414003181936,Eve private room,265894547,1469406225968701683,Evelyne,,Capital,45.40383,-75.67638,Private room,,30,9,2025-09-19,0.36,3,0,1,STR-826-947
1144978418187288162,Luxury GuestHouse - The Roy,27076237,1462639715190195774,Roy,,Beacon Hill-Cyrville,45.42438,-75.60116,Private room,,30,3,2025-10-16,0.12,5,318,1,STR-826-635
1144986390171651221,Luxury GuestHouse - The Romie,27076237,1462639715190195774,Roy,,Beacon Hill-Cyrville,45.42324,-75.60179,Private room,,30,3,2025-11-02,0.17,5,311,1,STR-826-635
1144990046705837907,Luxury GuestHouse - The Ralph,27076237,1462639715190195774,Roy,,Beacon Hill-Cyrville,45.42385,-75.60225,Private room,,30,4,2025-07-10,0.16,5,329,2,STR-826-635
1145234708086870196,"Clean, Quiet, New Construction",230702201,1469230109759321729,Easy,,Somerset,45.41288,-75.69283,Entire home/apt,,30,0,,,1,269,0,
1145632152764829668,Luxurious Room and Workspace,107026767,1467297323594776297,Amr,,Gloucester-South Nepean,45.32712,-75.60617,Private room,46,30,0,,,3,269,0,
1145831342312214566,Private and spacious 2-bedroom basement apartment,272032536,1469436172527002368,Rola,,Innes,45.44703,-75.52748,Entire home/apt,314,1,36,2026-06-14,1.61,1,354,19,STR-843-594
1145993294238504891,Comfy room with private bath close to everywhere,561050183,1470506051776608137,Bianca,,Gloucester-Southgate,45.35242,-75.61609,Private room,91,1,80,2026-06-21,3.26,4,266,38,STR-842-194
1146464728037294381,Cozy apartment long term rentals,423768453,1469922427098921272,Seynabou,,Beacon Hill-Cyrville,45.45166,-75.59743,Entire home/apt,150,30,0,,,26,269,0,STR-834-549
1147162221990912184,Stonebridge Golf Nest,560076072,1470502954003802770,Abiola,,Rideau-Goulbourn,45.24619,-75.71569,Entire home/apt,514,1,96,2026-06-11,4.82,1,280,67,STR-843-103
1147761520411068463,Comfortable airport oasis,86062475,1467036236706234548,Tenor,,Gloucester-South Nepean,45.283413792974166,-75.72166732909629,Private room,101,1,0,,,1,265,0,STR-844-398
1148011024287557130,Room for long term rentals,423768453,1469922427098921272,Seynabou,,Beacon Hill-Cyrville,45.45137,-75.5976,Private room,56,30,0,,,26,269,0,STR-834-549
1148857893912515310,Central Cozy & Modern Townhome,424502798,1469925399425623095,Riccardo,,Rideau-Rockcliffe,45.44982,-75.62792,Entire home/apt,256,5,22,2026-05-18,0.93,1,216,10,STR-842-577
1150121253127972986,Quiet home in a peaceful area!,575970008,1470573477046289015,Jade,,Rideau-Vanier,45.4297906,-75.6782152,Entire home/apt,347,31,0,,,1,89,0,
1150253814579177457,"Clean, quiet, convenient; NO Cleaning Fees",438918454,1469982697211853355,Kannan,,Gloucester-South Nepean,45.3065344,-75.5978282,Entire home/apt,206,2,75,2026-06-21,2.93,1,45,41,STR-840-312
1150860079616391325,Cozy 1 bedroom Town home,144680969,1468423434764007394,Edmond,,Barrhaven,45.24541,-75.74511,Entire home/apt,,15,0,,,2,0,0,STR-829-749
1150984655365735086,"New, Modern, Cozy 3 BDR Home + Free Parking",576204845,1463887107345592436,Alain,,Rideau-Goulbourn,45.23807,-75.7478,Entire home/apt,274,2,97,2026-06-08,4.29,1,216,47,STR-843-217
1152886230151713965,Entire Basement Ottawa-Orléans,576673959,1470575671717362886,Karu,,Cumberland,45.453401,-75.4667612,Entire home/apt,,30,0,,,1,179,0,
1153107520935815478,Urban Bungalow Downtown Ottawa* Free Parking,148457201,1462980394373512340,Allegria,,Alta Vista,45.3803537,-75.66738819999999,Entire home/apt,303,2,34,2026-06-14,1.35,3,269,14,STR-839-031
1153728446727442629,Private room in apartment-Female only,419672411,1469906156249708311,Precia,,Kanata North,45.314966717070284,-75.9341213770546,Private room,54,30,0,,,1,173,0,
1154568319055831971,Heated Salt Pool | Luxury 5 Bed | Central Location,52810809,1462724120263243070,Natalie,,College,45.34668,-75.7406,Entire home/apt,405,30,5,2026-05-31,0.20,21,308,2,
1154619518035102488,Cozy Bedroom with TV+Workspace,577065056,1470576818771910132,Elvis,,Innes,45.43025,-75.52349,Private room,80,1,62,2026-06-14,2.85,4,143,39,STR-844-322
1155392957281256397,The Side Door - open concept basement apartment,132713327,1468326886293791815,Ng,,Knoxdale-Merivale,45.3543702232809,-75.7182182166012,Entire home/apt,171,2,101,2026-06-03,3.96,1,165,40,STR-853-115
1155792270008327693,Luxurious waterfront house/cottage on Ottawa river,89419637,1467083710431742904,Sonia,,West Carleton-March,45.48512,-76.03012,Entire home/apt,1112,2,16,2025-08-27,0.66,1,85,7,STR-841-143
1155997040190051170,"Entire Deluxe Home in Ottawa, Canada",283754633,1469486388803001328,Purushothanan,,Gloucester-South Nepean,45.30941,-75.59131,Entire home/apt,738,28,0,,,1,270,0,STR-844-974
1156554594008559361,Warm and Cozy,259987777,1469373702361986719,Alejandra,,College,45.35165,-75.74166,Entire home/apt,,30,0,,,1,269,0,
1157499417899485476,Stunning with no back neighbour,568282266,1470528083096627727,Maggie,,Barrhaven,45.25124,-75.75851,Entire home/apt,257,30,5,2026-04-07,0.21,5,253,2,
1158256400224096193,Beautiful suite in Ottawa,577992036,1470579696392486723,Dilina,,Rideau-Goulbourn,45.24771,-75.71431,Private room,130,1,162,2026-06-02,6.34,2,169,48,STR-841-908
1158820826748428083,Little Italy: Private room w/ mini-fridge,125531677,1462929408746238643,Anas,,Somerset,45.3994,-75.70996,Private room,78,2,69,2026-06-02,2.71,3,68,32,STR-843-286
1159801112793376637,Beautiful room in Ottawa with Private bathroom,577992036,1470579696392486723,Dilina,,Rideau-Goulbourn,45.24688,-75.71367,Private room,95,2,98,2026-05-24,3.87,2,172,36,STR-841-908
1160424708827463955,Single house in Barrhaven,578525278,1470581205349385238,Foujan,,Barrhaven,45.2573918,-75.7345374,Entire home/apt,,30,72,2026-03-12,3.09,1,0,41,STR-838-244
1161558420766819484,"Spacious Reno'd 2 Bed, Near DTWN",150407358,1468479341147505339,Geo,,Rideau-Vanier,45.441152,-75.6713439,Entire home/apt,140,30,2,2024-09-29,0.08,2,215,0,
1162250758981976092,Home in Stittsville,579015011,1470582651328758085,Abigail,,Rideau-Goulbourn,45.2476,-75.90197,Private room,149,1,29,2026-06-11,1.18,1,365,12,Exempt
1162408990915506994,Whispering Timber Suite,29379861,1465432633385342713,Ben,,Cumberland,45.34559,-75.49596,Entire home/apt,149,1,149,2026-06-21,5.88,1,49,66,STR-855-961
1163217628678772865,Modern 2023 Home in Ottawa — Sleeps 8,8680095,1462566173157959194,Betty,,Rideau-Vanier,45.43856,-75.66409,Entire home/apt,742,2,41,2026-06-10,1.84,5,327,24,STR-844-040
1163307898847624962,Gorgeous Room (queen)+private bathroom,446166228,1470010073196569445,Ernesto,,Rideau-Vanier,45.4268557,-75.68583799999999,Private room,286,1,88,2026-06-02,3.50,7,192,29,STR-839-610
1163316363356849647,Lovely 2-bed App Downtown Ottawa 31C,41604531,1462688121008526811,Sam,,Rideau-Vanier,45.43028,-75.68278,Entire home/apt,166,1,54,2026-06-15,2.28,20,179,33,STR-850-098
1164346567670586746,Luxurious Private Suite,92518082,1467118365775133002,Babak,,Kitchissippi,45.4036718,-75.7261029,Entire home/apt,132,2,212,2026-06-20,8.83,2,84,114,STR-843-491
1164472470674451400,Lovely Place Downtown Ottawa 37D,41604531,1462688121008526811,Sam,,Rideau-Vanier,45.42913,-75.68274,Entire home/apt,166,1,138,2026-06-15,6.37,20,283,91,STR-850-098
1164964710928507485,Lovely Place Downtown Ottawa 22D,41604531,1462688121008526811,Sam,,Rideau-Vanier,45.42703,-75.68864,Entire home/apt,152,1,94,2026-06-21,4.27,20,249,63,STR-850-089
1165468864133424569,OCD clean townhouse 2 bedroom + balcony (king bed),451316203,1470031876770537768,Ricardo,,Cumberland,45.45014744035887,-75.4804924921457,Entire home/apt,128,30,3,2026-05-03,0.24,1,162,2,
1165970896955527106,Free Parking | Small Studio | Downtown,450234698,1470027448037962900,Modern,,Rideau-Vanier,45.42848,-75.68365,Entire home/apt,297,1,39,2026-06-01,1.56,7,232,27,STR-849-394
1166160859933378496,Modern 2 Bedroom Guest Suite - River Walk,536353527,1470406408690394432,Ron,,Beacon Hill-Cyrville,45.4599,-75.60465,Entire home/apt,296,1,103,2026-06-21,4.14,1,153,58,STR-840-929
1166808495343500050,Lovely App Downtown Ottawa 29D,41604531,1462688121008526811,Sam,,Rideau-Vanier,45.42678,-75.68725,Entire home/apt,141,1,100,2026-06-12,4.67,20,299,59,STR-850-089
1167008967593240167,Beautiful Room in Boutique In,446166228,1470010073196569445,Ernesto,,Rideau-Vanier,45.4272,-75.68617,Private room,173,1,70,2026-05-22,2.79,7,135,29,STR-839-610
1167574881102361302,Belle grande chambre avec toilette adjacente,2224712,1462589508245925263,Viviana,,Rideau-Vanier,45.44033,-75.65861,Private room,137,1,21,2026-05-28,0.94,1,116,15,STR-843-097
1168670561711560892,Spacious Private Bedroom in a Cozy Home (Right),129487127,1468298553041169869,Luke,,Barrhaven,45.29284,-75.73654,Private room,29,30,3,2025-07-12,0.13,2,303,1,
1168745485338796048,One-Bedroom Unit in Central Location!,246357206,1469306947841420024,Mayse,,College,45.3474801,-75.7686487,Entire home/apt,167,1,94,2026-06-17,3.78,1,23,49,STR-841-689
1168791239261981821,Downtown haven with Free Parking,148457201,1462980394373512340,Allegria,,Alta Vista,45.38124,-75.66633,Entire home/apt,229,2,38,2026-06-20,1.68,3,267,14,STR-839-031
1169020768036298590,Tiny room across OttawaU,510569116,1470295688584794699,Carlos,,Rideau-Vanier,45.42401388733164,-75.67882559170178,Private room,61,30,0,,,26,269,0,
1169059708122380171,The River Retreat on the Rideau,179250492,1463071926706453864,Marlene,,Osgoode,45.1740456,-75.624236,Entire home/apt,485,1,99,2026-06-22,5.08,1,278,64,STR-844-060
1169767832143292497,Male room in spacious apartment,13926113,1462926475187701223,Sergio,,Rideau-Vanier,45.4306718,-75.6632249,Private room,40,30,5,2026-05-03,0.38,1,213,4,
1170336748861483350,"Master Ensuite Room, Ottawa Airport  free parking.",181600359,1463077223310192431,Mizpah,,Osgoode,45.3267693,-75.58621049999999,Private room,56,30,78,2026-04-26,3.23,5,364,25,STR-839-352
1170552138767395255,Small Private room in Bayshore.,455560137,1470049811388418939,Alan,,Bay,45.35216,-75.81072,Private room,33,30,7,2026-05-29,0.30,3,365,5,
1170597081337173044,Modern Comfort | 2 Bedroom Townhouse |Free Parking,450234698,1470027448037962900,Modern,,Rideau-Vanier,45.43932,-75.66047,Entire home/apt,100,30,17,2026-05-17,0.68,7,249,1,STR-844-816
1171219107005438180,Adorable Room in Boutique Inn,446166228,1470010073196569445,Ernesto,,Rideau-Vanier,45.426900798555636,-75.68584341555834,Private room,132,1,73,2026-05-31,2.94,7,66,25,STR-839-610
1171461403490510825,Charming Westboro Home with Pool,37253652,1465556574139031893,Ameer,,Kitchissippi,45.38553,-75.74234,Entire home/apt,274,30,4,2026-03-02,0.18,9,205,2,
1171629470611956191,"2 Bed, 2 baths in Orleans",522919165,1470352814153187707,Suhani,,Cumberland,45.45127,-75.47037,Private room,227,2,11,2026-06-01,0.81,3,232,10,STR-852-786
1171716921772380991,Bright 1-Bedroom in Shared Luxury Condo,394601942,1469820550667965504,Maria,,Rideau-Vanier,45.42918,-75.68749,Private room,99,30,7,2025-01-06,0.31,1,267,0,STR-842-700
1172014786552007258,The Pizzicato: Comfort and Convenience,66190971,1462771162645398738,Luis,,Innes,45.42948,-75.52068,Entire home/apt,374,2,53,2026-05-25,2.18,26,312,34,STR-842-256
1172060240218007255,Luxury Modern Home - Airport,581610741,1470590060035951267,Ali,,Gloucester-Southgate,45.34287,-75.62644,Entire home/apt,625,1,75,2026-06-14,3.06,1,327,39,STR-848-644
1172636850213655569,Quiet & cozy bedroom (#2) w parking near downtown,231872283,1469236127907242123,Simran,,Rideau-Rockcliffe,45.4474,-75.63161,Private room,132,1,157,2026-06-17,6.31,3,176,49,STR-838-081
1173236688897452981,4Rooms-5Beds | Single Home Near Airport | Hot Tub,55315137,1465906641085108190,Paul,,Gloucester-South Nepean,45.321955,-75.5972128,Entire home/apt,656,1,51,2026-06-21,2.36,1,220,31,STR-843-361
1173391043697696774,A small cozy room private bath/free Parking,561050183,1470506051776608137,Bianca,,Gloucester-Southgate,45.35247,-75.61422,Private room,86,1,79,2026-06-14,3.19,4,245,32,STR-842-194
1173959113294078344,Quiet Double Room | Great for Work & Travel,113446783,1468172326476853941,Sudie,,Kanata North,45.36077,-75.92514,Private room,109,1,38,2026-06-09,1.66,2,270,24,STR-844-011
1173977361693434051,Cozy House in Old Ottawa South,115470073,1468186369339194740,Wen,,Capital,45.39442679726135,-75.67884592002937,Entire home/apt,,30,2,2025-08-27,0.09,1,0,1,
1174733338475291021,Peaceful room with private bath close to airport,561050183,1470506051776608137,Bianca,,Gloucester-Southgate,45.35022,-75.61403,Private room,92,1,92,2026-06-21,3.82,4,346,51,STR-842-194
1176071062087088798,Riverside Haven,366935509,1469739673834389776,Peter,,Capital,45.3995765,-75.6728025,Entire home/apt,314,3,44,2026-06-21,1.91,1,106,25,STR-843-617
1176218756675386585,Rideau River Oasis,578825888,1470582123129530906,Julie And Ron,,Rideau-Goulbourn,45.2258,-75.68207,Entire home/apt,220,1,73,2026-06-21,3.24,1,88,41,STR-843-823
1176349677197999442,Metro Queen in Luxury home Fibre WiFi Free parking,104583371,1462881777037462466,Vivek,,Gloucester-South Nepean,45.32349,-75.60891,Private room,115,1,37,2026-06-13,1.50,3,295,12,STR-840-928
1176352783259781495,Modern Apartment in Centretown w Laundry!,451220149,1470031525291520113,Gershon,,Somerset,45.4067,-75.71022,Entire home/apt,86,30,5,2026-01-23,0.24,1,333,4,
1177674448016175451,Spacious Ensuite Room with King Bed!,66819187,1462772786390334675,Suhail,,Gloucester-South Nepean,45.27003,-75.72853,Private room,69,1,48,2026-06-07,1.99,3,83,20,STR-828-523
1178159435924270442,Stylish 3BR Ottawa Retreat Ideal for Monthly Stays,466089949,1470100959876533647,Julie,,Rideau-Vanier,45.43671,-75.66723,Entire home/apt,149,31,0,,,3,119,0,
1179056452681661132,Backyard Oasis: Perfect for 1 Guest,6210774,1462700689656274121,Dawn,,Knoxdale-Merivale,45.32324947012603,-75.78635757751472,Entire home/apt,66,30,3,2026-04-30,0.51,1,245,3,
1179764500448654131,“Tranquil 3-Bedroom Enclave”,124493612,1468256565744370197,Akinbodunde,,Innes,45.4268,-75.51112,Entire home/apt,468,1,58,2026-05-24,2.36,1,337,28,STR-839-704
1180369857953833335,Cozy room with private bath close to everywhere,561050183,1470506051776608137,Bianca,,Gloucester-Southgate,45.35233,-75.61573,Private room,91,1,67,2026-05-28,2.73,4,355,28,STR-842-194
1181392667612962937,Elegant room with a private bath,486026361,1470187880164620159,Victor,,Innes,45.44485,-75.51991,Private room,56,30,8,2025-10-09,0.33,18,360,1,STR-826-679
1181873156173120659,Urban Queen in Luxury home Fibre WiFi Free parking,104583371,1462881777037462466,Vivek,,Gloucester-South Nepean,45.32307,-75.60797,Private room,116,1,56,2026-06-23,2.30,3,83,25,STR-840-928
1182859233048620381,Luxury Furnished Home,271086550,1469431479993495153,Mase,,Osgoode,45.30622,-75.59241,Entire home/apt,398,30,0,,,1,365,0,
1183341457535014214,Bedroom Suite 1,584667087,1463890846964790269,Margot,,Rideau-Vanier,45.42742,-75.67539,Private room,255,2,24,2026-06-14,1.09,3,67,13,STR-839-708
1183561234082564031,Private 1 BR/1 BA (Shared) Kanata High-Tech Park,11584999,1462579153758493514,Patrick,,West Carleton-March,45.36545,-75.93275,Private room,,30,1,2024-11-12,0.05,2,0,0,
1183647977794213067,"""KTM Cave "" A Cozy suite  near Ottawa Airport.",584759772,1463890878850585220,Deepak,,Gloucester-South Nepean,45.3273032,-75.5934947,Private room,116,1,268,2026-06-18,10.98,1,150,105,STR-841-212
1184049453543267753,NoMo Oasis: bright Urban Retreat min from downtown,107684727,1467304781942450649,Nicky,,Rideau-Vanier,45.440435854410495,-75.66004240858739,Entire home/apt,309,2,50,2026-06-19,2.42,1,222,32,STR-843-905
1184913898916416020,Private Basement Apartment,585087574,1470599859588725077,Martha,,Rideau-Rockcliffe,45.42913,-75.65567,Private room,200,2,55,2026-06-07,2.33,1,325,30,STR-842-665
1185319473799346568,Gorgeous 2-bdrm in Carlingwood,174414055,1468692029890425299,Teshome,,Bay,45.3765,-75.77406,Entire home/apt,,30,0,,,1,296,0,
1186336386971734084,"Room with private washroom, 8 mins from airport",93148861,1467125101759001289,Michelle,,Osgoode,45.32412,-75.59135,Private room,112,2,24,2026-05-28,0.99,1,338,12,STR-842-635
1186967475853073308,A place to find quality rest -21,486026361,1470187880164620159,Victor,,Innes,45.44335,-75.51913,Private room,40,30,9,2024-11-30,0.38,18,360,0,STR-826-679
1187166240279709785,Cozy 2-Bedroom City Retreat,37253652,1465556574139031893,Ameer,,Kitchissippi,45.40793,-75.73265,Entire home/apt,126,30,2,2025-01-28,0.11,9,225,0,
1187337649465312677,Lovely App Downtown Ottawa 211D,41604531,1462688121008526811,Sam,,Rideau-Vanier,45.42812,-75.68877,Entire home/apt,136,1,149,2026-06-20,6.86,20,249,81,STR-850-089
1187690477364688199,New and Spacious Home,537326639,1470410346700881651,Rocco,,Barrhaven,45.24754,-75.75657,Entire home/apt,243,2,61,2026-06-07,2.79,1,188,35,STR-840-923
1187806051003260976,Lovely Apt Downtown Ottawa 34D,41604531,1462688121008526811,Sam,,Rideau-Vanier,45.42889,-75.68426,Entire home/apt,166,1,163,2026-06-14,7.58,20,223,104,STR-850-098
1187823150415798611,Entire Place Downtown Ottawa 39D,41604531,1462688121008526811,Sam,,Rideau-Vanier,45.42913,-75.68454,Entire home/apt,164,1,89,2026-06-19,3.89,20,303,59,STR-850-098
1187876373090178187,Downtown 1 Bedroom Suite,61161542,1466752991516750061,Maysa,,Somerset,45.42248673692308,-75.69749376560668,Entire home/apt,77,45,0,,,3,274,0,
1188000769473985527,Lovely App Downtown Ottawa 38D,41604531,1462688121008526811,Sam,,Rideau-Vanier,45.4284,-75.68273,Entire home/apt,166,1,214,2026-06-16,9.80,20,261,114,STR-850-098
1188491010799311202,*New Built* Beautiful 3BR 4.5BATH Home in Westboro,538085312,1470413296236190649,Jaybird,,Kitchissippi,45.38821,-75.73952,Entire home/apt,511,30,0,,,2,296,0,STR-836-468
1190663269420645537,3 Bedroom Central Apartment - 4 Bed & Free Parking,190611014,1468989664922732549,Kyler,,Somerset,45.41534144256228,-75.69966000309176,Entire home/apt,376,1,96,2026-06-12,4.54,1,155,53,STR-844-441
1191546918670209792,Home in Nepean,166098222,1468611101167667961,Hong-Son,,College,45.33656,-75.75859,Entire home/apt,161,30,3,2026-02-27,0.15,2,311,1,
1192015829648706712,Bedroom Suite 2,584667087,1463890846964790269,Margot,,Rideau-Vanier,45.42834,-75.67649,Private room,255,2,24,2026-06-12,1.09,3,71,11,STR-839-708
1192015914164528737,Bedroom Suite 3,584667087,1463890846964790269,Margot,,Rideau-Vanier,45.42822,-75.67456,Private room,230,2,34,2026-06-17,1.43,3,61,26,STR-839-708
1192600701886772622,Chic Rental Apartment,423768453,1469922427098921272,Seynabou,,Beacon Hill-Cyrville,45.4514,-75.59696,Entire home/apt,137,30,0,,,26,365,0,STR-834-549
1192638221107345016,"Spacious room, students/workers",423768453,1469922427098921272,Seynabou,,Beacon Hill-Cyrville,45.45029,-75.59872,Private room,55,30,0,,,26,365,0,STR-834-549
1192975654138376497,Cozy 1 bed in Old Ottawa East,186738842,1468966379208548449,Brittany,,Capital,45.402799705530036,-75.67385341446176,Entire home/apt,160,1,206,2026-06-21,9.70,1,298,132,STR-844-855
1193642164450374449,"Bright Private Bedroom in a Cozy Home (Left, Male)",129487127,1468298553041169869,Luke,,Barrhaven,45.29423,-75.73609,Private room,34,30,1,2025-10-24,0.12,2,358,1,
1194118555050624699,Total Condo Comfort,423768453,1469922427098921272,Seynabou,,Beacon Hill-Cyrville,45.45136,-75.59884,Entire home/apt,101,30,0,,,26,365,0,STR-834-549
1194465516456892134,Pet-friendly home with office & backyard,114722218,1468181048930532111,Stacie,,Rideau-Rockcliffe,45.44322941158223,-75.62787645394543,Entire home/apt,,2,3,2025-08-12,0.20,3,0,2,STR-846-032
1194698036934949485,Central & Spacious 4BR Home - 13 Min to DT&Airport,109225918,1467322548807624413,Ahmed,,Knoxdale-Merivale,45.33317,-75.74443,Entire home/apt,517,1,66,2026-05-31,3.90,1,231,43,STR-845-973
1194798647554411787,Cozy Room in Modern Shared Home | Nepean | Ottawa,203567613,1469062273022967857,Daniel,,Barrhaven,45.2553075,-75.74548159999999,Private room,104,1,20,2026-06-11,0.86,5,108,19,STR-831-862
1194819122020180053,Lovely Room Nepean Ottawa,203567613,1469062273022967857,Daniel,,Barrhaven,45.25499,-75.74475,Private room,104,1,9,2026-06-07,1.93,5,189,9,STR-831-862
1194823457664047719,Traveller's Room in Nepean - Ottawa,203567613,1469062273022967857,Daniel,,Barrhaven,45.25498,-75.74633,Private room,103,1,2,2026-04-02,0.47,5,118,2,STR-831-862
1195086661881395251,Beautiful 3BR 1BATH Unit in Downtown Sandyhill,373561137,1469759002071335586,Jaybird,,Rideau-Vanier,45.4277,-75.68075,Entire home/apt,582,1,55,2026-06-08,2.33,4,63,18,STR-831-906
1195227380978968019,Tranquil Retreat in Findlay Creek 3bdrm 3 bath,531925926,1470388843933388214,Anthony,,Osgoode,45.3055746,-75.59515619999999,Entire home/apt,383,1,11,2024-12-29,0.46,1,139,0,STR-841-435
1195586345778620559,Luxury Entire home! 4bdrm4bthrm,573615174,1463885924269893843,Amir,,Kanata South,45.30454,-75.88021,Entire home/apt,98,90,24,2024-10-21,1.01,1,270,0,STR-234-999
1195755835584190083,Master bedroom w/Ensuite Bathroom DT Ottawa,7931709,1462744899581599699,Xu,,Somerset,45.41806,-75.7059,Private room,124,30,15,2025-01-19,0.63,1,269,0,Exempt
1196263609603534995,"3 Bdrm, 4 Bed Basement Suite: Quiet neighbourhood",126265213,1462931005837831950,Narek,,Knoxdale-Merivale,45.33136581544212,-75.75552747532197,Entire home/apt,268,1,78,2026-06-10,4.27,1,329,52,STR-845-326
1196277251738241606,Entire rental unit in Ottawa,423768453,1469922427098921272,Seynabou,,Beacon Hill-Cyrville,45.45161,-75.59725,Entire home/apt,138,30,0,,,26,365,0,STR-834-549
1196300843735259429,Zen suite w/ Private Queen bed near airport,25281177,1465339202362528575,Anita,,Gloucester-South Nepean,45.32472,-75.60437,Private room,120,1,7,2026-04-17,0.30,3,135,2,STR-842-423
1196352029213259550,Aura suite w/ Private Queen bed near airport,25281177,1465339202362528575,Anita,,Gloucester-South Nepean,45.32525,-75.60387,Private room,126,2,12,2026-05-14,0.52,3,135,3,STR-842-423
1196369132355119337,Full basement suite w/ 2 Queen beds near airport,25281177,1465339202362528575,Anita,,Gloucester-South Nepean,45.325312741684876,-75.60563228992044,Entire home/apt,274,1,32,2026-06-21,1.39,3,320,22,STR-842-423
1197336086489560212,Your Cozy place away from home (spacious room),588697466,1470609234419662988,Annielyn Rose,,Rideau-Goulbourn,45.236570211868056,-75.7441439477926,Private room,,2,6,2025-05-01,0.38,1,0,0,STR-844-790
1197375582254419089,Ottawa Comfortable Queen+Twin beds room,512479686,1470304798586154107,Wei,,Barrhaven,45.25355,-75.73417,Private room,102,1,235,2026-06-22,10.54,3,153,143,STR-845-130
1197675337671808314,Comfortable Visitor Room,423768453,1469922427098921272,Seynabou,,Beacon Hill-Cyrville,45.45037,-75.59922,Private room,73,30,2,2024-10-06,0.09,26,365,0,STR-834-549
1197681695578815632,Entire comfortable condo,423768453,1469922427098921272,Seynabou,,Beacon Hill-Cyrville,45.45162,-75.59908,Entire home/apt,191,30,0,,,26,365,0,STR-834-549
1197949191766655207,Entire townhouse Carp 1 min Hwy,290116043,1469507955955345335,Ish,,West Carleton-March,45.31485681516858,-76.03740398054656,Entire home/apt,314,2,26,2026-06-14,1.51,1,93,16,STR-845-343
1197962639861534085,Kanata Townhouse Near Stadium,139511217,1468382494130437947,Monnica,,Kanata North,45.30355,-75.93217,Entire home/apt,267,5,12,2026-06-14,0.87,1,25,11,STR-845-153
1198487672658249905,Charming Retreat - Cozy Stay,9213978,1462808423539148879,Bianca,,Rideau-Rockcliffe,45.44057,-75.68029,Entire home/apt,111,31,1,2025-08-15,0.10,1,157,1,
1199226008470562792,Smart Space Living in Ottawa,423768453,1469922427098921272,Seynabou,,Beacon Hill-Cyrville,45.4518,-75.59926,Private room,49,30,2,2025-02-09,0.11,26,365,0,STR-834-549
1199241163671794299,comfortable condo in Ottawa,423768453,1469922427098921272,Seynabou,,Beacon Hill-Cyrville,45.44985,-75.59835,Entire home/apt,144,30,0,,,26,365,0,STR-834-549
1199370154326477029,"New, private in downtown Ottawa",284332116,1469488621717124113,Rafic,,Rideau-Vanier,45.4332039,-75.6737076,Entire home/apt,64,30,4,2026-05-19,0.33,1,115,4,
1199413726735352097,ComfortsHome near Airport,226294495,1469203588232267061,Comfort,,Gloucester-South Nepean,45.32592,-75.60997,Private room,,30,0,,,1,364,0,
1201543234230311127,Quiet and Cozy Private Bedroom,196384628,1469023848108725880,Farhaj,,Stittsville-Kanata West,45.28416,-75.93687,Private room,47,30,0,,,1,83,0,
1203555492288106525,Room long term rental students,423768453,1469922427098921272,Seynabou,,Beacon Hill-Cyrville,45.44984,-75.59753,Private room,58,30,0,,,26,365,0,STR-834-549
1203581503522848674,"Spacious en-suite 15min to dtwn, 10min to airport",193965676,1463106193220047910,Tuan,,River,45.34805,-75.66441,Private room,58,30,2,2026-06-10,0.11,4,191,1,
1204528267361575488,Bright & Peaceful Retreat,543618887,1463873364013286987,Adrienne,,College,45.34401,-75.79821,Private room,97,1,64,2026-06-21,2.74,3,345,40,STR-843-281
1205728155806303587,Charming Private Queen Room (BR1) - Kanata,189615888,1468983393572396893,Lakshya,,West Carleton-March,45.367043895129015,-75.93230944476059,Private room,108,1,13,2026-05-22,0.99,4,2,8,STR-848-260
1205796331047449526,Master Bedroom with Private Bathroom,51628690,1465808727243274602,Victor,,College,45.35641,-75.76326,Private room,71,30,5,2026-01-01,0.23,2,348,1,
1205855953388954474,Cozy Bedroom Near Algonquin college,51628690,1465808727243274602,Victor,,College,45.35635,-75.76368,Private room,42,30,2,2025-10-30,0.15,2,267,1,
1206524480579398620,Sicilian: Golf / Work / Events,591441355,1470615697862612914,Shayne,,West Carleton-March,45.3661395,-75.9328818,Entire home/apt,166,4,25,2025-09-02,1.10,2,342,8,STR-000-000
1206712900938213762,Homely & Cozy Nook,543618887,1463873364013286987,Adrienne,,College,45.34508,-75.79672,Private room,86,1,73,2026-06-21,3.31,3,335,53,STR-843-281
1206831247119253853,Perfect Room for Work & Travel in Quiet Ottawa,113446783,1468172326476853941,Sudie,,Kanata North,45.36136,-75.92361,Private room,126,1,22,2026-04-16,0.96,2,359,8,STR-844-011
1207123046883627079,Nice room to rent student/worker,423768453,1469922427098921272,Seynabou,,Beacon Hill-Cyrville,45.45113,-75.59844,Private room,65,30,0,,,26,365,0,STR-834-549
1207542897843554494,Ottawa Garden View Queen&Twin Room,512479686,1470304798586154107,Wei,,Barrhaven,45.252388087616765,-75.73459289968014,Private room,106,1,197,2026-06-21,8.53,3,143,141,STR-845-130
1208590198862618482,Comfortable room for rent,423768453,1469922427098921272,Seynabou,,Beacon Hill-Cyrville,45.45146,-75.59703,Private room,72,30,0,,,26,365,0,STR-834-549
1208660586856692728,Sunny & Serene Bedroom,543618887,1463873364013286987,Adrienne,,College,45.34379,-75.79687,Private room,82,1,99,2026-06-21,4.28,3,353,74,STR-843-281
1208722370273033891,Hidden treasure - spacious Retreat w/Outdoor Oasis,43098194,1465639935395048930,Natalie,,Kitchissippi,45.38739,-75.743,Entire home/apt,,2,28,2025-02-01,1.23,1,0,0,STR-836-014
1208916163479930866,heart of centretown free parking,59083027,1466711517414440522,Daniel,,Somerset,45.414537561205414,-75.69949851908304,Entire home/apt,,30,0,,,2,22,0,
1211067357156854467,Cozy room near Ottawa airport #2,134352405,1468340499958627446,Thao,,River,45.34685,-75.66559,Private room,34,30,3,2025-06-30,0.18,2,153,1,
1213135601921548271,Mon logement attrayant!,573947214,1470567165105946986,Sandra,,Rideau-Vanier,45.44065,-75.65533,Private room,129,7,0,,,1,88,0,Exempt
1213912184714172500,Spacious 4 Bedroom Home | Office | Parking | W&D,52810809,1462724120263243070,Natalie,,Osgoode,45.30744,-75.5921,Entire home/apt,193,30,79,2026-03-22,3.54,21,201,34,STR-840-098
1214603347133246164,Independent Suite in Kanata,593790210,1470621473998734461,Al,,Kanata South,45.29795,-75.8621,Entire home/apt,187,4,43,2026-05-17,1.88,1,18,15,STR-843-747
1215299376326350895,Artistic & Trendy 4 Bedroom Home,260069817,1469374126680656822,Paraskevy,,College,45.34689,-75.74514,Entire home/apt,716,1,50,2026-05-21,2.19,1,238,23,STR-843-035
1216772554498722156,"Comfort Style & Space Rideau River Retreat 
Ottawa",594394104,1470622942364830601,Elvis,,Rideau-Goulbourn,45.211489480833826,-75.68125961571478,Entire home/apt,112,2,2,2026-06-02,1.15,1,328,2,STR-855-482
1216921931593539627,Cozy 4BED Townhouse in Barrhaven,22350228,1462620857691149749,Jenny,,Rideau-Goulbourn,45.23986,-75.7493,Entire home/apt,423,1,90,2026-06-10,3.96,15,212,48,STR-843-404
1217374677616283327,Peaceful Room for Long-Term Stay,423768453,1469922427098921272,Seynabou,,Beacon Hill-Cyrville,45.45108,-75.59838,Private room,67,30,0,,,26,365,0,STR-834-549
1219172204791228569,Entire 4 Bedroom House + Office in Ottawa,372636516,1463551777337510055,Anees,,Cumberland,45.45515,-75.48381,Entire home/apt,433,1,119,2026-06-22,5.27,1,138,81,STR-843-904
1219438729630645242,One Bedroom (Private Kitchen & Bath),486026361,1470187880164620159,Victor,,Innes,45.4439,-75.52046,Private room,62,30,2,2024-08-22,0.09,18,90,0,STR-826-679
1219501643251151237,"Safe, Clean Room, Central Area",423768453,1469922427098921272,Seynabou,,Beacon Hill-Cyrville,45.44961,-75.59738,Private room,57,30,0,,,26,365,0,STR-834-549
1219554626939904276,Spa-Theme Urban Oasis w/Parking + Sauna,36637057,1465545659901497879,Thoma,,Beacon Hill-Cyrville,45.44179,-75.59536,Entire home/apt,212,1,105,2026-06-14,4.98,1,256,60,STR-843-643
1220217483533813127,Cozy modern room with patio,595081434,1470624573952544484,Olusegun,,Barrhaven,45.24652,-75.75571,Private room,97,1,11,2026-06-06,0.49,1,351,8,STR-843-835
1220299661570606791,Private bedroom and washroom with free parking,231872283,1469236127907242123,Simran,,Rideau-Rockcliffe,45.44623,-75.63008,Private room,157,1,106,2026-06-21,4.73,3,157,52,STR-843-395
1220352973034524337,Sophisticated & Warm 4BD | Near Intl Airport,475319012,1470143009456794684,Jasmine,,River,45.3597,-75.67689,Entire home/apt,237,30,26,2026-04-05,1.15,10,327,8,STR-000-000
1220447828972297043,Dynasty Home -Executive Home,550761329,1470462769075648088,Abimbola Oluwaseyi,,Barrhaven,45.24966,-75.76097,Private room,200,3,0,,,2,340,0,STR-843-323
1221127336481883229,Wonderful & Spacious 2br Condo,13855143,1462924803141731313,Kondwani,,Somerset,45.41578,-75.70578,Entire home/apt,,180,0,,,1,358,0,
1222046902123797056,Ultra Modern Designer House,311847703,1469584874890794732,Dr Brown,,Bay,45.36229,-75.85543,Entire home/apt,1141,2,24,2026-04-19,1.07,1,257,10,Exempt
1222556056965479671,Brand new one bed one bath condo,110864112,1467340364731187890,Amanda,,Rideau-Vanier,45.43142,-75.67576,Entire home/apt,88,30,6,2025-12-28,0.36,1,203,3,
1223990406479550063,private unit entire suite free parking,258105806,1469363656943561232,Othman,,Osgoode,45.30788,-75.59239,Entire home/apt,155,1,16,2026-06-17,3.69,1,55,16,STR-844-418
1224044409880602158,Modern Master Retreat with Ensuite in Ottawa,8680095,1462566173157959194,Betty,,Rideau-Vanier,45.43964,-75.66469,Private room,206,2,0,,,5,328,0,STR-844-040
1224569645965672884,Modern Double Room with Ensuite in Ottawa,8680095,1462566173157959194,Betty,,Rideau-Vanier,45.43908,-75.66464,Private room,137,1,0,,,5,327,0,STR-844-040
1224578794678404384,Modern and Bright Double Bedroom in Ottawa,8680095,1462566173157959194,Betty,,Rideau-Vanier,45.43949,-75.66522,Private room,149,1,1,2024-09-28,0.05,5,327,0,STR-844-040
1224591710884990521,Modern Double Bedroom for Relaxation in Ottawa,8680095,1462566173157959194,Betty,,Rideau-Vanier,45.43992,-75.66471,Private room,137,1,1,2024-09-27,0.05,5,327,0,STR-844-040
1224886317509738062,Sunny & Stylish Upper-Level 2BR,42856432,1465636515033156941,Valerie,,Rideau-Vanier,45.43748748867577,-75.6561687501155,Entire home/apt,94,30,2,2026-03-31,0.34,1,358,2,
1225010373184877341,Modern 4Bdrm - Single Home in Ottawa with Parking,397373331,1469829066823163899,Amina,,Barrhaven,45.25282220183824,-75.7535732746278,Entire home/apt,270,30,28,2026-05-24,2.12,1,157,23,STR-842-581
1225389743890263549,The Dow’s retreat with 2 car driveway,530865270,1470384810893058758,France,,Capital,45.40076,-75.70221,Entire home/apt,198,30,7,2026-06-20,0.44,1,235,5,
1225466299778963004,Central Modern 3BR Canal | Dog-Friendly Home,177202134,1463067427634020083,Heather,,Capital,45.39128205729459,-75.69191639925313,Entire home/apt,201,30,6,2026-06-03,0.59,1,86,6,
1225511319213615428,Marché Suites The Atelier 1 Bed,22350228,1462620857691149749,Jenny,,Rideau-Vanier,45.42814,-75.69027,Entire home/apt,153,30,0,,,15,364,0,
1225611812828244890,Apartment with Big Lounge,256733285,1469356449676329829,Simran,,Rideau-Goulbourn,45.21172991957911,-75.68211553486734,Entire home/apt,106,1,107,2026-06-23,5.39,1,334,69,STR-844-984
1226166166724136833,4 BDRM with Waterfront & Hot Tub,596943886,1470628875166372496,Corry,,Rideau-Vanier,45.4184431,-75.6647523,Entire home/apt,586,2,18,2026-05-17,0.94,1,296,8,STR-844-580
1226206852557619798,The Crownhill Lagoon,94368498,1462857768929679844,Charles,,Beacon Hill-Cyrville,45.4380052,-75.605847,Entire home/apt,343,1,67,2026-06-09,3.50,1,141,36,STR-845-124
1226423125216651888,Marché Suites The Maya 1 Bed,22350228,1462620857691149749,Jenny,,Rideau-Vanier,45.42823,-75.6906,Entire home/apt,135,30,2,2024-12-18,0.09,15,365,0,
1226787336302936400,Marché Suites The Amour 1 Bed,22350228,1462620857691149749,Jenny,,Rideau-Vanier,45.42901,-75.69032,Entire home/apt,153,30,0,,,15,365,0,
1226809914873766275,"Game Room, Theatre, King Bed, Private Patio",43424548,1465644807636065133,Sean,,Kanata South,45.28077,-75.87258,Entire home/apt,324,30,50,2026-03-20,2.25,7,112,10,STR-843-362
1226858310156450050,Serene Central 2 bedroom,401767563,1469842879631132063,Roxanne,,Rideau-Vanier,45.44175,-75.65799,Entire home/apt,114,30,7,2025-12-21,0.34,5,313,3,
1226907065468442928,Marché Suites The Terra 2 Bed,22350228,1462620857691149749,Jenny,,Rideau-Vanier,45.42998,-75.69187,Entire home/apt,183,30,0,,,15,310,0,
1228439841211569783,Charming Getaway yet near Everything,7649249,1462737617545693172,Corey & Olga,,Kitchissippi,45.3925859,-75.7295924,Entire home/apt,142,7,16,2026-06-06,0.89,1,162,14,STR-848-212
1228527820288634046,4 Bedroom Luxury Barrhaven House,368688502,1469744516398086646,Daulton,,Barrhaven,45.26924,-75.78087,Entire home/apt,293,30,1,2025-01-05,0.06,1,365,0,Exempt
1228559623164775941,Marché Suite | The Aria Two Bed,25131124,1465335871075039456,Sovannara,,Rideau-Vanier,45.42842,-75.692,Private room,290,1,78,2026-06-20,3.53,5,345,46,STR-854-136
1228574589727647885,Marché Suites | The Maya One Bed,25131124,1465335871075039456,Sovannara,,Rideau-Vanier,45.429284,-75.6913086,Private room,239,1,71,2026-06-21,3.35,5,330,44,STR-854-136
1228580242608191122,Bright Private Spacious Unit with FREE Parking,597582005,1470630349076304635,Michael,,Innes,45.4448324356429,-75.52525846445742,Entire home/apt,151,2,55,2026-05-27,2.57,2,316,26,STR-844-631
1228592671269859811,Marché Suites | The Terra 2 Bed,25131124,1465335871075039456,Sovannara,,Rideau-Vanier,45.429284,-75.6913086,Private room,314,1,96,2026-06-06,4.35,5,339,59,STR-854-136
1228598662509969413,Marché Suites | Atelier One Bed,25131124,1465335871075039456,Sovannara,,Rideau-Vanier,45.429284,-75.6913086,Private room,246,1,53,2026-05-31,2.51,5,358,34,STR-854-136
1228605841009029571,Marché Suites | Amour One Bed,25131124,1465335871075039456,Sovannara,,Rideau-Vanier,45.429284,-75.6913086,Private room,228,1,63,2026-06-18,2.85,5,327,44,STR-854-136
1229719183864155110,*LUXE* 3BR Stay | Designer Touches + Private Patio,370610395,1469749579756481795,Mai,,Barrhaven,45.26113,-75.75269,Entire home/apt,499,1,35,2026-06-12,1.66,1,65,18,STR-844-086
1229795934094263514,Small Private Room Steps University Of Ottawa,510569116,1470295688584794699,Carlos,,Rideau-Vanier,45.42200660965303,-75.68054052125105,Private room,61,30,0,,,26,365,0,
1229930175768291084,Marché Suites | The Aria 2 Bed,22350228,1462620857691149749,Jenny,,Rideau-Vanier,45.4286,-75.69161,Entire home/apt,177,30,0,,,15,310,0,
1230070568612113001,New Cozy Luxury House Hostel in Ottawa,195039046,1463108536645491187,Hong Tao,,Gloucester-South Nepean,45.2641599,-75.68893,Entire home/apt,157,30,56,2026-04-25,2.53,3,267,39,STR-844-543
1230650740000598420,New Cozy Luxury house 3BDR +free parking in Ottawa,195039046,1463108536645491187,Hong Tao,,Gloucester-South Nepean,45.26314,-75.68797,Entire home/apt,154,31,4,2024-11-05,0.19,3,172,0,STR-844-543
1231891226570921601,"Clean, executive-style apartment",417799875,1469898712961803872,Louise,,Innes,45.465375481771524,-75.51958491111449,Entire home/apt,52,90,0,,,7,274,0,
1232102621307578067,Charming Room in Ideal Location,423768453,1469922427098921272,Seynabou,,Beacon Hill-Cyrville,45.45113,-75.59878,Private room,58,30,0,,,26,365,0,STR-834-549
1232112919562871717,Spacious Room Close to Amenities,423768453,1469922427098921272,Seynabou,,Beacon Hill-Cyrville,45.45038,-75.59862,Private room,60,30,0,,,26,365,0,STR-834-549
1232157854539534446,"2 Bedrooms, Private forest view",545299287,1463874016529919835,Manoocher,,Stittsville-Kanata West,45.2743443,-75.9409285,Entire home/apt,177,1,162,2026-06-14,7.47,1,107,94,STR-844-416
1232545400468154674,Temporary Housing Solution - Ottawa East & West,417799875,1469898712961803872,Louise,,Innes,45.46531528523041,-75.51979948783568,Entire home/apt,141,30,1,2025-10-01,0.11,7,266,1,
1232597116034839733,Corporate and Crew Housing - Ottawa East & West,417799875,1469898712961803872,Louise,,Stittsville-Kanata West,45.27781879305974,-75.91507083862304,Entire home/apt,137,30,2,2025-10-18,0.20,7,336,2,
1232682033897528574,Entire Home With Smart TV in all rooms,572101788,1470550703846114504,Akpevweoghene Glory,,Rideau-Goulbourn,45.24013,-75.74498,Entire home/apt,168,30,11,2025-08-05,0.52,2,122,3,STR-840-392
1232769044281827539,Luxe with Fire Pit: 2 Min to Canadian Tire Center,145406866,1468429280065903893,Mohsen,,Kanata North,45.30507,-75.93424,Entire home/apt,308,2,32,2026-01-25,1.51,1,58,7,STR-844-547
1232958298675873855,2Bed | Little Italy Living,475319012,1470143009456794684,Jasmine,,Somerset,45.39997,-75.70874,Entire home/apt,129,30,32,2026-04-21,1.46,10,335,4,
1233359310607669799,Luxury Home:Barrhaven12 min-Downtown 28 min-River,305048917,1463423451553795044,Mohammad,,Rideau-Goulbourn,45.21442,-75.67736,Entire home/apt,211,31,64,2026-05-03,3.14,8,228,20,STR-000-000
1234323783701439400,Urban Haven | Private 2-BR Ottawa Suite,599008421,1470633802634986008,Mihika,,Gloucester-South Nepean,45.26598,-75.69915,Entire home/apt,184,1,71,2026-06-09,7.08,1,314,71,STR-851-490
1234829735553257580,Lovely App Downtown Ottawa 24D,41604531,1462688121008526811,Sam,,Rideau-Vanier,45.42863,-75.68891,Entire home/apt,141,1,108,2026-06-08,4.90,20,303,62,STR-850-089
1234869971658897567,Lovely App Downtown Ottawa 210D,41604531,1462688121008526811,Sam,,Rideau-Vanier,45.42878,-75.6878,Entire home/apt,152,1,163,2026-06-21,7.50,20,267,92,STR-850-089
1234878985283633902,Entire App Downtown Ottawa 23D,41604531,1462688121008526811,Sam,,Rideau-Vanier,45.42725,-75.68854,Entire home/apt,141,1,112,2026-06-06,5.15,20,285,72,STR-850-089
1234952484415455372,Lovely App Downtown Ottawa 33D,41604531,1462688121008526811,Sam,,Rideau-Vanier,45.42906,-75.68442,Entire home/apt,133,1,96,2026-06-07,4.39,20,314,53,STR-850-098
1234974900237598453,Lovely Place Downtown Ottawa 32D,41604531,1462688121008526811,Sam,,Rideau-Vanier,45.43049,-75.68383,Entire home/apt,135,1,75,2026-06-21,3.58,20,319,44,STR-850-098
1235489867610902734,Lovely App Downtown Ottawa 25D,41604531,1462688121008526811,Sam,,Rideau-Vanier,45.4283,-75.68902,Entire home/apt,152,1,111,2026-06-17,5.12,20,292,67,STR-850-089
1235547741626906118,1-bed App Downtown Ottawa 27D,41604531,1462688121008526811,Sam,,Rideau-Vanier,45.4282,-75.68762,Entire home/apt,152,1,87,2026-05-26,4.18,20,281,44,STR-850-089
1235569507996420012,1 Room with Workspace+TV,577065056,1470576818771910132,Elvis,,Innes,45.43,-75.52168,Private room,,1,11,2025-10-27,0.50,4,0,1,STR-844-322
1235572093301755494,Lovely Place Downtown Ottawa 35D,41604531,1462688121008526811,Sam,,Rideau-Vanier,45.42993,-75.68264,Entire home/apt,166,1,133,2026-06-21,6.16,20,286,84,STR-850-098
1235778830134571494,Bright Spacious Personal Oasis,470480052,1470121786429067207,Marenglena,,Rideau-Goulbourn,45.19479219999999,-75.833918,Entire home/apt,249,1,18,2026-05-30,0.83,1,166,9,STR-855-859
1236219463246977790,Entire Exclusive Townhouse 2 bedroom 1.5 bathroom,166322864,1468612648503898534,Calvin,,Barrhaven,45.25201,-75.75771,Entire home/apt,388,1,5,2026-03-03,0.25,3,334,1,STR-844-541
1236503336418964304,Private Basement For 2-4 People,581748235,1470590475257961701,Bennett,,Gloucester-South Nepean,45.31307,-75.59936,Entire home/apt,117,1,53,2026-06-08,2.50,1,71,38,STR-844-538
1236845311662516889,2-Bed App Downtown Ottawa 36D,41604531,1462688121008526811,Sam,,Rideau-Vanier,45.4285,-75.68281,Entire home/apt,166,1,171,2026-06-16,7.86,20,264,96,STR-850-098
1236874641428149237,Lovely Apt Downtown Ottawa 28D,41604531,1462688121008526811,Sam,,Rideau-Vanier,45.42736,-75.68898,Entire home/apt,141,1,122,2026-06-15,5.57,20,281,67,STR-850-089
1237054941367771959,Cozy New Edinburgh Retreat,13447253,1462911398031345552,Pilar,,Rideau-Rockcliffe,45.44048,-75.67918,Entire home/apt,118,1,41,2025-10-20,1.89,1,120,18,STR-843-395
1237079099800515279,Peaceful Room,599670020,1470635235082790962,Ademola,,Innes,45.4314243,-75.5167988,Private room,60,1,62,2026-06-09,3.22,4,358,50,STR-845-328
1237107537760839908,Westboro Private Room + Ensuite,40032890,1465597323083062458,Shannon,,Kitchissippi,45.40207,-75.74454,Private room,147,5,14,2026-06-15,0.66,2,24,6,STR-844-411
1237114638646750802,Goodness Room,599670020,1470635235082790962,Ademola,,Innes,45.432429233207486,-75.51580382670444,Private room,60,1,30,2025-12-04,1.56,4,346,24,STR-845-328
1237666472756620681,Brand New Spacious 3BDR Suite,7261181,1462727476283426147,Stefania,,College,45.31657471250536,-75.82006624971984,Entire home/apt,127,30,3,2025-12-31,0.34,2,327,3,
1237673866475513214,2BR Downtown Escape: House w Hot Tub + Pool,19494928,1463079796977523925,Kathy,,Somerset,45.40597047668811,-75.7137705758214,Entire home/apt,445,1,11,2026-05-15,1.01,1,290,11,STR-844-905
1237999266958319558,Cozy Two Room Suite With Workspace,577065056,1470576818771910132,Elvis,,Innes,45.4297198,-75.5223068,Private room,206,1,14,2026-05-31,0.66,4,143,12,STR-844-322
1238348026485878481,1 Bedroom for rent,650179920,1470635975365353436,Saleh,,Alta Vista,45.38577,-75.67245,Private room,77,1,0,,,2,360,0,Exempt
1238358451288695909,Guest suite in Ottawa,577292832,1470577514832030860,Sobia,,Cumberland,45.50441,-75.4641,Private room,169,1,41,2026-06-21,1.88,3,132,22,STR-844-282
1238411108955104025,Room for rent,650202059,1470636024575016557,Comfort,,Gloucester-South Nepean,45.28235165473564,-75.72105780243874,Private room,,1,6,2025-08-31,0.28,1,0,3,STR-844-398
1239294569432828391,Downtown Ottawa ByWard Apartment,650445491,1470636571052842228,Lilly,,Rideau-Vanier,45.42965,-75.68821,Entire home/apt,98,28,5,2026-05-01,0.27,1,281,3,Exempt
1239735885397799727,Cozy apartment close to HW 417,88215766,1467059463521697841,Vlad,,River,45.38276154249408,-75.73604922306181,Entire home/apt,160,1,65,2026-06-17,3.42,1,273,37,Exempt
1239853842494179489,The Elegant Five-Bedroom Retreat,148457201,1462980394373512340,Allegria,,Alta Vista,45.38069540002944,-75.66856926105066,Entire home/apt,387,2,47,2026-06-12,2.56,3,266,36,STR-839-031
1241331213897797134,Comfortable Bedroom & Workspace,486390803,1470189398540337807,Ditah,,Orleans,45.48441,-75.50469,Private room,,1,5,2024-09-30,0.23,1,0,0,STR-844-322
1242805692856594425,Bedrooom w/ bath + living room,7779150,1462740977826834704,Faraz,,Cumberland,45.46660179680188,-75.48391004190547,Private room,115,1,118,2026-06-22,5.74,1,67,59,STR-841-050
1243096788070444397,Cozy room in secure building,423768453,1469922427098921272,Seynabou,,Beacon Hill-Cyrville,45.45046,-75.59693,Private room,77,30,0,,,26,365,0,STR-834-549
1243133559721292638,"Secure, Convenient Room for Rent",423768453,1469922427098921272,Seynabou,,Beacon Hill-Cyrville,45.44967,-75.5988,Private room,60,5,0,,,26,360,0,STR-834-549
1243830654186938635,Peaceful Queen Room • Desk • Near Downtown Ottawa,651530087,1470639000552064557,Eissa,,Alta Vista,45.4084912,-75.6471892,Private room,86,1,160,2026-05-26,7.49,5,351,94,STR-844-102
1243875696941391737,Relaxing Queen Room Work Space Minutes to-DTown,651530087,1470639000552064557,Eissa,,Alta Vista,45.4084912,-75.6471892,Private room,90,1,150,2026-06-09,7.02,5,353,80,STR-844-102
1243882151210486793,Spacious Queen Room • Projector • Near DT Ottawa,651530087,1470639000552064557,Eissa,,Alta Vista,45.4084912,-75.6471892,Private room,90,1,142,2026-06-08,6.57,5,350,77,STR-844-102
1244215634730156753,Contemporary Private Studio Space,651661557,1470639263396185376,Aldeep,,Kanata North,45.32653163402675,-75.92911829513194,Entire home/apt,73,30,3,2026-04-25,0.18,1,305,2,
1244389609988205531,apartment-Tina's Gem  walk to  Parliament Hill,140827590,1468392550116913096,Tina,,Somerset,45.41123,-75.6984,Entire home/apt,170,1,56,2026-06-13,2.71,2,185,37,STR-845-331
1244399823320509979,apartment-Tina's place walk to  Parliament Hill,140827590,1468392550116913096,Tina,,Somerset,45.41259,-75.70062,Entire home/apt,175,1,47,2026-06-18,2.22,2,208,32,STR-845-331
1244580462080720918,Boho Retreat close to Downtown,201479162,1463143716848869354,Sneha,,Kitchissippi,45.396294345599955,-75.75649381515306,Entire home/apt,308,1,31,2025-12-21,1.55,1,109,13,STR-845-660
1245720579076162650,Charming 3BRM Bungalow- Barrhaven/Kanata near 416,385504789,1463580237532630877,Jessica,,Rideau-Goulbourn,45.26583,-75.82247,Entire home/apt,148,30,4,2025-08-07,0.23,1,139,1,
1246027867092766951,Cozy Comfy Bachelor Pad,16029536,1462596311294253429,Korosh,,Capital,45.37719492842364,-75.67142888903618,Private room,60,30,1,2026-05-13,0.70,7,257,1,
1246298478201915397,Alterra - Sandy Hill,143745275,1468416311422245744,Christopher,,Rideau-Vanier,45.42637,-75.67973,Entire home/apt,,30,2,2026-04-30,0.10,3,0,1,
1246397425759133919,Private Room 3 mins walk Uottawa,510569116,1470295688584794699,Carlos,,Rideau-Vanier,45.42171,-75.67842,Private room,42,30,1,2025-08-10,0.09,26,365,1,STR-382-548
1246955465082412768,Westboro Private Getaway Room + Bath,40032890,1465597323083062458,Shannon,,Kitchissippi,45.40229,-75.74621,Private room,128,5,10,2025-11-15,0.50,2,58,5,STR-844-411
1247981794510683500,Downtown Ottawa Apartment,152755430,1468497997899475231,Lara,,Capital,45.41535136024339,-75.67162849595773,Entire home/apt,111,30,0,,,1,365,0,
1248110775049226880,Elegant Spacious Private Unit with free parking,597582005,1470630349076304635,Michael,,Innes,45.44424348370021,-75.52511745921139,Entire home/apt,133,3,45,2026-06-14,2.11,2,337,28,STR-844-631
1248609797256953843,Clean Bedroom beside College Square-YoyoCozyStay,374701669,1469762328724480474,Yoyo Cozy Stay,,College,45.34937,-75.74758,Private room,30,30,62,2025-12-20,2.96,4,236,21,STR-844-128
1248673740421264770,Dream room students/workers,423768453,1469922427098921272,Seynabou,,Beacon Hill-Cyrville,45.45096237458535,-75.59891261056448,Private room,71,30,2,2024-10-06,0.09,26,365,0,STR-834-549
1249299236389742228,Grand large King size bedroom&Private bathroom,374701669,1469762328724480474,Yoyo Cozy Stay,,College,45.34745,-75.747,Private room,51,30,54,2025-09-05,2.54,4,336,10,STR-844-128
1249306329312203297,Steps to University of Ottawa and Rideau Center,510569116,1470295688584794699,Carlos,,Rideau-Vanier,45.42392706536185,-75.67832146296959,Private room,87,30,0,,,26,365,0,STR-563-213
1249945248897262255,E-Single bedroom in cozy house-YoyoCozyStay,374701669,1469762328724480474,Yoyo Cozy Stay,,College,45.347663472047664,-75.74608660889854,Private room,33,30,48,2025-12-01,2.32,4,280,9,STR-844-128
1250187897116849361,Cozy 2 Bedroom in Centretown,85297148,1467028662565408108,Short And Suite BnB,,Somerset,45.413078698334445,-75.69824795976939,Entire home/apt,433,2,71,2026-06-22,4.10,28,314,56,STR-848-987
1250615430672328433,Charming 3bdrm Home in Centretown w Free Parking,380704959,1463568943170681508,Kareem Sami,,Kitchissippi,45.397373334699324,-75.71192160340335,Entire home/apt,374,1,110,2026-06-11,6.40,1,253,71,STR-845-972
1251709368044116558,Cozy retreat - Beechwood Village,14235766,1462933653036795718,Kevin,,Rideau-Vanier,45.443598750170814,-75.66740089957881,Entire home/apt,115,31,3,2025-07-31,0.15,1,236,1,
1253835565598681336,Room in Ottawa,577292832,1470577514832030860,Sobia,,Cumberland,45.50399,-75.46562,Private room,112,1,44,2026-06-19,2.09,3,88,20,STR-844-282
1254414461639328708,"Centretown: Clean, room w/private bath + balcony",58779242,1462740965973370852,Rym,,Somerset,45.409399996479365,-75.69717040054282,Private room,90,2,78,2026-06-09,3.79,5,195,47,STR-843-322
1254415901763416563,"Centretown: Clean, Private Room in Heritage Home",58779242,1462740965973370852,Rym,,Somerset,45.41114094032824,-75.69733228297554,Private room,129,1,59,2026-06-06,3.12,5,106,35,STR-843-322
1255181811095469160,The Como Hideaway | Orleans Townhouse,145997765,1468433971156237510,The Como Hideaway,,Orleans,45.4777537656107,-75.4733137100874,Entire home/apt,265,3,27,2026-05-17,1.48,1,16,20,STR-845-536
1255307426508993137,Cozy Room with Workspace and TV,577065056,1470576818771910132,Elvis,,Innes,45.4297198,-75.5223068,Private room,92,1,38,2026-06-10,1.84,4,147,22,STR-844-322
1257353385665054229,Apartment Ensuite near Airport & DT - Free Parking,654825422,1470646027730380589,Shruti,,Gloucester-South Nepean,45.3166046,-75.5946749,Private room,111,1,218,2026-06-21,11.49,1,139,127,STR-845-367
1258133758905575546,Bright comfy Room with desk,191000580,1463099280872421301,Margaret,,Barrhaven,45.261989295870166,-75.75623113933888,Private room,34,30,3,2026-05-01,0.54,3,232,3,
1258780293238193793,Ultimate Cozy Corner,122524816,1468241933841597958,Kayla,,Knoxdale-Merivale,45.3583,-75.72191,Entire home/apt,,30,7,2026-06-03,0.50,1,55,5,
1258939122295166665,"Executive Town Home, 3 Bedrooms, 1 King Size Bed",545302201,1470441367899599902,Ferdinand,,West Carleton-March,45.36501893806945,-75.93318729614903,Entire home/apt,325,1,51,2026-06-21,2.47,1,279,33,STR-844-371
1260172280514125461,Serene & Charming room (R1),655467686,1470647350489188444,Daniel,,Barrhaven,45.250031080491496,-75.76076903068848,Private room,51,30,24,2026-05-04,1.55,4,365,13,STR-840-460
1260193266688572906,Serene & Cozy room (R3),655467686,1470647350489188444,Daniel,,Barrhaven,45.2500764,-75.7606832,Private room,46,30,1,2025-01-05,0.06,4,365,0,STR-840-460
1260232100904329468,Serene & Spacious room (R5),655467686,1470647350489188444,Daniel,,Barrhaven,45.2500764,-75.7606832,Private room,54,30,2,2024-12-29,0.11,4,174,0,STR-840-460
1260383435071332701,FamilyHome in Barrhaven-Shops 8 min-Monthly Rental,239838631,1469275673683087579,Rally,,Barrhaven,45.24925083427109,-75.75235071535232,Entire home/apt,195,31,153,2026-05-14,7.39,1,317,88,STR-844-909
1261261077800590649,Fully Furnished Room long term,423768453,1469922427098921272,Seynabou,,Beacon Hill-Cyrville,45.451209742503025,-75.59776102197321,Private room,68,30,0,,,26,365,0,STR-834-549
1261801345027976643,Private 1 BR/1 BA (Shared) Kanata High-Tech Park,11584999,1462579153758493514,Patrick,,West Carleton-March,45.36476028097382,-75.9316203452524,Private room,,30,2,2025-06-15,0.14,2,0,0,
1262460564371662712,Private Bath-10min train Carleton Uni-30min bus DT,461383292,1470078213675433560,Terry,,Capital,45.3704567,-75.6668171,Private room,63,28,3,2025-05-21,0.15,1,50,0,STR-827-482
1262592376121504848,Traditional Farmhouse Experience,393724734,1469817779817134135,⁨Jan Property Management & Rentals Inc.⁩,,Rideau-Goulbourn,45.12038106377228,-75.95543313702714,Entire home/apt,954,2,21,2026-05-31,1.59,1,293,18,STR-847-079
1262616078478966863,Room in Ottawa,530360761,1470382785161999297,Avan,,Barrhaven,45.2672,-75.77022,Private room,,1,44,2025-06-15,2.10,3,0,0,STR-843-452
1262618618079199825,Private Above-Ground Guest Suite,154760840,1468514043854304010,Adib,,Barrhaven,45.28856404573631,-75.74252645903559,Entire home/apt,159,1,68,2026-05-31,3.89,1,230,33,STR-847-006
1262627266575091435,Room in Ottawa,530360761,1470382785161999297,Avan,,Barrhaven,45.26691,-75.77128,Private room,,1,64,2025-06-13,3.05,3,0,0,STR-843-452
1262675042804256533,Room in Ottawa with private bathroom washer&dryer,530360761,1470382785161999297,Avan,,Barrhaven,45.2672081,-75.7708298,Private room,,1,56,2025-06-22,2.74,3,0,0,STR-843-452
1262953399838621807,Modern 8Bed 4 Bedroom•Orléans | Near DT & Shops,475194901,1470142424973385653,Mike,,Innes,45.44212750106595,-75.52356587230157,Entire home/apt,323,24,62,2026-06-01,3.13,2,181,36,STR-000-000
1263047041680879350,Luxury Quiet Area 5 bedroom Home with Office & Gym,563472557,1470513356834895430,Iryna,,Kanata South,45.29799620438289,-75.85495442183938,Entire home/apt,256,30,1,2025-07-29,0.09,1,327,1,STR-202-646
1263151600906099914,Modern home Steps from Canal with parking,72590027,1466896237197137844,Kelly,,Capital,45.391914346458506,-75.68657911495536,Entire home/apt,,2,22,2026-02-02,1.17,1,0,4,STR-845-434
1264553763391360848,Mini space plus daily contents,544076808,1470436710749649053,Toyin,,Stittsville-Kanata West,45.284995102042174,-75.92516687925675,Entire home/apt,44,30,2,2026-05-22,0.77,1,213,2,
1267401635634410990,Executive King Suite | Private Bath & Parking,198269112,1469033057319485131,Kaustubh,,Rideau-Goulbourn,45.2524764,-75.89270599999999,Private room,117,1,61,2026-06-21,4.18,1,222,44,STR-848-648
1267568197204378678,New Luxury Condo Hostel in Ottawa Downtown,195039046,1463108536645491187,Hong Tao,,Rideau-Rockcliffe,45.4525429,-75.6339651,Entire home/apt,106,30,4,2025-11-18,0.27,3,283,2,
1268134491686314258,Queens Room 1,590142577,1463893081810945198,Tracey Angela,,Knoxdale-Merivale,45.357563841327234,-75.72417133809324,Private room,92,1,54,2026-06-23,2.65,3,318,34,STR-825-651
1268139538857691099,Queens Room 2,590142577,1463893081810945198,Tracey Angela,,Knoxdale-Merivale,45.35751,-75.72217,Private room,92,1,46,2026-06-07,2.27,3,310,30,STR-825-651
1268144664275804531,Queens Room 3,590142577,1463893081810945198,Tracey Angela,,Knoxdale-Merivale,45.357415203171854,-75.72360867008751,Private room,92,1,35,2026-05-26,1.76,3,220,20,STR-825-651
1268783342303418723,"Modern 1BR w/Balcony, Rooftop Gym near ByWard",38459934,1462678491048609248,Corporate Stays,,Rideau-Vanier,45.41935491099459,-75.66794029879672,Entire home/apt,,30,0,,,11,0,0,
1269074978869437417,Appartement de luxe,656739928,1470650136440304601,Walid,,Alta Vista,45.39387857654728,-75.6242620780823,Entire home/apt,248,30,0,,,1,365,0,STR-829-394
1269452517533730680,Private Suite Separate Entrance & Ensuite Bathroom,158194509,1468541343152978105,Jason,,Cumberland,45.421692658832605,-75.4237603886377,Private room,80,1,38,2026-06-08,11.52,1,309,38,STR-855-797
1269897826900907945,ByWard Market! - Downtown Ottawa,112034818,1467353263917302840,Gino,,Rideau-Vanier,45.4297404,-75.6886312,Entire home/apt,82,30,0,,,2,175,0,
1270189050996571239,Luxury stay,657761270,1470652367576234387,Festus,,Rideau-Rockcliffe,45.44687,-75.63006,Entire home/apt,154,30,3,2025-12-26,0.19,1,235,2,
1270242013842635245,Lovely Modern 4 bedroom Townhome,488014039,1463820457418145029,Sola,,Rideau-Goulbourn,45.2320932,-75.7363242,Entire home/apt,454,2,49,2026-05-31,2.74,1,249,35,STR-846-367
1273824685618459786,Cozy renovated apartment in Centretown,84353946,1467019145220996121,Natasha,,Somerset,45.40664,-75.70198,Entire home/apt,104,30,0,,,2,47,0,
1273905913815836535,"Full Private Basement – Warm, Peaceful & Welcoming",534404611,1470398383906504999,Farbod,,College,45.34541069439095,-75.74477880932645,Entire home/apt,176,1,84,2026-06-19,6.41,1,329,78,STR-847-809
1274158587166664273,Serene & Homey room (R2),655467686,1470647350489188444,Daniel,,Barrhaven,45.2500764,-75.7606832,Private room,37,30,17,2026-04-06,0.91,4,365,13,STR-840-460
1276058648109551839,Cozy N' Nice Getaway,347523928,1469689024273036779,Amarachi,,Rideau-Goulbourn,45.239913911821525,-75.7416541266922,Private room,,30,8,2025-07-02,0.40,3,1,1,STR-845-156
1276058753352523896,The Blissville,347523928,1469689024273036779,Amarachi,,Rideau-Goulbourn,45.24211066254947,-75.7436320157568,Private room,95,30,9,2025-06-25,0.50,3,104,1,STR-845-156
1276153986896250392,Pretty bedroom near airport and bank street,659092430,1468468768282028723,Ryan,,River,45.360922499574876,-75.68165383060422,Private room,35,30,35,2025-07-30,1.85,2,293,7,STR-845-302
1276369962902135276,Cozy room with Separate entrance,23679383,1465276961008162848,Salman,,Knoxdale-Merivale,45.351443396206214,-75.71984286258846,Private room,92,1,18,2026-05-29,0.94,7,350,15,STR-828-518
1276415911079705937,Single House,211031826,1469101282614126002,Akram,,Barrhaven,45.27268260646814,-75.78185688717997,Entire home/apt,519,1,0,,,2,11,0,STR-113-933
1278488339886393563,Riverfront Retreat in Manotick.,241975138,1469285254501526329,Ajaywant,,Rideau-Goulbourn,45.22662624624674,-75.68850906026552,Entire home/apt,229,30,0,,,1,363,0,
1278550191608759790,Room in Ottawa Nearby Airport,599645519,1470635180701130354,Budhi,,Gloucester-South Nepean,45.31127175199765,-75.59121305523786,Private room,97,1,130,2026-06-21,6.51,1,83,82,STR-844-972
1278887939937565743,Private Suite for couple/family of 4 persons stay,659611224,1470656405372743984,Ismat,,Stittsville-Kanata West,45.264333,-75.89413929999999,Private room,120,1,102,2026-06-21,5.43,1,140,67,STR-845-160
1278959530378981941,Totally Private 1-bedroom Apt Downtown Ottawa 284D,41604531,1462688121008526811,Sam,,Rideau-Vanier,45.42788,-75.6882,Entire home/apt,141,1,20,2026-06-14,4.38,20,296,20,STR-850-089
1279289207470013475,Modern 3BR 1BATH Apartment in Sandyhill W. Parking,373561137,1469759002071335586,Jaybird,,Rideau-Vanier,45.42736,-75.68068,Entire home/apt,280,1,12,2025-09-09,0.65,4,39,5,STR-831-906
1280414848367871932,"""Cabin in the Glebe"" 5-star 2-Bdrm + BBQ + Parking",58779242,1462740965973370852,Rym,,Capital,45.40243290000001,-75.7000533,Entire home/apt,333,1,81,2026-05-22,4.19,5,86,49,STR-846-073
1280554127869810794,"""Modern Glebe"" 5-star 2-bdrm w/Parking, Porch, BBQ",58779242,1462740965973370852,Rym,,Capital,45.40243290000001,-75.7000533,Entire home/apt,330,1,78,2026-06-09,4.05,5,94,46,STR-846-073
1280583411562298411,Modern 2-Story Glebe Retreat w/ Deck,58779242,1462740965973370852,Rym,,Capital,45.40243290000001,-75.7000533,Entire home/apt,460,1,87,2026-06-06,4.47,5,89,56,STR-846-073
1280696836227905309,Master bedroom,349796506,1469696243958296485,Robson,,Barrhaven,45.28965,-75.73381,Private room,49,31,2,2026-05-19,0.11,3,365,1,
1282863041249598459,Budget Studio in Glebe,660591103,1470658528523907123,Atef,,Capital,45.40342425822241,-75.70030698482613,Entire home/apt,,30,0,,,1,0,0,
1283412953425754042,Corporate and Family Temporary Housing,417799875,1469898712961803872,Louise,,Innes,45.465531656265654,-75.51826283306285,Entire home/apt,129,30,0,,,7,266,0,
1283443476226970527,Turn-Key & All-Inclusive 35B,417799875,1469898712961803872,Louise,,Stittsville-Kanata West,45.27808436223369,-75.91447108226289,Entire home/apt,52,90,0,,,7,273,0,
1284148579819732786,Lynn's Cozy Nest,458829690,1470065924862512058,Lynn & Ini,,Gloucester-South Nepean,45.32859710135752,-75.59088106139042,Entire home/apt,260,1,153,2026-06-22,8.61,1,153,103,STR-847-134
1284174969658691848,Rural Upper Apartment,300594910,1469542707850284574,Amy,,West Carleton-March,45.3897910147003,-75.97655221894566,Entire home/apt,124,30,2,2025-11-07,0.19,2,243,2,
1284891594628264614,Cozy 1BR w/ Queen Bed & Park View,220203155,1469162222309207100,Haseeb,,Cumberland,45.440368556212114,-75.49280735421513,Private room,63,1,61,2026-06-14,3.68,1,69,48,STR-845-329
1285538958917107107,Single bedroom near airport and bank street,659092430,1468468768282028723,Ryan,,River,45.36088724670992,-75.68046683611819,Private room,34,30,45,2026-05-25,2.33,2,271,12,STR-845-302
1285640694429435879,Cozy private suite + parking,230853746,1469230967341972683,Saif,,Orleans,45.47801016600164,-75.48337452113628,Entire home/apt,149,1,84,2026-06-07,5.43,1,314,66,STR-847-940
1286150615766114487,Unique pet-friendly home with office and backyard,114722218,1468181048930532111,Stacie,,Rideau-Rockcliffe,45.44461125553014,-75.6260883884807,Entire home/apt,165,2,62,2026-06-13,3.18,3,77,39,STR-846-032
1287341827736794894,Cozy room with Private entrance,23679383,1465276961008162848,Salman,,Knoxdale-Merivale,45.35019624970033,-75.71934730099363,Private room,80,2,34,2026-05-24,1.90,7,340,25,STR-828-518
1287663979777102276,Lovely Basement apartment.,203366404,1469061189929162100,Olivia,,Kanata South,45.27425304092055,-75.85009123970026,Entire home/apt,77,30,4,2026-05-31,0.29,2,240,3,
1287816000409532907,Brand New Byward Market Townhome,85297148,1467028662565408108,Short And Suite BnB,,Rideau-Vanier,45.430897914243076,-75.69637309231494,Entire home/apt,175,30,2,2026-01-06,0.12,28,289,1,Exempt
1287861821572434943,3BR in Ottawa | Unique | Free parking,651151366,1470638121836218626,Dwello Homes,,Rideau-Vanier,45.43952396720649,-75.66468083979102,Entire home/apt,,1,20,2025-11-09,1.49,1,0,18,STR-832-198
1287959503019525479,Upscale 2 Bedroom near DT,271381686,1469432920908633663,Yumna,,Rideau-Rockcliffe,45.429532137112524,-75.6494791278448,Entire home/apt,158,30,28,2025-12-06,1.45,1,143,12,STR-000-000
1287968737721729800,Ottawa River Waterfront.,661725160,1470661157475326431,Sabrena,,West Carleton-March,45.48626,-76.03437,Entire home/apt,854,2,36,2026-06-15,2.33,1,219,27,STR-848-378
1288121248643240356,A cozy home one bedroom apartment in Ottawa,661253520,1470660119120739185,Jay,,Rideau-Vanier,45.434815602599016,-75.65908768612911,Entire home/apt,137,1,102,2026-06-06,5.23,2,95,58,STR-845-259
1288380981915072618,Rural Lower Level Apartment,300594910,1469542707850284574,Amy,,West Carleton-March,45.389200967725195,-75.97829527567956,Entire home/apt,94,30,1,2025-11-10,0.13,2,365,1,
1289094353300030049,Mid-Century Studio,22350228,1462620857691149749,Jenny,,Rideau-Vanier,45.430327058328224,-75.69320415136349,Entire home/apt,118,30,0,,,15,364,0,
1290193886175014971,Modern unit steps from Dows Lake | Free Parking,102155165,1467225990164937290,Emma,,Capital,45.3998237,-75.7009018,Entire home/apt,243,2,105,2026-06-21,5.66,1,260,62,STR-843-431
1291418124777397213,Private Entrance Basement Apartment- Free Parking,69901573,1466865164567001866,Stephane,,Gloucester-Southgate,45.312679556734814,-75.69512250738101,Entire home/apt,77,30,1,2025-12-02,0.15,1,301,1,
1291930124283373232,Park view room near airport 15min to downtown,193965676,1463106193220047910,Tuan,,River,45.347497597660315,-75.66398798748747,Private room,,30,1,2025-01-02,0.05,4,0,0,
1292198948446612604,3 BR Bungalow Central West,662676897,1470663255990978059,Nima,,Bay,45.37956459999999,-75.7709342,Entire home/apt,,30,0,,,1,0,0,
1293127520472323039,Secluded Riverside Getaway on 10 Private Acres,262332052,1469387082547126647,Narjis,,Osgoode,45.21146701698174,-75.6552330733491,Entire home/apt,154,2,2,2026-05-27,1.54,1,360,2,STR-848-263
1294158872494369809,Brand New Home in Ottawa with a private bath,486026361,1470187880164620159,Victor,,Innes,45.4445683810362,-75.5187436623834,Private room,67,30,2,2026-03-05,0.11,18,365,1,STR-826-679
1294363044264061263,2 Bedroom w Parking Downtown,33539405,1462662250965763235,Kit,,Somerset,45.40716700293085,-75.70236059213968,Entire home/apt,93,30,0,,,1,267,0,
1294892270555720263,Beautiful 1 bedroom space,166322864,1468612648503898534,Calvin,,Barrhaven,45.25132989999999,-75.7572151,Private room,286,1,2,2026-05-24,0.11,3,365,1,STR-844-541
1295055883013852272,*Viewmount Drive* A modern & centrally-located gem,656309511,1470649197418557898,Toby,,Knoxdale-Merivale,45.34950601907503,-75.71256838150887,Entire home/apt,440,1,13,2026-05-25,0.70,3,235,7,STR-845-414
1295726784208897593,New Private Unit with Garage in Prime Location,663484407,1470665185341359763,Houssein,,Gloucester-South Nepean,45.325469779547305,-75.59091934366766,Entire home/apt,91,30,5,2026-06-03,0.29,1,256,1,
1295775136901255361,Comfy Large Bed + Workstation *Viewmount Drive*,656309511,1470649197418557898,Toby,,Knoxdale-Merivale,45.34960250438671,-75.71368586830472,Private room,280,2,1,2024-11-24,0.05,3,271,0,STR-845-414
1296319463069813478,Travelers Haven,403337972,1469848349660610729,Tia And Ed,,Kanata South,45.29402,-75.87477,Private room,53,30,0,,,1,364,0,
1296474026768899076,Walk to Parliament from this high-end condo w/gym,66190971,1462771162645398738,Luis,,Somerset,45.4220801,-75.69772979999999,Entire home/apt,115,30,3,2026-06-17,0.18,26,109,1,
1297030204288919337,Comfy Double bed + Workstation on Viewmount Drive,656309511,1470649197418557898,Toby,,Knoxdale-Merivale,45.34921324350448,-75.71404094974112,Private room,349,1,3,2025-09-15,0.18,3,265,1,STR-845-414
1298110862009507641,Hidden Gem: Peace & Comfort,397565786,1469829662411374367,Funmi,,Stittsville-Kanata West,45.285615980075896,-75.9343382369792,Private room,122,3,4,2025-09-15,0.21,6,351,1,STR-855-206
1298120168653799982,Room in Orleans,577292832,1470577514832030860,Sobia,,Cumberland,45.50285191045346,-75.4648935415918,Private room,78,1,42,2026-06-23,2.38,3,178,25,STR-844-282
1298148456257401594,Comfort Meets Value: Weekly Stay,397565786,1469829662411374367,Funmi,,Stittsville-Kanata West,45.28391079825209,-75.93288646707578,Private room,70,7,3,2026-05-31,0.27,6,358,3,STR-855-206
1299684211623300579,Alterra - York Gateaway,143745275,1468416311422245744,Christopher,,Rideau-Vanier,45.4312878,-75.6860346,Entire home/apt,,30,0,,,3,0,0,
1301098376769840045,Studio apartment in Ottawa,661253520,1470660119120739185,Jay,,Rideau-Vanier,45.43554562383369,-75.65917235807812,Entire home/apt,126,1,99,2026-05-26,5.42,2,228,68,STR-845-259
1301420203439334957,Quiet private space in Orleans,9285338,1462810258460421505,Veronique,,Orleans,45.471293018999845,-75.45247627219659,Private room,85,1,45,2026-06-20,3.13,1,198,35,STR-848-209
1302306571439953525,Warm and Inviting Room to Stay,423768453,1469922427098921272,Seynabou,,Beacon Hill-Cyrville,45.45161068854059,-75.59722579702861,Private room,60,30,0,,,26,365,0,STR-834-549
1302333036983556950,Paris Home Away From Home Studio,84333272,1462835471164875043,Lillian,,Rideau-Vanier,45.42894947197243,-75.6824785303091,Entire home/apt,,30,0,,,1,180,0,
1303261543789315850,End-unit Town in Stonebridge,568282266,1470528083096627727,Maggie,,Barrhaven,45.25506361571189,-75.73163697433695,Entire home/apt,159,30,5,2026-02-28,0.35,5,265,3,
1304729076342429139,2bed2bath in Kanata Stittsville,568282266,1470528083096627727,Maggie,,Kanata South,45.27225,-75.86054,Entire home/apt,157,30,5,2026-04-03,0.30,5,365,4,
1305368530885707111,Private spacious beautiful room,134352405,1468340499958627446,Thao,,Barrhaven,45.28926793680378,-75.73961474653633,Private room,,31,1,2025-08-17,0.09,2,0,1,
1305436223568613264,"10 min from airport,",425963133,1463671348022044041,Manuchehar,,Gloucester-South Nepean,45.3104038,-75.6155059,Private room,65,30,0,,,1,365,0,
1305974945846939238,Room for rent - Ottawa,32125722,1465471923807589518,Xiaolan,,College,45.3540007450424,-75.74838604511325,Private room,58,30,0,,,3,363,0,
1305983980985051845,Room - Ottawa - Algonquin,32125722,1465471923807589518,Xiaolan,,College,45.35502041426868,-75.75036595131313,Private room,83,30,0,,,3,363,0,
1306395285502266054,2 Rooms-Kitchen and living room,32125722,1465471923807589518,Xiaolan,,College,45.353804186306974,-75.75008525950118,Private room,111,30,0,,,3,363,0,
1307546791617978375,Central funky century suite,463823712,1470090080542372588,Phedra,,Somerset,45.4158773,-75.685307,Entire home/apt,,30,2,2026-04-10,0.13,2,0,1,
1308098172182175398,Bungalow with private backyard near airport,39871983,1465595165737712933,Mihai,,Gloucester-Southgate,45.35567491587126,-75.64218197149948,Entire home/apt,320,3,31,2026-06-29,1.71,1,106,17,STR-845-273
1308749751685510306,"Luxurious 2BR Apt with Gym, Near Remic Rapids Park",38459934,1462678491048609248,Corporate Stays,,Kitchissippi,45.40047166061895,-75.72642535260658,Entire home/apt,185,30,2,2026-01-02,0.32,11,150,2,
1308932552615874350,Furnished rooms close to dt,444225030,1470002915817368618,Vijitharan,,Rideau-Rockcliffe,45.42668,-75.65523,Private room,62,30,0,,,1,365,0,Exempt
1309028468602654617,Apartment in Ottawa,550149095,1470460327939073846,Alechia,,Gloucester-South Nepean,45.25692913206217,-75.6877760225428,Entire home/apt,229,1,38,2026-06-19,2.21,1,352,27,STR-845-418
1309538777784781733,Beautiful Modern End Unit Townhome,410165131,1469872199451630887,Salma,,Kanata North,45.32347233789454,-75.94918731971985,Entire home/apt,411,2,38,2026-05-28,2.12,1,127,31,STR-845-713
1309553937311546761,Apartment unit in the country,480427585,1470163883552244606,Asim,,Rideau-Goulbourn,45.20158835872172,-75.74035709511718,Entire home/apt,166,1,48,2026-03-02,3.57,1,24,47,STR-849-535
1310263374713527451,Private Cozy Suite w/ Sauna & Espresso,107057450,1462888189736038384,Miles,,College,45.35881249338728,-75.74489895254374,Entire home/apt,253,1,63,2026-06-15,4.38,3,350,51,STR-848-382
1310894873560750165,Cozy Room Tokyo - Shared Bath,533170415,1470393762045389362,Will,,Rideau-Goulbourn,45.23195027662099,-75.7361869596093,Private room,77,1,62,2026-06-21,3.39,2,343,54,STR-851-239
1311048852909176749,Single Room - Ottawa Centre Area,494625433,1470226554804104341,Zhi Qing Xie,,Rideau-Rockcliffe,45.4356197,-75.6478089,Private room,44,30,5,2026-02-27,0.35,2,257,4,
1311851688385409944,Newly Renovated Modern Studio,68953018,1466852515472917700,Prea,,College,45.33509576620546,-75.79528698585393,Entire home/apt,,30,1,2025-03-01,0.06,2,0,0,
1312381824093000370,Stittsville's Walkout BSM Suite,301513518,1469546302916703723,Trudy,,Rideau-Goulbourn,45.27552,-75.9421,Entire home/apt,104,1,112,2026-05-31,6.22,1,47,66,STR-845-325
1312801923438276328,Luxury Single Home Near Airport & Downtown,590148832,1470612434635702153,Rizy Fareed,,Gloucester-South Nepean,45.27341324024353,-75.68128026118747,Entire home/apt,416,1,83,2026-06-21,4.54,1,231,47,STR-845-140
1313405970142685810,Private room (#1) in the heart of Ottawa THE GLEBE,146037758,1468434288126896373,Maysa,,Capital,45.40593749589892,-75.6834815166587,Private room,88,3,10,2026-06-13,0.72,3,134,8,STR-848-023
1313855462204221695,Hintonburg Hidden Gem!,4713745,1462663943711763863,Michael,,Kitchissippi,45.405350448056566,-75.72737566696166,Entire home/apt,146,30,3,2026-01-03,0.20,2,122,2,
1314048754046430990,Charming Room (#2) by the CANAL in the GLEBE,146037758,1468434288126896373,Maysa,,Capital,45.40643178691179,-75.68283504862958,Private room,75,5,27,2026-06-04,1.92,3,47,25,STR-848-023
1314755119098422202,Central Canal 2 Bdr parking,146518899,1462975931355166592,Tatiana,,Capital,45.411220808126316,-75.67821042805507,Entire home/apt,115,30,1,2025-05-09,0.07,5,181,0,
1315515495544861533,KS03 Home-King size Bed -15min to downtown Ottawa,660028602,1470657334228867071,Santa,,Orleans,45.47147,-75.52855,Entire home/apt,226,1,88,2026-06-15,4.86,1,137,47,STR-846-331
1316269200692139633,Joyous Room,599670020,1470635235082790962,Ademola,,Innes,45.430330479228104,-75.51658310022131,Private room,58,1,62,2026-06-21,3.44,4,360,55,STR-845-328
1316902792181827902,"Cozy Room(#3) in the GLEBE, in the heart of Ottawa",146037758,1468434288126896373,Maysa,,Capital,45.40606,-75.68366,Private room,121,2,46,2026-06-16,3.29,3,141,40,STR-848-023
1317524022746386367,3BR Cozy Home Near General hospital/CHEO,668120542,1470676237503384237,Daniel,,Alta Vista,45.40309683907939,-75.63490740466855,Entire home/apt,,2,19,2026-04-05,1.27,1,0,16,STR-848-083
1317712262272248849,Single bedroom with private bath,272615361,1469438898909627586,Hitee,,Gloucester-South Nepean,45.3228636,-75.59615649999999,Private room,80,1,124,2026-05-21,7.14,1,33,94,STR-845-769
1318829450823034264,Beautiful room besides college,374701669,1469762328724480474,Yoyo Cozy Stay,,College,45.344656967399004,-75.77237914872532,Private room,30,30,0,,,4,182,0,
1320593624521817419,luxury 2 bedrooms suite close to Rideau canal,43369627,1465643972858007095,David,,River,45.36118,-75.69753,Entire home/apt,120,30,0,,,1,351,0,
1321882533841609707,Cozy 2-Bedroom Home in Ottawa.,534490196,1463869744748718868,Bareq,,Gloucester-Southgate,45.34889,-75.64066,Private room,98,31,0,,,1,365,0,
1324183945218255516,The New Eddy - 2 BR apartment,1915465,1462521149080825068,Sunny,,Rideau-Rockcliffe,45.44,-75.67931,Entire home/apt,145,30,0,,,1,365,0,
1324683152239530354,"Quiet Area, Beautiful Room View",130508357,1468307572149228063,Nitin,,Rideau-Goulbourn,45.23553,-75.73016,Private room,,30,0,,,1,363,0,
1325439515122760173,Mildness Room,599670020,1470635235082790962,Ademola,,Innes,45.43235,-75.51636,Private room,80,1,14,2026-06-12,0.83,4,356,13,STR-845-328
1326478422150503425,Brandnew Townhome,85297148,1467028662565408108,Short And Suite BnB,,Rideau-Vanier,45.43001,-75.69638,Entire home/apt,194,30,3,2026-01-17,0.28,28,255,3,
1329182745123408102,2bd Apartment w/ parking&laundry,671499878,1470682898439964493,Herbert,,Rideau-Rockcliffe,45.42841739513806,-75.65215810325448,Entire home/apt,221,30,71,2025-08-29,4.71,1,171,30,STR-848-646
1329234066129182236,Santa Maria Suites | Pure Comfort,667877060,1470675707995293436,Joe,,Beacon Hill-Cyrville,45.41748980000001,-75.62699429999999,Entire home/apt,305,2,34,2026-06-17,2.07,1,263,23,STR-843-492
1330577081804456502,Centretown Penthouse | Private Rooftop | Home Gym,21058975,1463145664464670177,Tracey & Aahil,,Somerset,45.41739,-75.70492,Entire home/apt,290,2,55,2026-05-28,3.42,2,90,40,STR-854-243
1332017638033759752,Ottawa/Nepean Private Room 1 (book at least 30 n),341651022,1469670667626098646,Khanh,,Knoxdale-Merivale,45.3258,-75.76196,Private room,42,30,1,2026-06-05,1,1,365,1,
1333022870189281382,Central Ottawa One Bedroom with Private Balcony,80676282,1462827295362437474,Angela,,Somerset,45.4109705,-75.6999993,Entire home/apt,75,30,5,2025-10-11,0.34,4,319,3,
1334328991569284008,Downtown Basement Studio + Parking,673037777,1470686003461390497,Hang,,Somerset,45.4064322926955,-75.70020742559447,Entire home/apt,145,1,89,2026-06-26,5.11,1,136,70,STR-849-141
1336213574711880368,Luxe Apt | KING SIZE BED | near CHEO & TrainYards,449301025,1470023454174156072,Eduji,,Alta Vista,45.4034393,-75.6434675,Entire home/apt,274,2,48,2026-06-07,3.03,2,88,36,STR-848-031
1339172617177738870,"2 beds+ rooftop, 1 parking and 1 bath + laundry",674358249,1470688710739955803,Omar,,Rideau-Vanier,45.44065633184901,-75.65726697924133,Entire home/apt,112,30,2,2026-04-29,0.20,3,242,2,
1339278464708031202,3bd 2.5bt Single family home,674417760,1470688835902299214,STR Hosting,,Gloucester-Southgate,45.370293607814446,-75.60739651777794,Entire home/apt,375,2,24,2026-06-19,1.62,1,212,16,STR-845-056
1339897309259488189,Shared Home - Room in Prime Area,674578738,1470689168559597708,Mehnaz,,Gloucester-Southgate,45.3714305,-75.6215063,Private room,33,30,0,,,2,267,0,
1339940531088225019,Orleans cozy corner,223055461,1469181972143614702,Chantal,,Orleans,45.477300225727426,-75.50722905769622,Entire home/apt,209,2,71,2026-06-23,4.36,1,256,53,STR-847-150
1340849774120867951,Cozy Modern Studio: Little Italy,85297148,1467028662565408108,Short And Suite BnB,,Somerset,45.39879442559603,-75.70847335262637,Entire home/apt,78,30,22,2025-12-13,1.40,28,310,11,STR-823-604
1340921586340220252,Spacious Room in Ottawa Centre,159399411,1468551584925379259,Mehnaz,,Gloucester-Southgate,45.37202702927285,-75.62081923626963,Entire home/apt,37,30,0,,,2,90,0,
1342148099520863026,Luxury 1 bed 1 bath apartment.,674358249,1470688710739955803,Omar,,Rideau-Vanier,45.432536902137386,-75.6761555298537,Entire home/apt,110,30,1,2025-09-01,0.10,3,284,1,
1342151241665901076,Private room steps Uottawa Walk Downtown,510569116,1470295688584794699,Carlos,,Rideau-Vanier,45.4228476,-75.67991529999999,Private room,176,30,2,2025-05-25,0.15,26,365,0,STR-316-536
1343106945421697623,Small Room Steps UOttawa 7 Mins Walk Rideau Center,146743514,1462976440086375646,Frits,,Rideau-Vanier,45.42230434595565,-75.68054986617716,Private room,58,30,1,2025-08-25,0.10,28,365,1,STR-425-631
1344172116410304410,Cozy Private Bedroom En-suite,461969923,1470081184605548911,Nimish,,River,45.37154,-75.6581094,Private room,108,30,0,,,2,365,0,
1344417872570054368,Coral Sunset,479973679,1463800924842197089,Shanda,,Barrhaven,45.28605680440698,-75.75024636429316,Entire home/apt,129,30,4,2026-06-01,0.27,1,257,2,
1344525296598202068,Suite Caroline,25596666,1465345551132790924,Donna,,Kitchissippi,45.40240610157725,-75.7351513757942,Entire home/apt,234,2,8,2026-04-18,0.93,1,233,8,STR-852-802
1345906492409902492,"New, Stylish One Bedroom Retreat",470047074,1470119870175740984,Andrea,,Alta Vista,45.39366656878215,-75.63779206466737,Entire home/apt,161,2,22,2026-06-22,2.46,1,183,22,STR-848-907
1347232495963807853,Feel At Home,102303534,1467227693738511739,Idowu,,Alta Vista,45.390537778552,-75.6219981610279,Entire home/apt,140,30,0,,,1,335,0,
1347312971714759429,Calm Oasis: 2 Beds Ensuite Master Bedroom +TV,397565786,1469829662411374367,Funmi,,Stittsville-Kanata West,45.28433277928848,-75.93417054539445,Private room,126,2,12,2026-05-27,0.73,6,170,8,STR-855-206
1347427895313603058,Family house perfect for newcomers,121481713,1462920773803137632,Amina,,Beacon Hill-Cyrville,45.44867293051354,-75.60359012335539,Entire home/apt,145,30,0,,,1,314,0,
1348859553686408686,3 bedroom Home in Ottawa,676867227,1470693842393496054,Cheran,,Gloucester-South Nepean,45.27134462431503,-75.73561340740966,Entire home/apt,535,1,67,2026-05-31,4.17,1,100,43,STR-848-003
1349382870947485291,Spacious detached house,323011174,1469612749585957452,Claire,,Cumberland,45.35273035475627,-75.35458007395422,Entire home/apt,103,30,3,2026-05-28,0.23,1,341,2,
1349395307778504254,Private Centretown 1BD Suite | 5MINS to Parliament,475319012,1470143009456794684,Jasmine,,Somerset,45.418819839221385,-75.6846857679768,Entire home/apt,176,30,11,2025-11-30,0.75,10,234,5,
1349476285216060339,Entire 4br Home| 15mn to DT,86804959,1462840860043563997,Nadine,,Orleans,45.4752174,-75.5057636,Entire home/apt,411,2,62,2026-06-22,3.77,1,309,50,STR-845-006
1350160870001229722,Fosterbrook Parkside Retreat,43585808,1462694221411907710,Julie,,Barrhaven,45.2686646,-75.7761168,Private room,179,1,4,2025-12-24,0.25,1,26,1,STR-847-122
1350306388036553800,Abbey Road Guest House,677246083,1470694769558689896,David,,Alta Vista,45.4075229546785,-75.65939164441346,Entire home/apt,305,2,91,2026-06-21,5.53,1,32,75,STR-846-358
1352868686049413804,1 bdrm overlooking Ottawa river,59171644,1466712704722554096,Rachel,,Somerset,45.415643000462644,-75.71222948443989,Entire home/apt,,31,0,,,1,0,0,
1353917874522638653,*NEW* Luxury & Cozy Home in Central Location,678164915,1463933213029226841,Mohand,,Gloucester-Southgate,45.34916681608446,-75.62859235418738,Entire home/apt,175,30,5,2026-03-08,0.34,2,100,3,
1354312845335472704,Beautiful 3 Bed 2.5 Bath,166322864,1468612648503898534,Calvin,,Barrhaven,45.25096896213279,-75.75698927400822,Entire home/apt,628,1,1,2025-08-21,0.10,3,344,1,STR-844-541
1355272528848008442,4 bdrm Townhouse near Byward Market!,72341274,1466893572728554258,Laura,,Rideau-Vanier,45.4341863,-75.69003,Entire home/apt,180,30,0,,,1,189,0,Exempt
1355863087790101237,A private basement apartment for couple/family,275358996,1469452550238136055,Dipon,,Rideau-Goulbourn,45.28359,-75.93785,Private room,,1,8,2025-10-09,0.76,1,0,8,STR-848-736
1356564932276498614,"4Bed Pool,5min to Hospital,10min Airport,Downtown",18842066,1463062988014645333,Walid,,Alta Vista,45.39157029662948,-75.61747001554647,Entire home/apt,,30,1,2025-05-01,0.07,2,0,0,
1356649672920366443,Basement room with private bathroom,512479686,1470304798586154107,Wei,,Barrhaven,45.25388307402864,-75.73266779220556,Private room,,1,2,2026-05-03,0.23,3,0,2,STR-845-130
1358071368860084436,Charming 1 Room in a Townhouse in Kanata - Ottawa,197593653,1469029729099156793,Wale,,West Carleton-March,45.36617785866743,-75.93368049838725,Private room,80,1,66,2026-06-10,6.21,1,328,66,STR-850-232
1358831398955204266,Stunning 3 BedroomTownhouse,679406675,1470699222394974364,Gisele,,Stittsville-Kanata West,45.28148250010976,-75.88203851332402,Entire home/apt,303,1,44,2026-06-22,3.51,1,219,42,STR-849-148
1359496978189693381,Hintonburg  Wellington Village,14721442,1462945351748282195,Mary,,Kitchissippi,45.40399375008795,-75.71853146477358,Entire home/apt,187,15,3,2026-05-22,0.39,1,329,3,STR-842-618
1359590227112371707,Cozy Urban Escape - 3 Bedroom West End Home,679612994,1463934816157532849,Richa,,Stittsville-Kanata West,45.28029164160946,-75.89263255692558,Entire home/apt,204,30,1,2025-09-26,0.11,1,328,1,
1360338005215507534,Charming Private Queen Room (BR2) - Kanata,189615888,1468983393572396893,Lakshya,,West Carleton-March,45.36711,-75.93368,Private room,,1,15,2026-05-15,0.92,4,0,9,STR-848-260
1360539288492441121,Charming Private Double Bedroom (BR3) - Kanata,189615888,1468983393572396893,Lakshya,,West Carleton-March,45.36651785011331,-75.93312650354625,Private room,94,1,21,2026-05-15,1.30,4,9,10,STR-848-260
1360899729630215503,Charming 3 Bedroom House - Kanata,189615888,1468983393572396893,Lakshya,,West Carleton-March,45.367377391545155,-75.93215637195817,Entire home/apt,,2,23,2026-05-09,1.48,4,0,15,STR-848-260
1361599161667104336,"Spacious 3 Bedroom w/ Parking, Laundry and AC",72745938,1466897904855633856,Prabhukanth Daniel,,College,45.35753649999999,-75.7502734,Entire home/apt,299,2,34,2026-06-11,2.25,1,219,25,STR-848-429
1361658553093181861,Modern home|Game Room|2 Parking,110855525,1467340246809904446,Ajay,,Cumberland,45.47469650000001,-75.4597773,Entire home/apt,202,30,12,2026-03-10,0.87,1,207,6,STR-832-185
1362255287083622358,Cozy Downtown basement unit-1 bed-1 parking,85297148,1467028662565408108,Short And Suite BnB,,Rideau-Vanier,45.43407147157611,-75.65177012747486,Entire home/apt,70,30,13,2025-10-01,0.85,28,173,3,STR-825-112
1362552588673188946,Bright Cozy Furnished Studio,154607410,1468512846956366627,Stephanie,,Alta Vista,45.383332142856176,-75.6366922298462,Entire home/apt,56,30,5,2026-01-26,0.41,1,117,4,
1363294318285537238,Modern house with Smart T.V,233000958,1463242830539281090,Ajibola,,Rideau-Goulbourn,45.23794655666121,-75.74824109074318,Private room,93,1,48,2026-06-03,2.99,6,247,32,STR-853-234
1363767938999468445,Cozy private room/ queen bed.,227725562,1469212765937931064,Anik,,Rideau-Rockcliffe,45.43625380189047,-75.63847828656435,Private room,155,1,15,2026-05-29,1.07,2,90,10,STR-845-233
1363779844829119227,Cozy double bed room,227725562,1469212765937931064,Anik,,Rideau-Rockcliffe,45.43774564144924,-75.6376692304063,Private room,143,1,17,2026-06-17,1.23,2,90,11,STR-845-233
1366822153147905532,Echo - on the Canal,388044099,1469800362849376231,Joshua,,Capital,45.4068001,-75.6806082,Entire home/apt,283,2,91,2026-06-21,5.72,1,132,74,STR-847-095
1367034921471362040,Perfect family gateway in Ottawa,31918836,1465469067757996272,Nabin,,Knoxdale-Merivale,45.3295913349722,-75.7590320650291,Entire home/apt,363,30,0,,,2,365,0,
1367582000508000979,*Ideal for Construction Crews * Temporary Housing,52810809,1462724120263243070,Natalie,,Cumberland,45.41009398537659,-75.39533315015284,Entire home/apt,181,30,2,2026-03-27,0.14,21,267,1,
1367651079841038848,Beautiful and charming home,652808526,1470641522992538902,Wander,,Rideau-Rockcliffe,45.452797397947144,-75.63096562564418,Private room,,30,0,,,2,89,0,
1367660847792976270,Cozy home in the heart of Ottawa,652808526,1470641522992538902,Wander,,Rideau-Rockcliffe,45.45259814107197,-75.63077389482865,Private room,,30,0,,,2,89,0,
1368182453109335698,Family Friendly - Bright and Cozy Basement Suite,681943685,1470704277369509235,Anna,,Gloucester-South Nepean,45.2771932,-75.71728019999999,Entire home/apt,120,1,100,2026-06-21,7.11,1,127,82,STR-849-096
1368289196048254116,Cozy Private Rooms in Ottawa! (#1),681981208,1470704332936207744,Vlad,,Somerset,45.40894067976174,-75.6986851973501,Private room,113,1,106,2026-06-12,7.23,3,312,88,STR-846-466
1368318014877998211,Cozy Private Room in Ottawa! (#3),681981208,1470704332936207744,Vlad,,Somerset,45.4088665728277,-75.70077970304756,Private room,120,1,119,2026-06-20,7.53,3,337,94,STR-846-466
1368723867537841755,Cozy private room in Ottawa! (#2),681981208,1470704332936207744,Vlad,,Somerset,45.40943936012166,-75.69846382742504,Private room,125,1,100,2026-06-20,6.44,3,316,81,STR-846-466
1369104988737901826,Ottawa studio suite,401767563,1469842879631132063,Roxanne,,Rideau-Vanier,45.441301975079405,-75.65915552595514,Entire home/apt,98,30,8,2026-05-06,0.58,5,261,7,
1369792810567035104,Modern Condo near Chinatown close to Little Italy,81019326,1466986024713274994,Charlie,,Somerset,45.41136,-75.70903,Entire home/apt,258,1,100,2026-06-14,6.40,1,347,79,STR-826-965
1369793628896772853,Studio Apartment just a walk to Algonquin College,478304275,1470155001314018671,Kien V,,College,45.34777,-75.76948,Entire home/apt,185,2,34,2026-06-05,2.23,1,248,30,STR-847-206
1369811479896637299,King Bed Studio Apartment - Near Chinatown,517868726,1470330046209313133,Casey,,Somerset,45.40997,-75.70864,Entire home/apt,179,1,117,2026-06-15,7.71,1,357,95,STR-826-687
1370108895912763683,Cute 3 Bedrooms Townhouse (1 king + 2 Queen) Beds,67912081,1466839370605180765,Ehab,,Kanata South,45.273093,-75.84876469999999,Entire home/apt,213,30,1,2025-06-30,0.08,1,358,1,
1371141365498967768,Brand New 1-Bedroom in Ottawa's Trendy Sandy Hills,38459934,1462678491048609248,Corporate Stays,,Rideau-Vanier,45.418997096988285,-75.66664329657647,Entire home/apt,150,30,2,2025-12-18,0.14,11,60,1,
1371306464126935464,Modern 1BR Suite with Free Onsite Parking,682824334,1470706039856434895,Ore And Festus,,Stittsville-Kanata West,45.28618118180557,-75.93570122432862,Entire home/apt,169,1,99,2026-06-19,6.54,1,192,68,STR-855-539
1372516144964271827,Central Canal 2 Bdr priv entry,146518899,1462975931355166592,Tatiana,,Capital,45.4108884,-75.67884769999999,Entire home/apt,89,30,2,2026-02-28,0.19,5,188,2,
1374734524438582962,Modern Pet-Friendly Apartment near Rideau Centre,515274476,1470317842313419465,Noel,,Rideau-Vanier,45.4234175,-75.679171,Entire home/apt,418,1,53,2026-06-14,3.40,1,336,44,STR-830-588
1374793735164404895,Modern studio with king-size bed,235210480,1469252285939028294,Davidé And Alina,,Alta Vista,45.4070834,-75.63660689999999,Entire home/apt,139,7,44,2026-06-21,2.92,1,165,34,STR-848-433
1375550728811902074,KASHY HOMES-Executive home oasis,66264674,1466819018935171317,Kashy,,Innes,45.4566553908035,-75.53824284049664,Entire home/apt,454,30,0,,,7,340,0,Exempt
1375648933297383824,"Modern Cozy Room • Desk, Comfort & Privacy",683986794,1470708305368898023,Joel,,Innes,45.444034613588556,-75.51820669323206,Private room,85,2,27,2026-05-22,1.84,3,62,17,STR-848-292
1376155840529797138,"Beautiful Cozy Room • New & Quiet, Free Parking",683986794,1470708305368898023,Joel,,Innes,45.44403459999999,-75.5182066,Private room,92,2,11,2025-10-07,0.71,3,159,2,STR-848-292
1376183348547787132,"Beautiful , brand new family 3  bedroom townhouse",16644507,1462991642064062971,Takhmina,,Stittsville-Kanata West,45.28311,-75.89517,Entire home/apt,134,31,6,2026-01-19,0.43,1,195,4,
1376445014491974911,Private Room · Quiet · Modern - Free Parking,683986794,1470708305368898023,Joel,,Innes,45.44404,-75.51821,Private room,89,14,7,2025-09-15,0.46,3,165,1,STR-848-292
1377176835554871052,Glebe Pet-Friendly Boutique Style Suite,85297148,1467028662565408108,Short And Suite BnB,,Capital,45.4032062975694,-75.68611888644956,Entire home/apt,83,30,1,2025-06-27,0.08,28,244,1,
1378598726273158914,3Br 2Bth Modern DPLX 5 Min DT,125608480,1468265788790827209,Daniel,,Rideau-Vanier,45.4414418,-75.6715171,Entire home/apt,292,1,70,2026-06-14,5.87,1,216,70,STR-848-836
1379326895803521683,"5m to CTC, King Bed, BBQ, Fenced in Yard, WFH",43424548,1465644807636065133,Sean,,Stittsville-Kanata West,45.28519498712925,-75.93327239392268,Entire home/apt,125,30,0,,,7,90,0,
1379699317164749919,"New downtown condo.
4 min walk to Parliament.",305048917,1463423451553795044,Mohammad,,Somerset,45.41739743738454,-75.70556586683344,Entire home/apt,108,31,1,2025-04-29,0.07,8,69,0,
1379781432189273608,Bridlewood inn 4 kanata,514303310,1470313303646366898,Mary,,Kanata South,45.28906025719663,-75.85783427613787,Private room,61,6,4,2026-05-10,0.39,3,297,4,STR-123-125
1380442620914363613,Your cozy home away from home.,203366404,1469061189929162100,Olivia,,Kanata South,45.27608282130274,-75.8411687474599,Entire home/apt,194,30,2,2026-05-31,0.16,2,305,1,
1382602994589330126,Two bedrooms Condo with Free Parking,685701658,1470711907623678044,Elaine,,Kanata North,45.316031211850536,-75.93252018757188,Entire home/apt,351,1,22,2026-06-08,1.55,1,145,16,STR-848-507
1385055100544768577,Top Unit - Ottawa East - Newly Renovated,337818011,1469656305930958377,Babette,,Beacon Hill-Cyrville,45.4388448,-75.6106753,Entire home/apt,403,2,8,2025-10-12,0.70,4,327,8,STR-849-603
1385212430435853691,Peaceful Twin bed & Office space,210023080,1469095776846334236,Ali,,Rideau-Rockcliffe,45.433707186798735,-75.64724339909243,Private room,37,28,16,2026-05-27,1.08,6,358,8,STR-839-007
1385507669289557397,Fully furnished luxury condo with patio & parking,186027642,1468962372406564777,Michelle,,Capital,45.399853,-75.685845,Entire home/apt,,21,0,,,2,27,0,STR-837-329
1386960558444747371,Walkable Glebe Gem! Free Parking!,40935528,1465609232220571859,Christine,,Capital,45.4005758,-75.6897968,Entire home/apt,150,30,4,2026-06-06,0.36,2,201,4,
1389237542467788042,Bright and Spacious! Gym! Free Parking!,40935528,1465609232220571859,Christine,,Capital,45.4005758,-75.6897968,Entire home/apt,,30,2,2025-11-09,0.16,2,0,1,
1389448853656638318,Private Spacious Basement in Ottawa (Near Airport),687457659,1470715553947907703,Suraj,,Gloucester-South Nepean,45.27068052452607,-75.72129400646614,Private room,92,1,48,2026-05-29,4.04,1,70,48,STR-851-039
1390103777919157545,Entire Place - 2BR - Near Airport,416824173,1469895038725477025,Wathah,,Gloucester-South Nepean,45.2824763144883,-75.71356657113562,Entire home/apt,280,2,40,2026-06-20,3.03,1,232,34,STR-849-172
1392278821311669824,Stylish & Cozy Getaway,651556043,1470639044172776239,David,,Kanata North,45.30376668448329,-75.92780449696492,Entire home/apt,122,30,2,2026-02-09,0.34,1,203,2,
1392334215952210227,Cozy room With Private entrance,23679383,1465276961008162848,Salman,,Knoxdale-Merivale,45.35124497403169,-75.71944956960616,Private room,80,1,19,2026-05-20,1.32,7,349,16,STR-844-469
1393462363296586264,Kai's Cozy Nepean Home,480496590,1470164154034726991,John,,College,45.33909704359591,-75.7976869057138,Entire home/apt,161,3,32,2026-06-13,2.42,1,95,26,STR-848-675
1394374892996769410,Private Suite for Rent!,688735683,1470718384456993305,Bhaumik,,Rideau-Goulbourn,45.25544746010998,-75.89794253950492,Private room,99,1,3,2025-06-18,0.23,1,232,0,STR-848-418
1394996928945606562,Spacious 4BR Near Kanata Tech Park,66190971,1462771162645398738,Luis,,Kanata North,45.35246727117837,-75.93671742234403,Entire home/apt,,30,1,2026-02-07,0.21,26,0,1,
1395205062031712857,"""Tranquil Room in a Safe, Minimalist Sanctuary""",380958634,1469779043580064058,Lola,,Kanata South,45.27692181305528,-75.86565692813733,Private room,54,30,0,,,3,296,0,
1395237669940694202,Modern townhouse near airport,8105114,1462749302496273374,Yu,,Gloucester-South Nepean,45.28044827546364,-75.67646113900125,Entire home/apt,268,30,4,2025-08-04,0.32,1,89,2,STR-835-583
1396587156361069486,Private Room & Bathroom,73627659,1466907792990733409,Hakeem,,Barrhaven,45.26314,-75.74514,Private room,132,1,6,2025-09-15,0.47,1,338,4,STR-849-973
1396609008677496760,"Large bedroom, 2-travellers - private bathroom",92758261,1467120872489232023,Olivier,,Cumberland,45.451300251414104,-75.45983017036758,Private room,61,30,0,,,1,363,0,
1397340400496844467,Chic Urban Retreat Near Canal,6663748,1462546683259054013,Leonardo,,Capital,45.409125491292755,-75.67944834419325,Entire home/apt,,30,4,2026-01-31,0.31,1,0,3,
1397417274718454657,"Modern, Bright 1BR Near Downtown",11132673,1462857839092829621,Rebecca,,Rideau-Rockcliffe,45.427105248630866,-75.65896620900818,Entire home/apt,252,2,13,2026-06-14,1.09,1,194,13,STR-851-339
1398202650230630352,Spacious 4BR Home | Free Parking | 10 mins to DT,566528228,1470522598399748144,Amara,,Knoxdale-Merivale,45.33746627726778,-75.74187279866356,Entire home/apt,417,1,93,2026-06-17,6.94,1,55,84,STR-840-868
1398256586139546227,Private Studio Basement Apartment.,463885736,1470090326601343797,Harpreet,,Rideau-Goulbourn,45.23885871201639,-75.74386318566918,Entire home/apt,94,1,75,2026-05-23,5.81,1,59,73,STR-844-293
1398821542431774895,"House, 1 Queen, 3 twins - Lovely Neighbourhood",247865836,1469314534902280503,Omar,,Rideau-Goulbourn,45.26496880314733,-75.88267669703714,Entire home/apt,571,1,18,2026-06-14,1.37,1,125,11,STR-854-943
1399227965812386887,The Ambassador | King Ensuite | Downtown - 3,684773675,1470709935523380004,Host&Suite,,Rideau-Vanier,45.427679576047176,-75.67551657404256,Private room,189,1,11,2026-06-07,1.00,7,156,11,Exempt
1399228025793135540,King Ensuite | Parking | Downtown | No Fees - 3,684773675,1470709935523380004,Host&Suite,,Rideau-Vanier,45.42911,-75.67427,Private room,172,1,15,2026-04-05,1.14,7,152,14,Exempt
1399228077106146867,Queen Room | Parking | Downtown | Shared Bath - 2,684773675,1470709935523380004,Host&Suite,,Rideau-Vanier,45.4287,-75.67453,Private room,143,1,6,2026-04-18,0.79,7,164,6,Exempt
1399228138532653087,Queen Room | Parking | Downtown | Shared Bath - 5,684773675,1470709935523380004,Host&Suite,,Rideau-Vanier,45.42881,-75.67402,Private room,143,1,17,2026-05-22,1.28,7,154,15,Exempt
1399228194013886568,Single Room | Parking | Downtown | Shared Bath - 1,684773675,1470709935523380004,Host&Suite,,Rideau-Vanier,45.42943,-75.67533,Private room,132,1,31,2026-05-11,2.14,7,97,26,Exempt
1399228362713016286,Queen Ensuite | Private Living Room | Downtown - 3,684773675,1470709935523380004,Host&Suite,,Somerset,45.41069285453791,-75.69577445382977,Private room,,2,0,,,7,0,0,STR-843-322
1399602338021724296,Modern Cozy Luxury 4BD Ottawa,682790210,1470705981496871452,Jessica,,Gloucester-South Nepean,45.2740133,-75.7294962,Entire home/apt,309,30,49,2026-02-02,3.45,1,174,38,STR-848-505
1400734860468035651,"King 1BR w/parking in ""walker's/biker's paradise""",32610925,1465478352977144383,Tim,,Capital,45.39332361259614,-75.6799761353804,Entire home/apt,279,1,88,2026-06-16,6.13,1,138,79,STR-848-406
1400791632293665920,Brand new studio Hintonburg,147439063,1468445805534775454,Matthew,,Kitchissippi,45.40334,-75.72805,Entire home/apt,88,30,0,,,2,104,0,
1400849333587301840,Spacious 1 bed apartment,85392644,1467029606065698620,Karina,,Alta Vista,45.37781862672617,-75.66506712007947,Entire home/apt,62,30,0,,,1,43,0,
1400943271604501005,SimplyLovely Condo near Downtown | Parking | Patio,115007140,1468182892262108172,Frank,,Gloucester-Southgate,45.37463746531381,-75.6476848177693,Entire home/apt,205,1,33,2026-06-06,2.58,1,176,28,STR-849-521
1401737503084414911,2-Bedroom Lower Level Waterfront,166098222,1468611101167667961,Hong-Son,,Knoxdale-Merivale,45.337209406899696,-75.70087525263372,Entire home/apt,119,30,2,2025-12-06,0.20,2,297,2,
1403164423346301557,Private suite • king bed • ensuite • patio,69780049,1466863771706674748,Lucas,,Kitchissippi,45.398562289200314,-75.75591289822219,Private room,79,30,7,2026-04-30,0.54,1,215,6,
1403701587688120894,Cozy room in Model Town Home,420875864,1469910767431495528,Akash,,Kanata South,45.27425213396432,-75.86689846756522,Private room,54,30,1,2026-04-03,0.36,1,328,1,
1403960814648044651,Stunning Westboro 1BR,42603791,1465633024568755358,Bruce,,Kitchissippi,45.38248272649847,-75.76330094561995,Entire home/apt,115,30,1,2025-10-11,0.12,1,357,1,
1405097491428773880,Modern 5 Bed Home | Amazing Location Spacious Stay,144893923,1468425145369071137,Ahmed,,Barrhaven,45.242329166519056,-75.7291283196683,Entire home/apt,210,30,1,2025-08-31,0.10,2,266,1,
1409415762548609140,The Upper Echelon,82395424,1466999708322464277,Philip,,Knoxdale-Merivale,45.35923816858161,-75.72231886931971,Entire home/apt,170,30,1,2025-08-23,0.10,1,174,1,
1410722255292325984,Private Room • Great Value • Free Parking,159696138,1468554013847909896,EasyStayPM,,Innes,45.44317723986691,-75.51827273329107,Private room,80,2,12,2026-06-01,0.96,5,245,11,STR-848-983
1410964898721999423,Guest house in Glebe,285761087,1469493859144433429,Tv,,Capital,45.40106789545927,-75.68400742690815,Entire home/apt,73,30,3,2025-11-02,0.25,1,58,3,
1412078110322473314,3Br Apt near Ottawa General Hospital,98873806,1467188252547109790,Abrar Habib,,Alta Vista,45.4004976922271,-75.63704937455935,Entire home/apt,296,1,58,2026-06-15,4.30,3,65,53,STR-845-916
1412397093715917167,CHEO Hospital 20 min walk | Parliament Downtown,21058975,1463145664464670177,Tracey & Aahil,,Alta Vista,45.40067783886814,-75.63317782766842,Entire home/apt,194,2,40,2026-06-08,2.99,2,153,34,STR-840-243
1414210042703049163,Stunning Modern Ottawa Home | Near the airport,5777830,1462689321267916723,Ose,,Osgoode,45.307474202977104,-75.58961627002653,Private room,148,1,10,2026-06-21,1.11,1,174,10,STR-852-290
1414515541996883371,2 Bdr Hilltop Suite with Private Acces to Forest,656612179,1470649894746030193,Rod & Shuni,,Rideau-Rockcliffe,45.44508196467321,-75.66565110714626,Entire home/apt,80,30,1,2025-08-23,0.10,1,175,1,
1415174994516276778,Modern Family Home in Barrhaven,211031826,1469101282614126002,Akram,,Barrhaven,45.2724140327123,-75.78002129895889,Entire home/apt,459,2,16,2026-06-23,1.50,2,19,16,STR-849-567
1415836265721806589,"2 Bedrooms (Queen) Bath and Pantry, free parking",74872838,1466921129981034678,Depp,,Bay,45.35648,-75.79355,Private room,129,1,118,2025-12-30,8.51,1,3,100,STR-848-679
1418606062804509441,"Comfy Private Room Free Parking, Wi-Fi & Washer R1",159696138,1468554013847909896,EasyStayPM,,Innes,45.44241220262505,-75.51747134287208,Private room,112,2,8,2026-04-24,0.61,5,340,5,STR-848-983
1419243628158876002,Cozy Room 7 min drive from Blair  Station Ottawa,695018418,1470731590207724330,Peejay,,Beacon Hill-Cyrville,45.45017678820976,-75.59857214621493,Private room,37,31,0,,,1,365,0,
1419271641635463738,Work Ready | Luxe + Location,121926897,1462921780564663286,David,,River,45.343256750366734,-75.6895075203684,Private room,193,5,6,2026-06-05,0.45,2,168,3,STR-850-816
1419786974637414646,Stylish 2BR + Gym in Little Italy Area,38459934,1462678491048609248,Corporate Stays,,Kitchissippi,45.39835,-75.71239,Entire home/apt,163,30,0,,,11,144,0,
1420332076904135905,Modern Luxury 3BDR entire family-friendly Townhome,695302585,1470732196424257643,Yinka & Bisi,,Rideau-Goulbourn,45.24173631236451,-75.75188751618653,Entire home/apt,167,30,16,2025-12-26,1.39,1,312,16,STR-850-247
1421105698885295293,Spacious M/Bedroom • Ensiute Bath • Free Parking,159696138,1468554013847909896,EasyStayPM,,Innes,45.44343174839636,-75.51848436267723,Private room,105,2,0,,,5,300,0,STR-848-983
1421785558009055173,"Cozy Corner Room, Free Parking, Wi-Fi & Washer R3",159696138,1468554013847909896,EasyStayPM,,Innes,45.44363,-75.51793,Private room,95,2,22,2026-06-10,1.80,5,342,21,STR-848-983
1422775643074932404,hakuna matata,695941605,1470733553230355048,Georges,,Alta Vista,45.39444859771705,-75.61805729271336,Entire home/apt,291,1,20,2026-06-04,1.53,1,363,18,STR-855-163
1422844340140559179,Bedroom w private bath in Kanata,225081808,1469195712274838293,My,,Kanata South,45.305447363195164,-75.88623757710535,Private room,48,30,4,2025-12-21,0.33,4,184,4,
1424625003457871125,"Cosy, charming, cheerful basement apt",156504326,1468526934105768247,Francis,,Kanata North,45.305904320766615,-75.93875689158345,Entire home/apt,82,30,3,2026-05-17,0.28,1,236,3,
1424720784431085172,Single Room - Centre of Ottawa,494625433,1470226554804104341,Zhi Qing Xie,,Rideau-Rockcliffe,45.43622478447885,-75.6472017826996,Private room,43,30,3,2026-06-02,0.25,2,321,3,
1425269503227732416,Cozy Tiny Beach House,119513498,1468218177890946457,Pascale,,West Carleton-March,45.49729,-76.07731,Entire home/apt,194,1,39,2026-05-10,2.95,1,266,37,STR-848-113
1425630681987160808,Pet-Friendly 1BR With Office & Fenced Yard,696668853,1470734980916959318,Jenn,,Bay,45.3474228,-75.8188424,Entire home/apt,202,30,1,2025-11-30,0.14,5,139,1,
1426871532084462583,Luxury 6BR Home | 8 Beds 3.5Bath,696970533,1470735692553149008,Iman,,Osgoode,45.323801562497884,-75.58443365020561,Entire home/apt,728,1,50,2026-06-21,4.16,1,319,50,STR-832-128
1429225385369662275,"Rm, Big Lot Near River & Airport",697532478,1470736769844050361,Yisha,,Gloucester-South Nepean,45.29620828409968,-75.69623049036274,Private room,,30,0,,,1,269,0,
1429693706478747737,Lole’s Place – Feel at Home,697633141,1470736974885143856,LoLe,,Barrhaven,45.2922646,-75.7400803,Private room,102,1,117,2026-06-17,8.95,1,342,102,STR-851-059
1429740525219680456,Centrally Located 2BDRM Unit,156340320,1468525580634909591,Joshua,,Rideau-Vanier,45.444715601223365,-75.66887667174932,Entire home/apt,113,30,82,2026-06-04,6.49,1,89,77,STR-846-347
1430004514813492273,"Basement Ensuite Near Ottawa Airport, Casino, EY.",697737218,1470737162699598655,Hem Raj,,Gloucester-South Nepean,45.3134123,-75.6184707,Private room,103,1,110,2026-06-10,8.68,1,79,103,STR-850-843
1430432611292742942,5BR Home in Nepean Ottawa,475319012,1470143009456794684,Jasmine,,College,45.3552119,-75.7487989,Entire home/apt,382,30,5,2025-11-09,0.39,10,356,4,
1430819748310091108,Charming 3 bedrooms Family Home,85297148,1467028662565408108,Short And Suite BnB,,Somerset,45.411279364871646,-75.70651182944286,Entire home/apt,369,2,1,2026-06-23,1,28,174,1,STR-851-060
1432246595128120440,Luxury 2-3BDR apart close to YOW,698315606,1470738399847809441,Cherlande,,Gloucester-South Nepean,45.3126422,-75.6184226,Private room,240,1,7,2026-05-24,0.70,1,148,7,STR-852-106
1433641386543941120,Chic 1BR Near Dow’s Lake | Fast Wifi + Laundry,90220572,1467091810619380743,Danene,,Somerset,45.40362830833595,-75.70983711995562,Entire home/apt,101,30,2,2025-10-08,0.20,1,285,2,
1433740105295593450,King bed - (#T)Private Room in Ottawa,129705585,1511334160466946155,Kruthika,,Stittsville-Kanata West,45.26438,-75.89639,Private room,67,1,71,2026-06-21,7.58,1,62,71,STR-852-092
1433991167406644567,Beautiful Executive 2 BR condo,41628785,1465619082726679117,Kim Gilles,,Kitchissippi,45.3902742,-75.7580933,Entire home/apt,132,30,4,2026-05-31,0.34,1,210,4,
1434094929945592448,Modern Family Home in Chilliwack,691488936,1470724235487325196,Farhad,,Gloucester-Southgate,45.348715136006795,-75.63752423766694,Private room,97,1,4,2026-06-22,4,1,67,4,STR-855-476
1434402300832713230,Sofa Bed In The Shared Living Room,41209181,1462686978875894871,Abdur,,Capital,45.38392756040029,-75.67327252860912,Shared room,71,1,40,2026-06-15,3.15,2,32,39,STR-843-755
1434800408573276896,The Avenue,99500083,1462869237668818270,Westhaven,,River,45.3804527,-75.7374514,Entire home/apt,95,30,4,2026-03-01,0.34,6,203,4,
1435557511935517314,"Cozy 2 bedroom townhouse, OTW airport Free Parking",181600359,1463077223310192431,Mizpah,,Osgoode,45.3267693,-75.58621049999999,Private room,148,30,24,2025-11-29,2.21,5,334,24,STR-839-352
1435895527743412628,Rooms in Riverside South,107411837,1467301817437770460,Mohan,,Gloucester-South Nepean,45.2630533,-75.68719229999999,Private room,,180,0,,,1,358,0,
1436459152245857300,Cozy Corner,202733426,1469057898460243098,Chisom,,College,45.33858142806896,-75.79440059468223,Private room,100,1,29,2026-06-21,2.31,1,80,27,STR-846-773
1438487762783666421,Elegant Victorian Studio,231996613,1469236809423009180,Rhys,,Somerset,45.41335,-75.6983,Entire home/apt,72,30,1,2025-08-31,0.10,2,52,1,
1438625035595723292,Epic & Vibrant Loft Retreat,664975122,1470668559248683674,Indu,,Bay,45.35634,-75.80696,Private room,199,1,7,2026-06-14,0.57,2,364,7,STR-851-300
1440016008504260837,Orleans Cozy Nest,700334424,1470742342322462103,Nadine,,Cumberland,45.42892,-75.48799,Entire home/apt,83,30,2,2026-06-16,1.09,1,216,2,
1440318790423225557,Luxury 3 Bedroom Home in Ottawa,522510567,1470350976668452478,Ademola,,Stittsville-Kanata West,45.2746601,-75.891172,Entire home/apt,191,31,0,,,2,179,0,
1440715973163077319,Single Room | Parking | Downtown | Shared Bath - 6,684773675,1470709935523380004,Host&Suite,,Rideau-Vanier,45.42841749999999,-75.6750928,Private room,120,1,25,2026-05-31,2.53,7,134,25,Exempt
1441561902434863803,Lovely Glebe 2 Bedroom,85297148,1467028662565408108,Short And Suite BnB,,Capital,45.4032836158908,-75.68875147478398,Entire home/apt,664,2,24,2026-03-16,1.96,28,39,23,STR-846-207
1441691078040755716,Cozy apartment with view,700819187,1470743231249806193,Nader,,Somerset,45.39748,-75.70852,Entire home/apt,16,180,0,,,1,212,0,
1443352715254507535,Coach House @ Corkery Gardens,9397655,1462813050259588122,Pauline,,West Carleton-March,45.26117,-76.07188,Entire home/apt,189,2,55,2026-06-21,4.73,1,305,55,STR-847-138
1444441732045859671,Charmant appartement 2 chambres,491709722,1470214101883104763,Sadgi,,Orleans,45.47458,-75.45519,Entire home/apt,390,1,18,2026-06-16,1.47,1,99,17,STR-848-647
1444955787400289877,Mini suite#3 Dow's Lake Downtown Ottawa,65275346,1466807201474598256,Bella,,Capital,45.40365858699388,-75.69773750895415,Private room,59,30,1,2026-05-31,1,3,269,1,STR-843-974
1445247388173488928,Comfortable and spacious room! Left,349796506,1469696243958296485,Robson,,Barrhaven,45.28869,-75.73285,Private room,45,31,2,2025-12-18,0.20,3,268,2,
1445251175105812643,Comfortable and spacious room! Right,349796506,1469696243958296485,Robson,,Barrhaven,45.29029059410372,-75.73441728168658,Private room,,31,3,2026-05-03,0.27,3,0,3,
1445699458297667374,MTR - Turnkey 2-Bed – All Included!,466089949,1470100959876533647,Julie,,Rideau-Vanier,45.43783,-75.66825,Entire home/apt,122,30,0,,,3,90,0,
1446363334967602595,Room Across Uottawa 5Mins Walk Parliament Hill,510569116,1470295688584794699,Carlos,,Rideau-Vanier,45.422082802164674,-75.67896886547707,Private room,45,30,2,2025-07-17,0.16,26,365,1,STR-351-436
1447013816826350412,Cozy boho 2-BR basement w. Pkg,42714196,1465634581623527379,Amani,,Rideau-Rockcliffe,45.44648,-75.62909,Entire home/apt,74,30,0,,,7,321,0,
1447141690355146361,"Lower level bdr #1, 12 mins DT.",42714196,1465634581623527379,Amani,,Rideau-Rockcliffe,45.44558,-75.6272,Private room,42,30,5,2026-05-20,0.48,7,354,5,
1447165500719558501,Stonehouse on the RIdeau,63443666,1466783192456985106,Mary,,Osgoode,45.129705614428104,-75.63118591147703,Entire home/apt,197,30,1,2025-08-31,0.10,1,274,1,
1448528990529520891,Lovely & Modern Condo in downtown Ottawa,154508569,1468512030991038796,Sara,,Rideau-Vanier,45.4286251,-75.6875201,Entire home/apt,119,30,1,2026-05-10,0.65,1,252,1,
1449323552788496370,Upscale 2-Bedroom Basement Unit,702826435,1470746855491212096,Emmanuel,,Rideau-Goulbourn,45.18612,-75.8494,Entire home/apt,314,1,4,2026-06-12,0.92,3,359,4,STR-852-686
1449488424322065202,Private 2BR Suite w/Parking Near Ottawa Airport,76564856,1466938874792223193,Anita,,Gloucester-South Nepean,45.316816,-75.6227746,Private room,155,2,7,2026-05-29,0.99,1,307,7,STR-851-367
1449577991245185541,"Generous Room - Airport, Transit, Park & Amenities",590599045,1470613657993856972,Thi Kim Lien,,River,45.34837,-75.6661,Private room,23,30,0,,,1,58,0,
1450256934259079696,Entire Home with big Backyard and Peaceful Setting,88140146,1467058696066970695,Ray,,Gloucester-South Nepean,45.286827,-75.6938423,Entire home/apt,363,30,0,,,4,340,0,
1450614555362256270,Ottawa work and study retreat,468038000,1470110226455785933,Mehrdad,,Rideau-Vanier,45.43170770007716,-75.66153269567998,Entire home/apt,78,30,2,2026-03-27,0.28,2,137,2,
1451607671570955779,5 mins to Billing’s Bridge Stop.,650179920,1470635975365353436,Saleh,,Capital,45.38542357333326,-75.67366697225131,Private room,66,1,0,,,2,347,0,STR-000-000
1452167953471286464,"Luxury 1 Bedroom, 2 Beds, Free Parking.",496118873,1470232608279269210,Valerie,,Gloucester-Southgate,45.34253099948589,-75.66384248465576,Entire home/apt,99,30,0,,,1,267,0,
1452415078599951098,2BR - Suite for Flexible Stays Near DT/Airport,77803336,1466953631218242390,Michel,,River,45.36773063689777,-75.67100055181442,Private room,101,30,2,2026-01-31,0.22,2,83,2,
1452448781976810892,Spacious 6BR Home | Barrhaven,475319012,1470143009456794684,Jasmine,,Barrhaven,45.24946,-75.75244,Entire home/apt,281,30,2,2026-01-23,0.20,10,292,2,
1454470997123774603,3 BRs - 1 BthR Cozy lower unit.,524192963,1463866352385763602,Jack,,Orleans,45.4845396,-75.5170279,Entire home/apt,127,31,2,2026-05-05,0.26,2,226,2,
1454565111044616086,Grand 5Bed Barrhaven Estate,442857950,1469997719455444037,Vu,,Gloucester-South Nepean,45.2557,-75.69296,Entire home/apt,558,30,4,2025-09-02,0.34,1,61,4,STR-000-000
1454648117838249994,4BR Kanata Home W/ Hottub & Gym,598453145,1470632406317913783,Michael,,Stittsville-Kanata West,45.28439,-75.9244,Entire home/apt,551,1,31,2026-05-30,2.74,1,160,31,STR-842-615
1454660406943139546,4-BD Country Escape | Gourmet Kitchen | Ottawa,253320251,1463306840401033370,Besha,,West Carleton-March,45.30991,-76.07148,Entire home/apt,567,1,15,2026-05-24,1.35,2,212,15,STR-845-855
1454681925943456727,"Cozy bed room - Airport, Transit",193965676,1463106193220047910,Tuan,,River,45.34736727652358,-75.66442949547303,Private room,28,30,0,,,4,233,0,
1455217552847172576,Central Golden Triangle Oasis: Stylish 2+1 BD,115246109,1468184665906094243,Joshua,,Somerset,45.41922,-75.68336,Entire home/apt,262,1,55,2026-06-05,4.76,1,116,55,STR-837-023
1455291833298817623,Gracefull Oasis,347523928,1469689024273036779,Amarachi,,Rideau-Goulbourn,45.24029178996003,-75.74348859863257,Private room,97,30,1,2025-07-06,0.08,3,90,1,STR-845-156
1455732221706147015,Private room 3 Mins walk Uottawa,146743514,1462976440086375646,Frits,,Rideau-Vanier,45.422180021749334,-75.67942089949925,Private room,41,30,0,,,28,365,0,STR-246-321
1456051373884826755,Crown Hideaway | 1BR Basement | 1 Queen Bed,704745580,1470750479937645097,Remi,,Rideau-Goulbourn,45.2470556,-75.7153903,Private room,54,30,1,2025-12-22,0.16,1,364,1,
1456155036265205711,"Zen Oasis, in the Heart of New Edinburgh!",290148260,1469508197292316270,Vincent,,Rideau-Rockcliffe,45.44123,-75.6784,Entire home/apt,112,30,2,2025-10-01,0.19,5,359,2,
1456659337282717249,Hip and Central Hideout in Chinatown,170375605,1468646038300989757,Farah,,Somerset,45.40767,-75.70757,Entire home/apt,307,1,35,2026-06-10,3.05,1,175,35,STR-845-147
1456926068593774508,Custom 3 Bedroom  Basement Suite in Orleans,704990294,1470750902173891378,Mandy,,Orleans,45.4753,-75.48925,Entire home/apt,296,2,24,2026-06-09,2.05,1,177,24,STR-850-830
1457252400256863511,Chic 5 BED Haven in Barrhaven,80911738,1466984948551201587,Jacques,,Barrhaven,45.26062,-75.75265,Entire home/apt,660,1,23,2026-05-29,1.99,1,154,23,STR-844-741
1457799642200312133,Townhouse in Ottawa South *Garage Included*,52810809,1462724120263243070,Natalie,,Gloucester-South Nepean,45.26767,-75.68959,Entire home/apt,194,30,2,2026-05-11,0.20,21,348,2,
1458144800446401872,Lovely Bachelor in Ottawa,85297148,1467028662565408108,Short And Suite BnB,,Somerset,45.40869,-75.7154,Entire home/apt,,30,1,2025-11-01,0.12,28,0,1,
1458160684428987092,Studious 2BR Suite*Close to Science & Tech Museum*,133840064,1468336176639344079,Chris,,Alta Vista,45.39806,-75.62699,Entire home/apt,246,1,16,2026-06-01,1.38,1,83,16,STR-845-658
1458634743362306916,KASHY HOMES-Cozy home 10 minutes to DT and Airport,66264674,1466819018935171317,Kashy,,Gloucester-Southgate,45.37543,-75.61108,Entire home/apt,223,30,5,2026-05-31,0.59,7,296,5,Exempt
1458673753206422598,Wren Cottage on the Ottawa River,313389069,1469589447163638556,Leif,,West Carleton-March,45.479625925238054,-76.0018103197217,Entire home/apt,376,1,15,2026-06-22,2.03,1,288,15,STR-853-041
1459570143326744394,"Modern Home w. Steam Room, Beach",16659102,1462598741282162038,Michael And Olga,,Bay,45.36662,-75.79742,Entire home/apt,183,30,1,2026-01-31,0.21,1,296,1,
1460402238558514437,Cozy private room in downtown,414374988,1469886298675093168,Rahim,,Rideau-Vanier,45.43143,-75.67715,Private room,48,30,0,,,1,365,0,
1461164238355226009,Bisco's Nest Ottawa,370629509,1469749632523920966,Abi,,Gloucester-Southgate,45.3419852,-75.6244735,Entire home/apt,193,30,1,2026-05-22,0.88,1,346,1,
1461818835897960943,Spacious Home 15 minutes to DT,706069011,1470752822204435196,Thi Mai Oanh,,Bay,45.35512,-75.79302,Entire home/apt,426,2,28,2026-06-05,2.52,1,147,28,STR-852-723
1461931333056212879,Stylish Private Studio Suite,16454772,1462987069892300040,Christi-Anna,,Gloucester-South Nepean,45.28806,-75.66567,Entire home/apt,137,1,25,2026-06-19,2.51,1,342,25,STR-852-520
1462572878169766408,Luxury Upper House 2BR NEAR Downtown FREE Parking,542306499,1470429647912769401,GuestGems,,Rideau-Vanier,45.4346301,-75.6612646,Entire home/apt,320,1,17,2026-06-09,1.53,1,255,17,STR-847-710
1463059095101223009,"Vintage Home | Fenced Yard, Pvt Patio, Parking",43424548,1465644807636065133,Sean,,Somerset,45.41349,-75.71153,Entire home/apt,495,1,47,2026-06-11,4.59,7,274,47,STR-842-166
1463468778435578051,"Lower level bdr #2, 12 mins DT.",42714196,1465634581623527379,Amani,,Rideau-Rockcliffe,45.44659,-75.62942,Private room,42,30,1,2025-11-18,0.14,7,323,1,
1463698296157993082,"Beechwood, 2 Bedroom, cozy private apartment",290148260,1469508197292316270,Vincent,,Rideau-Rockcliffe,45.44233,-75.67734,Entire home/apt,150,30,2,2026-03-26,0.28,5,358,2,STR-000-000
1463891819847904275,"Luxury Escape, Hot Tub, Fenced Backyard, Fireplace",107057450,1462888189736038384,Miles,,College,45.359717961143765,-75.74608313456154,Entire home/apt,509,1,4,2026-06-21,4,3,349,4,STR-848-382
1464087001375453099,Brandnew 3 Bedroom Byward Market Townhome,85297148,1467028662565408108,Short And Suite BnB,,Rideau-Vanier,45.42995,-75.69488,Entire home/apt,155,30,2,2026-06-17,0.61,28,202,2,
1464098791904044845,Spacious private modern townhouse,706961116,1470754378003524696,Larisa,,Gloucester-South Nepean,45.27934,-75.67356,Entire home/apt,,1,9,2025-08-31,0.77,1,0,9,STR-847-854
1465549009849147540,Spacious 3 Bedroom | 3 Parking + EV Charger,18461359,1463054745618746493,Jonathan,,River,45.3794384,-75.7383703,Entire home/apt,327,1,66,2026-06-29,5.89,1,172,66,STR-849-173
1465567357702951721,Cozy Upscale Retreat Kanata-Family & Professionals,707419620,1470755071932823660,Sean,,Kanata North,45.31808,-75.92204,Entire home/apt,149,30,1,2025-12-30,0.17,1,149,1,
1465918374965236352,Elegant 1BR with Stunning Views near ByWard Market,38459934,1462678491048609248,Corporate Stays,,Somerset,45.41889987549501,-75.69793793121887,Entire home/apt,150,30,3,2026-03-01,0.37,11,183,3,
1466081718296214715,Private Basement Room (Females Only),39391964,1465588566629339934,Hien,,Rideau-Goulbourn,45.1995561,-75.83126159999999,Private room,40,30,2,2026-04-26,0.30,1,358,2,
1466157206104936187,Cozy Bungalow - 5 mins. to The Ottawa Hospital!,66190971,1462771162645398738,Luis,,Alta Vista,45.40795021225918,-75.6409049054703,Entire home/apt,167,30,1,2025-10-09,0.12,26,268,1,
1466232316404689819,Full House with Smart TV in all rooms,572101788,1470550703846114504,Akpevweoghene Glory,,Rideau-Goulbourn,45.239937935478714,-75.74538928666124,Entire home/apt,,30,1,2025-07-20,0.09,2,0,1,STR-840-392
1466953856031956874,"Trendy 2BR + sofa bed | Ottawa, Little Italy",97305903,1467172211419044820,Amanda,,Somerset,45.39762,-75.70898,Entire home/apt,231,30,33,2026-05-10,3.08,1,175,33,STR-840-175
1467618954776338837,Cozy House on the hill,488675856,1470199336588504449,Lindsay,,Innes,45.47092,-75.52089,Entire home/apt,119,30,2,2026-03-27,0.44,3,45,2,
1468131091316687727,"Modern, Fresh Alta Vista Guest House",297401347,1463407283377373497,Sonja,,Alta Vista,45.39848,-75.65465,Entire home/apt,121,30,1,2025-10-15,0.12,1,282,1,
1468631417166255173,Taste of paradise in Ottawa,199592596,1468631418364817749,Lans,,Rideau-Rockcliffe,45.4270329,-75.66358579999999,Private room,117,2,11,2026-06-05,2.56,1,325,11,Exempt
1469043598455397389,Duplex Penthouse in the heart of Ottawa,708375652,1469043599164465304,Ascent,,Somerset,45.407207423038855,-75.70498265326023,Entire home/apt,106,30,3,2026-05-31,0.40,1,288,3,
1469179556990959918,Brand New Bright & Modern 2BR & 2Bath near CTC,44275541,1465657687515586504,Adetoro,,Kanata North,45.30519,-75.92903,Entire home/apt,119,30,5,2026-05-30,0.56,1,89,5,
1469255260258108135,Prestige home,325824177,1469255261134156612,Bader,,Osgoode,45.09371,-75.59577,Entire home/apt,466,1,51,2026-06-10,4.80,8,275,51,STR-844-001
1470380996092709357,Stylish Queen Studio Apt with Fast Wi-Fi & Parking,58038466,1466695657463906332,Eldin,,Kitchissippi,45.40743,-75.73379,Entire home/apt,90,30,3,2026-05-31,0.63,4,332,3,
1470592257879042458,"Cozy, Chic, Family-Friendly Stay",168639744,1463037733989199691,Taissa,,Innes,45.46874,-75.51979,Entire home/apt,117,30,5,2026-01-30,0.45,1,72,5,STR-839-987
1472422093415307199,Cozy Tucked Away Family Home by the River w/bikes!,548337256,1472422094290384212,Anthony,,Bay,45.35843093557836,-75.80311212944233,Entire home/apt,142,30,0,,,1,244,0,
1474076397030896201,Spacious 1BR Downtown Ottawa,137573904,1468367264944898700,Rob,,Somerset,45.41869,-75.69572,Entire home/apt,54,60,0,,,1,179,0,
1474753245270769159,Modern & Cozy Basement By Stonebridge Golf Club,709977246,1474753246062856911,OttawaStayCo,,Rideau-Goulbourn,45.24704,-75.71693,Entire home/apt,187,1,46,2026-06-21,4.69,1,317,46,STR-852-443
1475404333336573876,Quiet Kanata room for Professionals,422092032,1475404334165694258,Seraphine,,Kanata North,45.35580823870853,-75.92979217443724,Private room,71,30,0,,,2,88,0,
1476336200564530302,Stylish 2 bed in Central Ottawa,357248440,1476336201319730962,Eric,,Alta Vista,45.3987795,-75.6361234,Entire home/apt,106,30,0,,,1,259,0,
1476404824555802676,"A Place to Live, Work, & Play",456510105,1470054788594574276,Anne & Ish,,Kitchissippi,45.40385,-75.72467,Entire home/apt,,30,2,2026-06-08,0.28,1,29,2,
1477019932206740353,Velora Luxe stylish Home Office & Entertainment,569190290,1470530860311467217,Morenike,,Barrhaven,45.25766,-75.75683,Entire home/apt,511,1,26,2026-06-21,2.87,1,342,26,STR-852-672
1477883152958127746,Glamping by RideauRiverProvPark,279115123,1469469641618311704,Joshua,,Rideau-Goulbourn,45.06121,-75.6723,Entire home/apt,266,2,2,2026-06-13,1.54,1,144,2,Exempt
1477895828260584625,"The Keon Hotel, Rm #1 (2 Queen Beds)",710870974,1477895829094532053,Ryan,,Rideau-Vanier,45.4286043,-75.6944647,Private room,305,1,23,2026-05-24,2.25,6,150,23,Exempt
1478348314514623946,Chic Room in Designer Home,91222817,1467102713404383969,Madhur,,Stittsville-Kanata West,45.27030796904846,-75.89721324381371,Private room,57,30,0,,,1,89,0,
1478348346150333212,"Private Suite in Ottawa, near airport",710980022,1478347624677302893,Karen,,Knoxdale-Merivale,45.32466,-75.70392,Entire home/apt,172,1,42,2026-06-18,5.27,1,135,42,STR-853-014
1478401025902887702,Bright Glabar Park Studio,471836043,1470128141926230368,Natasha,,Bay,45.3662647,-75.76408219999999,Entire home/apt,60,30,1,2025-09-26,0.11,1,82,1,
1478535167554419965,Home away from home,53759948,1465873553221048399,Faith,,Barrhaven,45.2492077,-75.7605421,Private room,94,1,7,2026-05-28,0.70,2,358,7,STR-840-643
1480030781365114226,Millie’s Place,197927493,1480030781982737498,Millie,,River,45.36790517302556,-75.66436059772968,Private room,69,30,0,,,1,335,0,
1481864963036209678,Exactly where you want to be,472303241,1470130268119234134,Gailene,,Rideau-Vanier,45.43308927608301,-75.68875957026953,Private room,81,30,0,,,2,179,0,
1482262201877564773,Luxury 4BR Home* Brand New & Great Location!,678164915,1463933213029226841,Mohand,,Gloucester-South Nepean,45.3278,-75.60056,Entire home/apt,203,30,1,2025-10-10,0.12,2,318,1,
1483244034154156291,"Executive Home, 4 Bedrooms, Hot tub/Pickleball/Gym",334008485,1469645057902107334,Daniel,,River,45.37753270746365,-75.70462185588275,Entire home/apt,374,1,20,2026-06-24,1.87,1,10,20,STR-852-274
1485549992887960059,"The Keon Hotel, Rm #2 (King Bed)",710870974,1477895829094532053,Ryan,,Rideau-Vanier,45.42777,-75.69536,Private room,268,1,14,2026-06-18,1.51,6,183,14,Exempt
1485607305618030639,Modern 3-Storey House w/Garage - near Rockcliffe,495868774,1470231651689902069,Salim,,Rideau-Rockcliffe,45.45222,-75.62976,Entire home/apt,370,1,16,2026-06-22,1.59,2,302,16,STR-847-191
1485703690251299609,Private upscale Room near Kanata tech park,712960818,1485703690928269163,Tom,,Stittsville-Kanata West,45.27167,-75.94055,Private room,38,30,0,,,2,297,0,
1485824777826606149,Private spacious Room near Kanata tech park,712960818,1485703690928269163,Tom,,Stittsville-Kanata West,45.27356,-75.93868,Private room,38,30,0,,,2,174,0,
1486434364401023790,Glebe/Lansdowne Room,145058591,1486434365015619058,Madison,,Capital,45.39989,-75.68873,Private room,,30,0,,,1,83,0,
1486651246932734584,Private Mid Century Style Room in a Family Setting,1755714,1462520160787387994,Janice And Garry,,College,45.34844846588583,-75.78437812306885,Private room,37,30,1,2025-12-02,0.15,3,281,1,
1488577499763877513,Mini suite #1 for professionals or students,65275346,1466807201474598256,Bella,,Somerset,45.40128,-75.71024,Private room,213,5,0,,,3,329,0,STR-843-974
1489167187925199794,Townhouse for monthly rental,48295858,1462709377654924718,Serhat,,Innes,45.42778601327942,-75.51089331507683,Entire home/apt,151,30,1,2025-12-19,0.15,1,200,1,
1489375356499856815,Trendy 1 bedroom in Centretown,85297148,1467028662565408108,Short And Suite BnB,,Somerset,45.41124,-75.69788,Entire home/apt,60,45,2,2026-05-17,0.28,28,256,2,
1490266949539854649,Private Room in a 4-bedroom Home- Orleans,135081108,1468346675538723764,Amit,,Innes,45.46433,-75.53183,Private room,49,14,1,2025-09-12,0.10,2,174,1,STR-828-848
1490352315913205947,Cozy Room w/ Ensuite & Balcony,461969923,1470081184605548911,Nimish,,Barrhaven,45.24224,-75.74315,Private room,109,1,1,2026-01-31,0.21,2,296,1,Exempt
1490607514776555706,Parliament Stay | 1BR + Sofa Bed,244964584,1469299887357073611,Family Suites,,Somerset,45.42308,-75.69722,Entire home/apt,185,30,0,,,1,365,0,
1490805078099607053,Cozy Room,23679383,1465276961008162848,Salman,,Knoxdale-Merivale,45.34962,-75.71796,Private room,,1,3,2025-10-17,0.29,7,0,3,STR-844-469
1490807722694650609,Cozy Room “Rose”,23679383,1465276961008162848,Salman,,Knoxdale-Merivale,45.35027155372149,-75.71925890545299,Private room,,1,1,2025-08-26,0.10,7,0,1,STR-844-469
1491427267093557028,Studio/Bachelor Condo for Airbnb,208632808,1469088416718511292,Edward,,Somerset,45.4126,-75.6962,Entire home/apt,75,30,1,2025-09-27,0.11,1,365,1,
1492226375298215610,"Pool, Game Room, Hot Tub, Theatre Room",43424548,1465644807636065133,Sean,,West Carleton-March,45.26478,-76.01486,Entire home/apt,825,2,36,2026-06-09,3.64,7,271,36,STR-851-618
1492331115461676514,Modern 2-Bed Condo in the Heart of Centretown,92692408,1467120186552115973,Veena,,Somerset,45.41827,-75.69932,Entire home/apt,153,31,0,,,1,334,0,
1492850509443477475,Capital Getaway - Cottage in the City,46921844,1492850510101429330,Nida,,Kanata North,45.32794,-75.90787,Entire home/apt,226,30,0,,,1,301,0,
1493054270686480331,Mansion in Mississippi Mills,462547672,1470083994239358618,Muhammad,,West Carleton-March,45.2420521,-76.1373557,Entire home/apt,292,30,0,,,1,236,0,
1494188022524666876,"Private SPA Oasis- Hot Tub, 2 Saunas & Games Room",407729985,1469863267049877642,Maslen,,Alta Vista,45.39052428549294,-75.61778524603271,Entire home/apt,667,1,34,2026-06-21,3.68,1,252,34,STR-843-264
1495146298894186823,Private Guest Suite in Ottawa,715370960,1495146299544125893,Hamzah,,Barrhaven,45.247550407170635,-75.75553607672117,Private room,92,2,23,2026-06-04,2.32,1,346,23,Exempt
1495970039996610283,"Modern Home in Barrhaven, Ottawa",673487851,1495970040882589389,Ahyoung,,Barrhaven,45.27432350000001,-75.7811581,Private room,,30,0,,,1,87,0,
1496497478467559357,Bright & Spacious Barrhaven Stay,475319012,1470143009456794684,Jasmine,,Gloucester-South Nepean,45.25635697875261,-75.69253323932526,Entire home/apt,371,30,1,2025-12-23,0.16,10,246,1,
1497574680448309102,Cozy Queen Bed + Workspace. Near Downtown-Ottawa.,210023080,1469095776846334236,Ali,,Rideau-Vanier,45.4306,-75.65587,Private room,50,30,3,2026-02-07,0.38,6,358,3,
1497807963874912465,Private room with attached washroom in Ottawa,716009076,1497807964576094533,Arun,,Innes,45.43617,-75.50568,Private room,109,1,63,2026-05-30,7.33,1,82,63,STR-853-200
1498148673387893853,Stunning Coach House in the Heart of Hintonburg,85297148,1467028662565408108,Short And Suite BnB,,Kitchissippi,45.40277,-75.72108,Entire home/apt,140,30,1,2025-11-30,0.14,28,326,1,
1498573006413624798,Westboro Spacious Basement Studio (28+ days only),487438308,1498573007096200134,Emma,,Kitchissippi,45.38829924203852,-75.74960039616344,Entire home/apt,65,30,2,2026-05-12,0.57,1,327,2,
1498850590600594881,Cozy 1BED Apartment in Ottawa China Town,475319012,1470143009456794684,Jasmine,,Somerset,45.4082,-75.70955,Entire home/apt,101,30,1,2026-06-07,1,10,332,1,
1498957545325768301,1 Guest in shared Furn'd beautiful 3 bedrooms Apt,34602819,1462665869527919321,Christine,,Rideau-Vanier,45.42624956681478,-75.67606830876522,Private room,48,30,0,,,13,268,0,
1499367338645543098,Cozy Centretown Private Studio,85297148,1467028662565408108,Short And Suite BnB,,Somerset,45.41116,-75.69731,Entire home/apt,52,30,1,2025-11-03,0.13,28,349,1,
1499627041443269392,Cozy & Peaceful 1 Room in Kanata Townhouse,714058523,1499627042255496551,Tazin,,Kanata South,45.27935,-75.85063,Private room,60,1,67,2026-03-22,7.18,1,32,67,STR-853-240
1500738052802180479,Centertown Ottawa - Mid term rental,1666028,1462564506825984514,Syed Zeeshan,,Somerset,45.410135200018644,-75.69444205186008,Private room,54,30,0,,,1,365,0,
1500846499506509123,Small & Cozy Room w/ Shared Bathroom & Parking,716699897,1500846500252361237,Martin,,Rideau-Vanier,45.42631,-75.67356,Private room,143,1,19,2026-06-14,2.24,2,361,19,STR-853-024
1501015580895061930,New home near downtown with yard,707616535,1470755446456435178,Neil,,Knoxdale-Merivale,45.36143,-75.72152,Entire home/apt,157,30,0,,,1,177,0,
1501905961751751341,Cozy Budget Room,714963400,1493433041033589631,Jems,,Barrhaven,45.25256,-75.75736,Private room,78,1,29,2026-05-25,3.15,4,341,29,STR-852-690
1502917841767036049,Modern Private Suite • Full Kitchen • Free Parking,456695003,1502917842761449172,Oksana,,College,45.3513,-75.74425,Entire home/apt,228,1,34,2026-06-22,5.34,1,280,34,STR-853-405
1503576633249619572,Cozy place long stay at the best price in Ottawa,486026361,1470187880164620159,Victor,,Innes,45.44517252489114,-75.52126604723253,Private room,46,30,2,2025-12-09,0.23,18,299,2,
1503649104353750734,great location in Wellington west near shopping,674358249,1470688710739955803,Omar,,Kitchissippi,45.397022,-75.7368951,Entire home/apt,153,30,2,2026-04-30,0.25,3,357,2,
1503744544602405585,Urban 3BR Getaway Walk to ByWard Market- UOttawa,493972885,1470223815394023643,Theo And Madison,,Rideau-Vanier,45.42232,-75.67822,Entire home/apt,359,1,119,2026-06-15,12.31,1,337,119,STR-971-568
1504013097060161913,Relaxing Queen Bed+Workspace. Near Downtown Ottawa,210023080,1469095776846334236,Ali,,Rideau-Rockcliffe,45.42895,-75.65501,Private room,48,30,0,,,6,365,0,
1504570234338253955,1 Bed 1 Bath Apartment (1 Year Sublet),125413521,1462929133385001997,Yazeed,,Kitchissippi,45.40234,-75.72802,Entire home/apt,4,365,0,,,1,365,0,
1505251136905140226,Large Private Space w/ Ensuite Bathroom & Parking,716699897,1500846500252361237,Martin,,Rideau-Vanier,45.42536,-75.6733,Private room,160,1,25,2026-06-19,2.72,2,350,25,STR-853-024
1505456593005854216,"Modern, bright condo. Minutes from downtown.",47889428,1462708061477247522,Norma,,Capital,45.38428005450774,-75.6732377037406,Entire home/apt,80,30,1,2026-05-31,1,2,96,1,
1505673685417690306,Jayden,459268526,1505180924158773877,Flourish,,Stittsville-Kanata West,45.25785,-75.90446,Private room,63,31,0,,,1,365,0,
1505904174110237613,Heart of old Ottawa South,50514485,1505904174793488831,Donna,,Capital,45.39157,-75.68465,Entire home/apt,236,1,8,2026-06-22,5.00,1,80,8,STR-855-422
1506566786616525034,A beautiful home in Ottawa,486026361,1470187880164620159,Victor,,Innes,45.4444957206966,-75.51955971794757,Private room,40,30,1,2026-05-31,1,18,365,1,
1506585242097902213,Perfect home for a good stay,486026361,1470187880164620159,Victor,,Innes,45.44330252549586,-75.520881396892,Private room,43,30,1,2025-11-01,0.13,18,365,1,
1506703742706976389,V3 You'll love this apartment!,417799875,1469898712961803872,Louise,,Innes,45.4646608730304,-75.52027942402682,Entire home/apt,51,90,0,,,7,243,0,
1507208237402759614,New Edinburgh | 4 BD Beautiful Home,28311800,1506881728837805463,Michael,,Rideau-Rockcliffe,45.444233068609186,-75.67780411288746,Entire home/apt,583,2,20,2026-06-11,2.26,1,65,20,STR-852-279
1507388956096296791,Comfortable Quiet Room - Near Airport,718344520,1507388956936958768,Adam,,Gloucester-Southgate,45.37265,-75.61634,Private room,90,1,37,2026-06-09,5.09,5,356,37,STR-854-692
1507508064080846913,Spacious Master Bedroom Near Kanata,656036045,1507508064717097177,Samander,,College,45.31896,-75.83113,Private room,39,30,0,,,2,365,0,
1508177419954683329,Spacious studio,403047905,1469847326393301843,Sharmilee,,Rideau-Goulbourn,45.2387229,-75.7491373,Entire home/apt,73,30,0,,,4,365,0,
1508758191051621942,Perfect Place in Ottawa for Quiet Living - 171,486026361,1470187880164620159,Victor,,Barrhaven,45.26129159843144,-75.75102479439283,Private room,77,30,0,,,18,356,0,
1510168801676986017,Room Steps Uottawa Train Station & Parliament,510569116,1470295688584794699,Carlos,,Rideau-Vanier,45.421836129388915,-75.67999657558283,Private room,52,30,1,2025-09-28,0.11,26,365,1,STR-563-213
1510384707968276305,Studio privé dans un sous-sol avec salle de cinéma,194370575,1469012730736456465,Carole,,Barrhaven,45.25479,-75.73768,Entire home/apt,103,2,33,2026-06-11,3.74,1,337,33,STR-848-289
1510554479549067233,Britannia Beach House,57213938,1510554480303140805,Shawn & Shana,,Bay,45.3566,-75.80115,Entire home/apt,185,30,0,,,1,265,0,
1511236064798464294,Monthly rental only - 1BDR apartment,141421870,1468397623306684069,Lionel,,Capital,45.40436,-75.70199,Entire home/apt,70,30,1,2026-04-07,0.38,1,141,1,
1511266860859430802,Modern Ensuite room very close to amenities,709482057,1508069042220921730,Emmanuel,,Stittsville-Kanata West,45.28121,-75.91502,Private room,149,1,21,2026-06-21,2.32,4,245,21,STR-851-645
1511269336589903074,Modern Spacious Queen Bed. Near Downtown Ottawa.,711664670,1510554290970153070,Phi,,Rideau-Rockcliffe,45.43324,-75.63722,Private room,86,1,90,2026-06-06,9.82,5,329,90,STR-846-281
1511276075030510065,Modern room close to amenities,709482057,1508069042220921730,Emmanuel,,Stittsville-Kanata West,45.280039746161414,-75.91383756461481,Private room,91,1,19,2026-06-21,2.06,4,360,19,STR-851-645
1511278262190118046,Huge Master Oasis with private bathroom,191000580,1463099280872421301,Margaret,,Barrhaven,45.26299316899458,-75.75487349257041,Private room,46,30,1,2025-12-03,0.15,3,178,1,
1511296636823767208,Peaceful Queen Bed+Workspace. Near Downtown-Ottawa,711664670,1510554290970153070,Phi,,Beacon Hill-Cyrville,45.431803954544066,-75.63668028310158,Private room,84,1,57,2026-05-24,6.90,5,348,57,STR-846-281
1511297105911359740,Modern Queen Bed. Downtowm-Ottawa. Private Room,210023080,1469095776846334236,Ali,,Rideau-Vanier,45.43041,-75.65473,Private room,48,30,1,2025-12-22,0.16,6,358,1,
1511476936498164990,Private Twin Bed+Workspace. Near Downtown-Ottawa.,711664670,1510554290970153070,Phi,,Rideau-Rockcliffe,45.43230737611029,-75.63817830328875,Private room,74,1,72,2026-06-08,7.85,5,331,72,STR-846-281
1511484561508381082,Tranquil Queen Bed+Workspace. Near Downtown-Ottawa,711664670,1510554290970153070,Phi,,Rideau-Rockcliffe,45.43232623515494,-75.6371674563606,Private room,93,1,66,2026-06-09,7.23,5,328,66,STR-846-281
1511488905061673630,"Ottawa luxury 1br queen suite, wifi, near DT",711664670,1510554290970153070,Phi,,Beacon Hill-Cyrville,45.431958362103565,-75.63641847182689,Private room,93,1,60,2026-06-10,6.62,5,360,60,STR-846-281
1511513948596661227,cozy room close to everything,709482057,1508069042220921730,Emmanuel,,Stittsville-Kanata West,45.28110731455245,-75.91342428788079,Private room,91,1,20,2026-05-06,2.20,4,268,20,STR-851-645
1511935176217989515,Modern New-Build Suite in Hintonburg,20069298,1463098612943473541,Mackenzie,,Kitchissippi,45.4044827,-75.72749139999999,Entire home/apt,96,30,1,2026-04-30,0.54,2,205,1,
1512284894520036172,Affordable Furnished Apartment,49022691,1465745555933003168,Carol,,Somerset,45.414706665022955,-75.6930689137363,Entire home/apt,75,30,0,,,5,118,0,
1512319277775668813,Come be our guest in cozy country living style.,109915206,1468169828186278874,Jennifer,,Rideau-Goulbourn,45.18778,-75.79173,Entire home/apt,314,1,22,2026-06-21,2.88,1,209,22,STR-853-665
1512339390397413056,Room DownTown Across Uottawa Steps Parliament,146743514,1462976440086375646,Frits,,Rideau-Vanier,45.42397,-75.68017,Private room,40,30,4,2025-10-29,0.46,28,365,4,STR-413-642
1512475107967626297,Beautifully Furnished 3-Bedroom Home,66190971,1462771162645398738,Luis,,Gloucester-South Nepean,45.31620986772801,-75.59185006508179,Entire home/apt,172,30,0,,,26,301,0,
1513379416042061891,Modern Comfort Central Barrhaven 2 Bedroom Ensuite,719734124,1513379416738154497,Ross,,Barrhaven,45.2653474,-75.7546069,Entire home/apt,166,30,3,2026-06-05,0.52,1,89,3,
1513400658050643836,Spacious house at Findlay Creek,568282266,1470528083096627727,Maggie,,Gloucester-South Nepean,45.3255399,-75.60848,Entire home/apt,159,30,1,2026-03-06,0.27,5,332,1,
1513531778451852804,Central & Spacious Queen Bed. Near DT Ottawa.,701372802,1470744332759646284,Fahad,,Rideau-Vanier,45.43026,-75.65641,Private room,44,30,1,2026-05-01,0.55,4,297,1,
1513536629830751759,Tranquil Queen Bed+Workspace. Near Downtown Ottawa,701372802,1470744332759646284,Fahad,,Rideau-Rockcliffe,45.428830607198904,-75.65667384240537,Private room,42,30,1,2026-03-31,0.35,4,312,1,
1513541950692153233,Peaceful Queen Bed+Workspace. Near Downtown Ottawa,701372802,1470744332759646284,Fahad,,Rideau-Rockcliffe,45.42860394047775,-75.65585038093013,Private room,47,30,0,,,4,340,0,
1513561873071530227,Aesthetic Queen Bed+Workspace-Near Downtown Ottawa,701372802,1470744332759646284,Fahad,,Rideau-Rockcliffe,45.429240667675145,-75.65441013175051,Private room,46,30,2,2026-05-30,0.29,4,319,2,
1513951785842108755,Room - minutes from the Airport and Downtown,719856278,1513932851900469047,Ky,,Knoxdale-Merivale,45.325178188015414,-75.7780733332325,Private room,101,1,5,2026-05-19,0.54,1,362,5,Exempt
1515266729995240904,Cozy & Peaceful Ground-Floor Space Near Hospitals,185050703,1468956624057126324,Alp,,Alta Vista,45.40170364475163,-75.62686901539564,Private room,71,1,18,2026-06-20,3.02,1,301,18,STR-853-067
1516010064385111265,Retreat & Recharge | Private Pool + Hot Tub Oasis,53873054,1516010065110376812,John,,College,45.36445,-75.75204,Entire home/apt,1347,1,36,2026-06-15,5.29,3,350,36,STR-853-523
1516062143911383472,Garden City Farm: The Oval Blue Room,431625336,1469954264014749184,Bethany,,Rideau-Goulbourn,45.18443,-75.85585,Private room,135,2,8,2026-05-31,1.85,2,361,8,STR-853-791
1516075442017546721,Garden City Farm: The Pigeon Room,431625336,1469954264014749184,Bethany,,Rideau-Goulbourn,45.18492,-75.85581,Private room,117,2,9,2026-06-14,2.08,2,358,9,STR-853-791
1516132854390527191,Cozy unit near airport with free parking in Ottawa,683991369,1516132855254773581,Julietta,,River,45.34639,-75.67483,Entire home/apt,149,1,91,2026-06-22,10.00,1,326,91,STR-855-290
1516993377472227292,Work-Ready 1BR | Desk + Fast Wi-Fi + Parking,720568001,1516993378166398714,Claude,,Rideau-Rockcliffe,45.4270657,-75.6569232,Entire home/apt,93,30,0,,,1,275,0,
1517672135232604815,Spacious private basement suite,403047905,1469847326393301843,Sharmilee,,Barrhaven,45.25413,-75.74027,Private room,76,30,0,,,4,365,0,
1517988352543136486,"Single house - close to downtown, shops, hospital",67330347,1517988353163466562,Alain,,Alta Vista,45.39328,-75.65219,Entire home/apt,148,30,3,2026-06-13,0.67,1,260,3,
1519058531690652705,Modern Renovated 3BR | Long-Term Stay | Workspace,466089949,1470100959876533647,Julie,,Rideau-Vanier,45.43561,-75.66679,Entire home/apt,144,31,0,,,3,357,0,
1519205908514037049,Cozy Stay Near Kanata in Nepean,656036045,1507508064717097177,Samander,,College,45.31728,-75.82905,Private room,44,30,0,,,2,296,0,
1519541814005174709,Cozy Room # 3,494353067,1463834883972447139,Maryam,,Knoxdale-Merivale,45.36490728988833,-75.71931841018812,Private room,48,30,0,,,2,349,0,
1519874796526930380,Beautiful Home in Ottawa,486026361,1470187880164620159,Victor,,Innes,45.44336888685335,-75.5187813651017,Private room,44,30,1,2026-05-11,0.67,18,333,1,
1519881317508515236,Stylish Home in Ottawa,486026361,1470187880164620159,Victor,,Innes,45.44401716739671,-75.519595958698,Private room,40,30,1,2025-12-12,0.15,18,358,1,
1519886221765560485,Elegant Home in Ottawa,486026361,1470187880164620159,Victor,,Innes,45.443899599403885,-75.52017950266007,Private room,40,30,1,2026-05-20,0.83,18,334,1,
1519892287547902708,A perfect place for you in Ottawa,486026361,1470187880164620159,Victor,,Innes,45.44504,-75.52077,Private room,40,30,0,,,18,297,0,
1519916392818399522,Very Clean Home in Ottawa,486026361,1470187880164620159,Victor,,Barrhaven,45.25078595382719,-75.75982012785082,Private room,74,30,0,,,18,365,0,
1520442231475101313,Private Basement Suite - Free Parking & Fast WiFi,114629907,1462905604204383996,Ben,,Cumberland,45.47521,-75.46595,Private room,86,2,44,2026-06-19,8.41,1,319,44,STR-853-674
1520561855048059682,"Comfortable, chic fully furnished house.",169755097,1520561855809933467,Nadia,,Orleans,45.4798,-75.46427,Entire home/apt,,2,0,,,1,355,0,Exempt
1521231994285627803,Room in a speciousTownhouse,557876987,1470494463201142969,Raj,,Barrhaven,45.27107,-75.77244,Private room,99,30,0,,,1,365,0,
1521277620868590074,Room near airport and transit,2909147,1521277621637557728,Fuad,,River,45.34693,-75.66237,Private room,37,30,0,,,1,365,0,
1522006008492674482,1 Bedroom Coach House In Centertown,85297148,1467028662565408108,Short And Suite BnB,,Somerset,45.41141,-75.696,Entire home/apt,89,30,1,2025-11-26,0.14,28,69,1,
1522809506476096337,Hintonburg Long Term Stay - From September 2026,8870600,1522809507134428402,Michela,,Kitchissippi,45.40696,-75.72946,Entire home/apt,,30,0,,,1,298,0,
1523576595507648505,Cozy Room # 2,494353067,1463834883972447139,Maryam,,Knoxdale-Merivale,45.36483534633861,-75.71916318009626,Private room,49,30,1,2025-12-01,0.15,2,351,1,
1523986446090418078,Comfy & Peaceful Queen Bed. Near Downtown Ottawa.,210023080,1469095776846334236,Ali,,Rideau-Rockcliffe,45.42907,-75.65477,Private room,43,30,0,,,6,328,0,
1525581406708052710,Spacious Newly Renovated Suite Near Airport,90613568,1525581407405896574,Nitasha,,River,45.3526955,-75.6602175,Entire home/apt,85,30,4,2026-05-08,0.56,1,179,4,
1525698187035020603,New! Near Civic Hosp + public transport. Parking,687060767,1525698187687917212,Maya,,Kitchissippi,45.40341668321648,-75.73046263307333,Entire home/apt,142,30,3,2026-06-19,0.48,2,204,3,
1525743818100940584,Spacious 4-Bed Townhouse w/Parking,557985284,1469660395082703976,Leslie,,Rideau-Rockcliffe,45.4432223,-75.67143970000001,Entire home/apt,434,1,36,2026-06-07,4.29,1,192,36,STR-841-714
1526139119920703549,Private Cozy 3 Bedroom Unit. All inclusive,714963400,1493433041033589631,Jems,,Barrhaven,45.25117322395413,-75.75890676341379,Entire home/apt,272,1,23,2026-05-31,2.79,4,342,23,STR-852-690
1526257927409789379,Urban Community - Wateridge/Rockcliffe,722493822,1525498035019369704,Geoff,,Rideau-Rockcliffe,45.45255592555426,-75.6303065042103,Entire home/apt,93,30,1,2026-05-17,0.77,1,120,1,
1526871066979532466,Exclusive Estate w. Wraparound Balcony & PoolTable,52810809,1462724120263243070,Natalie,,College,45.34897,-75.73668,Entire home/apt,110,30,0,,,21,237,0,
1527009164886062153,"Spacious basement apt.
10 mins to CHEO & Hospital",52546906,1527009165700423905,Andy,,Alta Vista,45.39652,-75.63786,Entire home/apt,120,1,10,2026-06-21,1.49,1,11,10,STR-854-155
1527024348819398310,Cozy Private Room in quiet Home | Good Location,199186604,1469038075224549643,Malcolm,,Barrhaven,45.24482,-75.73894,Private room,50,30,0,,,1,87,0,
1527655979704986556,Cozy Hintonburg Apartment,287509890,1469499786530511171,Johanne,,Kitchissippi,45.4015482,-75.7230969,Entire home/apt,37,30,0,,,1,326,0,
1531680371437370241,"Ottawa Barrhaven home,3BR 2.5BA | Loft+Balcony",723922324,1531590980706362137,Lily,,Barrhaven,45.26025,-75.75598,Entire home/apt,149,30,0,,,1,309,0,
1531853867394041767,Waterfront Oasis in the Heart of Ottawa,426444503,1531853868327196533,Colleen,,Bay,45.35793,-75.80556,Private room,143,3,0,,,1,355,0,Exempt
1531899849392953282,Private 2-acre forest retreat near Ottawa,257869858,1469362473469235431,Bara,,West Carleton-March,45.30565,-76.07852,Entire home/apt,583,2,14,2026-06-07,2.01,2,278,14,STR-852-699
1531938380765443265,5BD Retreat | Near Bayshore & Trails,475319012,1470143009456794684,Jasmine,,Bay,45.34753199180318,-75.83629245280308,Entire home/apt,243,30,1,2026-02-25,0.25,10,329,1,
1532041464135605295,Charming 1‑Bedroom Getaway in a Peaceful Townhome,711000861,1532041464765432729,Eve,,Stittsville-Kanata West,45.27732,-75.89446,Private room,65,30,0,,,1,335,0,
1532537384835935563,Modern Apartment in Ottawa,75569268,1462815646796138134,George,,Rideau-Vanier,45.43873230481694,-75.65903863130251,Entire home/apt,242,1,65,2026-06-03,8.16,1,144,65,STR-843-054
1532616687793188818,Cozy Retreat in the Heart of Altavista 3,27169033,1465401248967560903,Emma,,Alta Vista,45.39552,-75.66616,Private room,53,30,0,,,2,298,0,
1532666501579761777,Cozy 1BR Walkout Apartment – Your home in Kanata!,198818298,1532666502453630719,Beverly,,Kanata South,45.2843,-75.88443,Entire home/apt,153,2,17,2026-06-14,2.51,1,218,17,STR-854-665
1533296773458514591,3 Bedrooms Downtown Apartment,714834159,1493474557288390860,"Atallah,Khalil Atallah",,Rideau-Vanier,45.4329377,-75.6850789,Entire home/apt,342,1,7,2026-06-06,0.92,1,13,7,STR-838-410
1533630725734172677,House w/Garage - near Rockcliffe - For two,495868774,1470231651689902069,Salim,,Rideau-Rockcliffe,45.45213918244664,-75.63151055975536,Entire home/apt,232,2,9,2026-05-06,1.17,2,40,9,STR-847-191
1534299739275998331,Uottawa Room Steps parliament hill & Rideau center,146743514,1462976440086375646,Frits,,Rideau-Vanier,45.4217995950724,-75.68045976234156,Private room,101,30,0,,,28,365,0,STR-413-642
1535021624544608733,"Luxury 2BR, Private Entry, Parking, Near Airport.",175897509,1468705169180239669,Olu,,Osgoode,45.3209,-75.58509,Entire home/apt,231,1,4,2026-05-28,2.86,1,343,4,STR-855-024
1536364193556660724,Cozy 2-bedroom in Ottawa with free parking,724999389,1536364194354271030,Triumph Services,,West Carleton-March,45.31732,-76.03815,Entire home/apt,117,30,0,,,1,365,0,
1536436598620357261,Casa Veríssimo,724063007,1536296055451278041,Verissimo,,Gloucester-South Nepean,45.3165296588361,-75.5985165518223,Entire home/apt,226,2,7,2026-06-21,5.53,1,185,7,STR-854-158
1536471553172706989,Cassie’s House,725030394,1536471553864471932,Filipe,,Innes,45.43704,-75.51266,Entire home/apt,240,2,27,2026-06-21,4.33,1,262,27,STR-854-160
1536509060034573997,Beachwood Village Retreat,725038986,1536509060675941200,Jeff,,Rideau-Vanier,45.43961,-75.66517,Entire home/apt,98,30,3,2026-06-15,0.77,1,257,3,
1536549405716209680,Bright & Cozy-Chic Home in Findlay Creek Ottawa,283820416,1532217758416592228,Dr. Ben,,Osgoode,45.30364,-75.59705,Entire home/apt,73,30,1,2026-02-28,0.26,1,140,1,
1537267818579562578,King bed - (#e)Private Room in Ottawa,406099841,1469857596030273804,Shiva,,Stittsville-Kanata West,45.26388,-75.89636,Private room,67,1,40,2026-06-19,5.22,2,72,40,STR-852-092
1537662115997930802,Spacieux et élégant appartement privé au sous-sol,526174822,1537662116637580340,Kiki,,Barrhaven,45.23965,-75.72932,Entire home/apt,77,30,0,,,1,296,0,
1538002264466440147,Stylish 2BR Suite · Own Entrance · Findlay Creek,724292051,1533177156302612954,Simon,,Gloucester-South Nepean,45.304,-75.60033,Entire home/apt,108,30,1,2026-05-05,0.59,2,235,1,
1538445737246374605,Spacious Single Nest in Centertown,678126070,1538445738030892726,Bed & Coffee,,Rideau-Vanier,45.43129,-75.66632,Private room,32,30,1,2026-05-31,0.91,1,303,1,
1539192031284965988,Private single or double steps Uottawa &Parliament,510569116,1470295688584794699,Carlos,,Rideau-Vanier,45.42242,-75.6787,Private room,39,30,0,,,26,365,0,STR-253-612
1542288970769153835,Executive Suite 3BR - Close to Downtown Ottawa,530679155,1470384057080703493,Oliver,,Rideau-Rockcliffe,45.4403775,-75.6790098,Entire home/apt,137,30,1,2026-03-02,0.26,2,340,1,
1542348055697931810,2 King Beds - 2 Private Rooms in Ottawa,406099841,1469857596030273804,Shiva,,Stittsville-Kanata West,45.26445,-75.89514,Private room,149,1,26,2026-06-13,3.77,2,57,26,STR-852-092
1542372208762585318,Modern 2BR Townhome w/ Garage – Orleans/Ottawa,153770045,1542372209536069394,Odette,,Cumberland,45.498235,-75.466359,Entire home/apt,143,30,0,,,1,318,0,
1542725781246366266,Basement Studio Point Vidame.,466743267,1542725782193833093,Oludare,,Osgoode,45.24394,-75.62847,Entire home/apt,106,30,0,,,1,89,0,
1542876220881244774,Modern luxe escape in Ottawa | mins to Tanger&CTC,726516335,1542876221899897677,Abby,,West Carleton-March,45.31209731599421,-76.04061130854507,Entire home/apt,338,1,9,2026-06-26,3.60,1,28,9,STR-854-488
1543083190924916663,Modern Comfort Meets Luxury – Executive Glasshouse,450234698,1470027448037962900,Modern,,Orleans,45.48507,-75.48052,Entire home/apt,889,1,13,2026-06-06,1.88,7,224,13,STR-853-094
1543595804527408747,Executive Style Apartment,417799875,1469898712961803872,Louise,,Stittsville-Kanata West,45.27826096965618,-75.91412594822799,Entire home/apt,52,90,0,,,7,315,0,
1543621127922875723,Modern Central 2 Bedroom condo with Free Parking,16029536,1462596311294253429,Korosh,,Rideau-Vanier,45.44285625319522,-75.65684932752993,Entire home/apt,77,30,1,2026-02-01,0.21,7,35,1,
1544554399961030524,Cozy & Modern 3-Bed Home Near Downtown & Hospital,426736720,1469934309865617704,Natalie,,Orleans,45.46913,-75.54784,Entire home/apt,,1,8,2026-02-22,1.20,1,0,8,STR-854-130
1544832779443262565,Private Single Or Double Room Across Uottawa,510569116,1470295688584794699,Carlos,,Rideau-Vanier,45.42205924029383,-75.67915201159623,Private room,43,30,1,2025-11-26,0.14,26,365,1,STR-253-612
1545071082103463789,Modern Private Retreat - Entire Unit AC,53873054,1516010065110376812,John,,College,45.36357,-75.75183,Entire home/apt,206,1,13,2026-06-20,2.57,3,331,13,STR-853-523
1545295205997043625,New! Near Civic Hosp + public transport.,687060767,1525698187687917212,Maya,,Kitchissippi,45.40425,-75.73161,Entire home/apt,72,30,1,2026-02-19,0.24,2,185,1,
1545678599696926062,Modern Downtown Studio Retreat,37253652,1465556574139031893,Ameer,,Kitchissippi,45.40833420588681,-75.73323960730845,Entire home/apt,128,30,0,,,9,359,0,
1545854284448837839,Cozy Kanata Haven,253508337,1545854285136439729,Michelle,,Kanata South,45.30699,-75.90239,Entire home/apt,111,30,0,,,1,170,0,
1550305924742931769,Modern & Bright 3BR in Westboro | Near Downtown,185264176,1566906129596371555,Marc,,Kitchissippi,45.3849216,-75.746706,Entire home/apt,194,30,2,2026-04-29,0.43,1,104,2,
1552136956895835731,"201 Cathcart St, Private Studio | Walk to uOttawa",114567457,1462905499514042885,Daniel,,Rideau-Vanier,45.43414720821431,-75.69389674812555,Entire home/apt,67,30,3,2026-03-15,0.54,2,235,3,
1552395353345563414,"Cute, Clean & Cozy 2-Bedroom in Heart of Downtown",728743123,1552395354171105559,Willow,,Capital,45.41249,-75.68256,Entire home/apt,128,31,0,,,1,365,0,
1552509993399034844,Cozy room space,486026361,1470187880164620159,Victor,,Innes,45.44494,-75.52109,Private room,40,30,0,,,18,365,0,
1553171456036852591,Chic Hotel-Style Studio by Lansdowne& Rideau Canal,236634083,1553171456726896853,Domenico,,Capital,45.39677,-75.68594,Entire home/apt,70,30,1,2026-04-26,0.50,1,96,1,
1553685505526348201,Luxury Stay-Minutes from Kanata Tech Hub,253320251,1463306840401033370,Besha,,West Carleton-March,45.31039,-76.07269,Entire home/apt,181,30,0,,,2,270,0,
1553749616538420637,4Bdrm Stittsville/Kanata Townhouse/Dbl Car Garage,62841595,1466775530308438633,Pete,,Stittsville-Kanata West,45.2908986,-75.91675359999999,Entire home/apt,471,4,23,2026-06-29,3.01,2,123,23,STR-827-560
1553951970306632772,Century home in quiet downtown neighborhood,40134741,1553951970909974281,Tricia,,Rideau-Vanier,45.42972327820951,-75.678105509039,Entire home/apt,264,3,13,2026-06-29,2.07,1,11,13,STR-854-744
1554075032028130065,"Sleek & Cozy Basement Suite in Barrhaven, Ottawa",397942212,1469830703403717129,Toba,,Barrhaven,45.27159,-75.7689,Entire home/apt,284,1,6,2026-06-14,0.84,2,235,6,STR-849-377
1554085374325674070,Comfy Oasis Queen Room in Barrhaven,397942212,1469830703403717129,Toba,,Barrhaven,45.2722,-75.76967,Private room,157,1,3,2026-06-08,0.63,2,235,3,STR-849-377
1556134779242146099,3 bedroom (or 2 + office) East-Central Ottawa,1959431,1462582781911397555,Paul,,Rideau-Vanier,45.44326,-75.66009,Entire home/apt,83,30,0,,,13,365,0,
1557471116444081646,"Downtown,2-Room Studio, Private Bath",290148260,1469508197292316270,Vincent,,Rideau-Rockcliffe,45.44281,-75.67763,Entire home/apt,36,31,0,,,5,206,0,
1557669138455865835,Entire 1 bedroom unit-large room East-Central Ott,1959431,1462582781911397555,Paul,,Rideau-Vanier,45.44285,-75.66105,Entire home/apt,54,30,0,,,13,365,0,
1558031019832494306,The Hintonburg House,147439063,1468445805534775454,Matthew,,Kitchissippi,45.40546,-75.72777,Entire home/apt,,2,20,2026-05-31,4.32,2,23,20,STR-853-975
1558409646075390545,Spacious Priv Female only Master Bedroom w/Ensuite,696559946,1529338431477588698,Bouchra,,Gloucester-Southgate,45.33946,-75.6708,Private room,133,2,2,2026-05-24,1.54,2,361,2,STR-854-735
1559119496112754210,Modern Suite - Walk in Closet - Private Bathroom,718344520,1507388956936958768,Adam,,Gloucester-Southgate,45.37331534920667,-75.61694663983927,Private room,109,1,28,2026-06-04,4.00,5,348,28,STR-854-692
1560183980441306159,Private Room Across The University Of Ottawa,510569116,1470295688584794699,Carlos,,Rideau-Vanier,45.42199,-75.67849,Private room,69,30,0,,,26,365,0,STR-253-612
1560660477274903238,Relaxing Room with Warm Modern Vibes-near airport,718344520,1507388956936958768,Adam,,Gloucester-Southgate,45.374811602680026,-75.61511078637032,Private room,92,1,17,2026-06-10,2.41,5,359,17,STR-854-692
1561142971780860057,Student rental in Byward Market!,716526505,1561142972394766197,Ariane,,Rideau-Vanier,45.43201,-75.6936,Private room,13,120,0,,,1,365,0,
1561165968040724840,Kat House 2,3866792,1462641354632795123,Kathryn,,Rideau-Rockcliffe,45.45131839890592,-75.65938317012532,Private room,44,30,1,2026-03-31,0.35,2,265,1,
1561764888510383210,"The Keon Hotel, Rm #3 (2 Queen Beds)",710870974,1477895829094532053,Ryan,,Rideau-Vanier,45.42772,-75.69342,Private room,242,1,12,2026-06-10,2.45,6,175,12,Exempt
1561775525745590180,"Modern Studio| Gloucester, Ottawa",667743087,1470675361706836418,Guillaume,,Beacon Hill-Cyrville,45.42511,-75.63082,Entire home/apt,89,31,1,2026-03-20,0.31,10,219,1,
1561959495243141088,4BD Home in Orleans w/ Heated Pool,66190971,1462771162645398738,Luis,,Orleans,45.47342884550521,-75.52812088266914,Entire home/apt,349,2,24,2026-06-20,4.36,26,52,24,STR-854-867
1562270970655898433,"Modern Condo: Steps to Downtown, Airport, Shops",409551845,1469869879637099030,Marco,,Knoxdale-Merivale,45.334449123044074,-75.74286866628412,Entire home/apt,,5,10,2026-06-22,1.48,2,16,10,STR-856-208
1562304473958723555,"The Keon Hotel, Rm #4 (King Bed)",710870974,1477895829094532053,Ryan,,Rideau-Vanier,45.4286043,-75.6944647,Private room,274,1,7,2026-05-24,1.42,6,153,7,Exempt
1562304941876687206,2BR/1.5BA Home For Monthly Stays With Fenced Yard,696668853,1470734980916959318,Jenn,,Bay,45.3474228,-75.8188424,Entire home/apt,215,30,1,2026-03-31,0.35,5,132,1,
1562311066062571744,"The Keon Hotel, Rm #5 (King Bed)",710870974,1477895829094532053,Ryan,,Rideau-Vanier,45.4286043,-75.6944647,Private room,274,1,7,2026-05-25,1.39,6,186,7,Exempt
1562321905597771153,"The Keon Hotel, Rm #6 (King Bed)",710870974,1477895829094532053,Ryan,,Rideau-Vanier,45.4286043,-75.6944647,Private room,302,1,11,2026-05-24,2.29,6,184,11,Exempt
1562392366582947849,All-Included Studio | Ottawa East,667743087,1470675361706836418,Guillaume,,Beacon Hill-Cyrville,45.4236,-75.63201,Entire home/apt,97,30,0,,,10,272,0,
1562403252239009533,Smart Studio | Ottawa East,667743087,1470675361706836418,Guillaume,,Beacon Hill-Cyrville,45.42453,-75.63147,Entire home/apt,74,30,0,,,10,252,0,
1562431865732503468,All-included studio | Full Kitchen in Ottawa,667743087,1470675361706836418,Guillaume,,Beacon Hill-Cyrville,45.42544112344484,-75.63000579756734,Entire home/apt,97,30,1,2026-05-03,0.57,10,274,1,
1562484756006073409,Entire 1 bedroom unit: Ottawa East-Central,1959431,1462582781911397555,Paul,,Rideau-Vanier,45.4421976331536,-75.66161242661776,Entire home/apt,43,30,0,,,13,364,0,
1562698506353669551,4Bds/4Baths/Rockview BKYD home near Kanata Centrum,198748428,1463137781746445989,Stephanie,,Kanata North,45.31437351289239,-75.93866730514449,Entire home/apt,283,30,1,2026-05-03,0.57,1,335,1,
1563084805748558347,Studio with river view / Riverflow,731042475,1563084806428012540,Meri,,Rideau-Vanier,45.42986,-75.6723,Private room,60,31,0,,,7,331,0,
1563180807438377298,4BR w/double Garages nearby Kanata Centrum,483953215,1470178987450042996,Nathan,,Kanata North,45.3047727524622,-75.92927649622735,Entire home/apt,214,30,0,,,1,326,0,
1563298203569048125,"Cozy Room near DT/St-Laurent - Wifi, parking",395364713,1563298204209891589,Yann,,Alta Vista,45.41939,-75.64189,Private room,118,1,16,2026-06-21,2.47,2,136,16,STR-851-218
1563474560875438587,Nuevo Premium Monthly Rental - Kanata-Stittsville,6357495,1563474561816356644,Mokhtar,,Stittsville-Kanata West,45.28171684330145,-75.89459517301634,Entire home/apt,95,30,1,2026-03-16,0.30,1,273,1,
1564091005452455929,Modern&Cozy Room in Quiet Home Near airport,718344520,1507388956936958768,Adam,,Gloucester-Southgate,45.372472395060086,-75.615296010859,Private room,90,1,33,2026-05-29,4.93,5,360,33,STR-854-692
1564681902108363609,Turnkey 2BR Apt Near QCH With Yard And Carport,696668853,1470734980916959318,Jenn,,Knoxdale-Merivale,45.3267868,-75.76689329999999,Entire home/apt,159,30,1,2026-05-20,0.83,5,142,1,
1565245678381896389,Modern and Cosy Room,492541855,1565245679011759030,Tayo,,Innes,45.44547370402266,-75.52070885302294,Private room,46,30,0,,,4,236,0,
1565398081261505339,Private & Spacious 2 Bed Apt w/ Separate Entrance,731626848,1565398081911891279,Ana,,College,45.35179,-75.74623,Entire home/apt,205,1,14,2026-06-22,2.92,1,294,14,STR-852-657
1565481811128841027,The Bay Crib,472682072,1470131870210567985,Gaby,,West Carleton-March,45.49107,-76.07646,Entire home/apt,176,2,5,2026-06-18,0.85,1,269,5,STR-854-448
1566050206820320982,Comfortable studio room in modern home,82928249,1467005035089279063,Roland,,Barrhaven,45.2616,-75.74545,Private room,90,1,15,2026-06-21,4.41,1,244,15,STR-855-041
1566910020300906712,Private Spacious Room with En-suite Bath,492541855,1565245679011759030,Tayo,,Innes,45.44457405806322,-75.51896823892791,Private room,53,30,0,,,4,270,0,
1566963262158976726,"Central Downtown Room Queen Bed, Desk & Fast WiFi",651530087,1470639000552064557,Eissa,,Alta Vista,45.40741528215372,-75.64691093723313,Private room,84,1,41,2026-05-30,6.21,5,350,41,STR-844-102
1567147956099566913,A charming 4-beds home in a prosperous community,159827437,1463006684248330442,Zhe,,Gloucester-South Nepean,45.25619,-75.69024,Entire home/apt,192,30,2,2026-06-13,0.55,1,143,2,
1567456745616083094,Excellent Room with a cozy private bath,486026361,1470187880164620159,Victor,,Barrhaven,45.25116,-75.7604,Private room,83,30,0,,,18,353,0,
1567519725839743885,Private Room,714963400,1493433041033589631,Jems,,Barrhaven,45.250958275960166,-75.75745637369874,Private room,131,1,2,2026-04-26,0.32,4,349,2,STR-852-690
1567617691311425339,Elegant Stay at a Cozy Home near Downtown Ottawa,372212342,1567605529323059878,Farzaneh,,Rideau-Rockcliffe,45.43529293081749,-75.63165679633063,Entire home/apt,183,1,16,2026-06-21,8.28,1,38,16,STR-855-550
1568420805547357825,Cozy Room · Monitor + Adjustable Desk,674578738,1470689168559597708,Mehnaz,,Gloucester-Southgate,45.3714305,-75.6215063,Private room,25,30,1,2026-01-31,0.20,2,76,1,
1569758881041212253,Luxury Home in Riverside South - Monthly Rental.,305048917,1463423451553795044,Mohammad,,Gloucester-South Nepean,45.26276,-75.69679,Entire home/apt,178,31,0,,,8,235,0,
1571235433889413007,Room Rental in the Glebe Ottawa Centre,732936337,1571186669789759649,Yuqing,,Capital,45.40185,-75.69602,Private room,53,30,0,,,1,300,0,
1571298776451700894,Strathmere Country Retreat - The Stables,732965828,1571298777141744051,Strathmere Country Retreat,,Rideau-Goulbourn,45.1565944,-75.7054527,Entire home/apt,235,2,2,2026-05-15,1.13,11,216,2,STR-004-262
1571353126529701546,"Bright, beautiful house",290415304,1469509269272944946,Maha,,College,45.35881,-75.74857,Entire home/apt,146,30,0,,,5,348,0,
1571355348071026933,Strathmere Country Retreat - McGill House,732965828,1571298777141744051,Strathmere Country Retreat,,Rideau-Goulbourn,45.1565944,-75.7054527,Entire home/apt,859,2,0,,,11,272,0,STR-004-262
1571371389202280198,Strathmere Country Retreat - The Schoolhouse,732965828,1571298777141744051,Strathmere Country Retreat,,Rideau-Goulbourn,45.1565944,-75.7054527,Entire home/apt,779,2,0,,,11,272,0,STR-004-262
1571376150032103705,Strathmere Country Retreat - The Annex,732965828,1571298777141744051,Strathmere Country Retreat,,Rideau-Goulbourn,45.1565944,-75.7054527,Entire home/apt,689,2,0,,,11,230,0,STR-004-262
1571381346705502913,Strathmere Country Retreat - The Centre,732965828,1571298777141744051,Strathmere Country Retreat,,Rideau-Goulbourn,45.1565944,-75.7054527,Entire home/apt,689,2,0,,,11,233,0,STR-004-262
1571383419380184179,Strathmere Country Retreat - The Corner,732965828,1571298777141744051,Strathmere Country Retreat,,Rideau-Goulbourn,45.1565944,-75.7054527,Entire home/apt,330,2,0,,,11,270,0,STR-004-262
1572586735268835010,Luxe Apt | KING SIZE BED | @ CHEO & TOH,449301025,1470023454174156072,Eduji,,Alta Vista,45.40316933668074,-75.64423386247205,Entire home/apt,225,22,1,2026-02-06,0.22,2,273,1,STR-848-031
1573126570984924122,Private double or single room across UOttawa,146743514,1462976440086375646,Frits,,Rideau-Vanier,45.4240842422589,-75.67896418001607,Private room,86,30,0,,,28,365,0,STR-413-642
1574028684945029783,New Modern 1BR Basement Near Downtown FREE Parking,229585469,1574028685571102381,Wasan,,Rideau-Rockcliffe,45.43287,-75.64684,Entire home/apt,79,30,1,2026-05-31,1,1,183,1,
1574824286815766085,Spacious 4BR Retreat Fully equipped,733764459,1574824287633867945,Halaleh,,Barrhaven,45.27584,-75.75197,Entire home/apt,165,30,0,,,1,216,0,
1575489491619899788,Warm home in Orleans,16411158,1479883320572084436,Raidan,,Orleans,45.47589,-75.4793,Entire home/apt,109,30,1,2026-06-04,1,1,301,1,
1575507469207867646,Curated Designer Pied-à-Terre in Centretown,264466660,1469399045232081195,Benjamin,,Somerset,45.4161131,-75.68641099999999,Entire home/apt,146,30,1,2026-04-01,0.35,1,327,1,
1576143556002354239,Ready Work & Home Space: Easy Monthly Stay,18292018,1462605586009651497,Lily,,Cumberland,45.50436448380221,-75.45517903976561,Entire home/apt,188,30,0,,,3,316,0,
1576362974950070525,"Large 2000sq ft. home, backyard oasis with Jacuzzi",384996672,1469790557922932041,Gaston,,Kitchissippi,45.38749,-75.74133,Entire home/apt,428,1,19,2026-06-07,3.28,1,58,19,STR-854-433
1576971830697634975,Private Furnished Basement w/ Separate Entrance,148151221,1576971831638642157,Mohamed,,Gloucester-Southgate,45.34059,-75.62568,Entire home/apt,72,30,1,2026-03-28,0.34,1,328,1,
1577040832617274655,All-Inclusive 3BR | Family-Friendly Richmond,486268240,1604696898224911428,Gauravdeep,,Rideau-Goulbourn,45.18801,-75.83482,Entire home/apt,120,31,1,2026-04-01,0.35,1,327,1,
1578988331256589269,Studio apartment unit in the heart of Westboro,126241543,1468271093993615785,Paul,,Kitchissippi,45.39237038443863,-75.75270317287475,Entire home/apt,240,1,25,2026-06-15,4.01,2,297,25,Exempt
1579018542366598738,1 bedroom unit studio style in heart of Westboro,126241543,1468271093993615785,Paul,,Kitchissippi,45.39320570550524,-75.75308036059141,Entire home/apt,269,1,11,2026-06-13,1.90,2,320,11,Exempt
1579125074287598920,550 Willbrod Residence - Studio,731042475,1563084806428012540,Meri,,Rideau-Vanier,45.4306403,-75.6727879,Private room,60,31,0,,,7,271,0,
1579538735953586550,Best Place to Relax and Work,714963400,1493433041033589631,Jems,,Barrhaven,45.25165,-75.75922,Private room,102,1,3,2026-05-24,1.45,4,344,3,STR-852-690
1579541150147038606,Private Room At UOttawa steps to Rideau Center,510569116,1470295688584794699,Carlos,,Rideau-Vanier,45.42435,-75.67924,Private room,70,30,0,,,26,365,0,STR-261-553
1581374908961306059,Spacious Clean,307053949,1581374909629652167,Brandon,,Rideau-Goulbourn,45.23856,-75.74803,Private room,41,30,0,,,1,365,0,
1582253613108019181,Glebe Century Home,394729265,1469820933553227331,Mila,,Capital,45.4098274,-75.68592029999999,Entire home/apt,423,1,37,2026-06-22,6.31,1,72,37,STR-854-751
1582699747480559745,"Enjoy your stay in this beautiful, clean home",551614558,1470466111397750597,Bertin,,Alta Vista,45.37656,-75.66463,Entire home/apt,459,30,7,2026-06-14,1.17,1,362,7,Exempt
1583270729032113390,Room Steps To Parliament Hill And UOttawa Train,510569116,1470295688584794699,Carlos,,Rideau-Vanier,45.42393211125143,-75.68077223239577,Private room,85,30,0,,,26,365,0,STR-261-553
1584586169647561270,Penthouse Level Guest Room | Cinematic City Views,169943215,1468642783514862080,Ife,,Capital,45.41457970383084,-75.6697969019834,Private room,39,30,0,,,2,327,0,
1584838464556399071,Wheelchair Accessible Mobile Home in Navan | Quiet,52810809,1462724120263243070,Natalie,,Cumberland,45.40898,-75.39398,Entire home/apt,100,30,1,2026-02-27,0.25,21,358,1,
1584860061877823802,Room 250 meters from Uottawa and Train Station,510569116,1470295688584794699,Carlos,,Rideau-Vanier,45.42421,-75.68071,Private room,39,30,1,2026-04-05,0.37,26,365,1,STR-152-362
1584971026182715806,riverflow,731042475,1563084806428012540,Meri,,Rideau-Vanier,45.4306403,-75.6727879,Private room,87,31,0,,,7,365,0,
1585583722097237469,Strathmere Country Retreat - McGill King Studio,732965828,1571298777141744051,Strathmere Country Retreat,,Rideau-Goulbourn,45.1565944,-75.7054527,Entire home/apt,155,2,2,2026-05-16,1.13,11,273,2,STR-004-262
1585592115841603113,Strathmere Country Retreat - McGilll King Room,732965828,1571298777141744051,Strathmere Country Retreat,,Rideau-Goulbourn,45.1565944,-75.7054527,Entire home/apt,120,2,0,,,11,276,0,STR-004-262
1586299224075240633,Private Room Across Uottawa and Train Station,510569116,1470295688584794699,Carlos,,Rideau-Vanier,45.42313888262595,-75.67953083664179,Private room,92,30,0,,,26,365,0,STR-152-362
1586408178412480002,Bright & Peaceful 2 Bedroom Semi-detached home,85297148,1467028662565408108,Short And Suite BnB,,Bay,45.360760267893205,-75.78729282548694,Entire home/apt,471,2,2,2026-06-10,2,28,64,2,STR-855-268
1586433878552194433,Private Room single or Double Across UOttawa,146743514,1462976440086375646,Frits,,Rideau-Vanier,45.42164764492211,-75.68050766424537,Private room,71,30,0,,,28,365,0,STR-364-532
1586583416600392819,"Flora House - Centretown 3Bds, 2Bthrms, Parking",131902723,1468319825060862575,Marie-Danielle,,Somerset,45.40828,-75.70086,Entire home/apt,350,2,35,2026-06-18,6.10,1,61,35,STR-852-952
1587750124020729407,Studio charmant au cœur de Westboro,17072391,1463001483482956626,Simon,,Kitchissippi,45.39714,-75.75772,Private room,212,2,1,2026-03-08,0.28,1,40,1,STR-856-423
1587988730140472065,"Double bed, shared kitchen, living room, bathroom",337818011,1469656305930958377,Babette,,Beacon Hill-Cyrville,45.44004,-75.60981,Private room,109,1,6,2026-05-14,2.31,4,327,6,STR-849-603
1588036910717949181,"Twin Bed, shared kitchen, bathroom, living room",337818011,1469656305930958377,Babette,,Beacon Hill-Cyrville,45.439791732584204,-75.60994368015199,Private room,80,1,4,2026-06-02,0.78,4,327,4,STR-849-603
1588043586066892839,"Private room, shared kitchen, bathroom, living rm",337818011,1469656305930958377,Babette,,Beacon Hill-Cyrville,45.43785583033573,-75.60999968323037,Private room,80,1,3,2026-06-05,1.76,4,327,3,STR-849-603
1588058175448331652,Room 1 in a Cozy single home in Westboro Ottawa,438921313,1588007120270294103,Ziad,,Kitchissippi,45.3866044,-75.75008389999999,Private room,94,3,3,2026-04-28,0.58,4,345,3,Exempt
1588692459834177002,"Room 2 in a cozy single home in Westboro, Ottawa",438921313,1588007120270294103,Ziad,,Kitchissippi,45.38772,-75.74924,Private room,112,3,0,,,4,184,0,Exempt
1588714115378683421,Room 3 in a cozy single home in Westboro Ottawa,438921313,1588007120270294103,Ziad,,Kitchissippi,45.3866044,-75.75008389999999,Private room,95,3,1,2026-01-19,0.19,4,359,1,Exempt
1588741752209186236,Hintonburg/Westboro Spacious High-end Condo,82739256,1467003133918797474,Rami,,Kitchissippi,45.40028,-75.73173,Entire home/apt,,30,0,,,1,0,0,Exempt
1589225265543527391,"Cozy Private Room in a Warm, Welcoming Home",702826435,1470746855491212096,Emmanuel,,Rideau-Goulbourn,45.18592,-75.84895,Private room,157,1,0,,,3,362,0,STR-852-686
1589230574734047437,Private Room in Quiet Home – Comfy & Convenient,702826435,1470746855491212096,Emmanuel,,Rideau-Goulbourn,45.18463,-75.84973,Shared room,157,1,0,,,3,362,0,STR-852-666
1589635736078792222,Small Room 200 Meters from University of Ottawa,146743514,1462976440086375646,Frits,,Rideau-Vanier,45.42174214578538,-75.67933771396662,Private room,84,30,0,,,28,365,0,STR-264-251
1590091976996095578,Gorgeous new home!,15487179,1487882478197767715,Fulvia,,Kanata South,45.2730419,-75.86096409999999,Entire home/apt,125,30,0,,,1,185,0,
1590096347724559741,Wateridge Executive Condo,6969076,1462720137722722040,Darren,,Rideau-Rockcliffe,45.45089,-75.6382,Entire home/apt,236,1,0,,,1,204,0,STR-855-665
1590665592429560025,Lovely Ensuite Room + parking in Barrhaven Ottawa,203567613,1469062273022967857,Daniel,,Barrhaven,45.256473589439565,-75.74474799113847,Private room,149,1,2,2026-05-28,0.46,5,190,2,STR-831-862
1591000122956183906,Downtown Apartments | No Shared Spaces,737846974,1591000123874645767,Oby,,Rideau-Rockcliffe,45.42717,-75.66026,Entire home/apt,557,30,0,,,1,364,0,
1591398820115569912,Central Victorian 2 BDRM Suite,231996613,1469236809423009180,Rhys,,Somerset,45.41355,-75.69889,Entire home/apt,43,60,0,,,2,209,0,
1591629706954237609,Stylish Room + Parking| Prime Location!,458355909,1470063713277957367,Cedric,,Osgoode,45.30594784627381,-75.59415527986468,Private room,88,30,0,,,4,330,0,
1591692128595018856,Private Ensuite Room - 30+ Day Stay in Barhaven,738077855,1591692129298502637,Lydia,,Rideau-Goulbourn,45.23994400000001,-75.7426754,Private room,51,30,0,,,1,173,0,
1592160555919952313,Little Italy Home | 4BD | Parking,66190971,1462771162645398738,Luis,,Somerset,45.39865,-75.7099,Entire home/apt,,2,19,2026-06-07,3.58,26,0,19,STR-855-004
1593495937239060133,The Orléans Condo,96021448,1593495937993833440,Shady,,Orleans,45.49032598445173,-75.49464722725604,Entire home/apt,155,30,2,2026-06-17,0.62,1,333,2,
1593496155443744104,Super classy place to stay in Ottawa,420516028,1469909371141002278,Mak,,Innes,45.44493,-75.52105,Private room,45,30,0,,,4,365,0,
1593513259724761676,Great Place to stay in Ottawa,420516028,1469909371141002278,Mak,,Innes,45.44502598387536,-75.51974086127667,Private room,46,30,0,,,4,263,0,
1593518195450795000,Ver beautiful place to stay in Ottawa,420516028,1469909371141002278,Mak,,Innes,45.44519121658085,-75.51909375101629,Private room,46,30,0,,,4,365,0,
1593527142683567153,Excellent Private Room with a Bath,420516028,1469909371141002278,Mak,,Innes,45.445035537420985,-75.51981013164259,Private room,50,30,0,,,4,266,0,
1593812620533591039,Room 4 in a Cozy single home in Westboro Ottawa,438921313,1588007120270294103,Ziad,,Kitchissippi,45.387546693204996,-75.75089289811872,Private room,99,3,4,2026-03-28,0.75,4,358,4,Exempt
1594526525953991838,Brand New Luxury Home with Hot Tub • Near Airport,738960622,1594526526508124168,Hassan,,Gloucester-South Nepean,45.30621,-75.59807,Entire home/apt,454,1,18,2026-06-15,6.75,1,320,18,STR-855-771
1595254137778895125,Cozy Private Apartment in Orléans,392675630,1595254138399589182,Steve,,Cumberland,45.46201,-75.46724990000001,Entire home/apt,77,30,0,,,1,88,0,
1595643471973296845,Private Room Not Entire Apt Across Uottawa,510569116,1470295688584794699,Carlos,,Rideau-Vanier,45.42362,-75.67852,Private room,63,30,2,2026-03-07,0.44,26,365,2,STR-363-466
1596293621381468383,Private single /double room Across Uottawa Train,510569116,1470295688584794699,Carlos,,Rideau-Vanier,45.42215,-75.6786,Private room,59,30,2,2026-05-05,0.47,26,365,2,STR-364-665
1596808362580097531,Modern & Cozy 2-Bedroom unit | 30+ Day Stay.,739639093,1596808363349610215,Lucinda,,Capital,45.37726250000001,-75.6757173,Entire home/apt,90,30,0,,,1,88,0,
1597309844366014390,Modern & Fully Furnished | 2 Bedroom | Urban local,501352533,1470254509474856813,Ryan,,Bay,45.3627434520095,-75.7932363945819,Entire home/apt,136,30,0,,,2,196,0,
1597424350919659614,"""A peaceful bungalow""",325965874,1463456738162746007,Arian,,Knoxdale-Merivale,45.3638115,-75.71913909999999,Entire home/apt,423,2,4,2026-05-24,1.50,7,326,4,STR-844-126
1597874749906387028,Luxurious Townhome near Ottawa Airport YOW,16029536,1462596311294253429,Korosh,,Osgoode,45.3082406,-75.5903584,Entire home/apt,161,30,1,2026-03-21,0.31,7,68,1,
1599655429581443083,Woodroffe Nest Room #1 ~5mins to Algonquin College,738974413,1594567923686863151,Aikay,,College,45.35703,-75.76524,Private room,55,30,0,,,2,362,0,
1599668018360008452,Woodroffe Nest Room #2 ~5mins to Algonquin College,738974413,1594567923686863151,Aikay,,College,45.35632534822718,-75.76728443265525,Private room,55,30,0,,,2,297,0,
1600723145429640219,Cozy Room with private bath in Ottawa,576163970,1600723146202132851,Ololade,,Rideau-Goulbourn,45.24162,-75.74885,Private room,112,1,0,,,1,364,0,STR-856-173
1600779643664117741,Lovely 4bd home in great neighbourhood,16029536,1462596311294253429,Korosh,,Kanata North,45.35878,-75.92579,Entire home/apt,455,3,3,2026-06-19,2.73,7,60,3,STR-851-256
1601454679682335798,4 Bed in Barrhaven | *Includes Garage & Ping Pong*,52810809,1462724120263243070,Natalie,,Barrhaven,45.25087,-75.75943,Entire home/apt,204,30,0,,,21,312,0,
1603224434210615957,"Open Studio in a Vibrant, Walkable Neighborhood",513935813,1487983349434383353,Roslind,,Somerset,45.40664,-75.69864,Entire home/apt,63,30,0,,,3,323,0,
1603694902040729873,Quiet home near all amenities,147277746,1468444467108553031,Michal,,College,45.31712161369277,-75.818368596605,Entire home/apt,,30,1,2026-05-01,0.48,1,0,1,
1604103899939969073,Alterra - McLeod Cozy Studio,143745275,1468416311422245744,Christopher,,Somerset,45.41124283461146,-75.6915153244582,Entire home/apt,,30,1,2026-04-04,0.37,3,24,1,
1604333364489361168,The Pyrite Suite,741817804,1604333365085666221,Nenman,,Innes,45.4352,-75.51869,Private room,111,1,58,2026-06-16,12.17,1,62,58,STR-851-850
1604442513244007746,Strathmere Country Retreat-Guest House King Studio,732965828,1571298777141744051,Strathmere Country Retreat,,Rideau-Goulbourn,45.15768,-75.70611,Entire home/apt,155,2,3,2026-05-16,1.67,11,234,3,Exempt
1604586569777806614,Strathmere Country Retreat-Guest House Double Room,732965828,1571298777141744051,Strathmere Country Retreat,,Rideau-Goulbourn,45.15766553727484,-75.70479520055716,Entire home/apt,140,2,0,,,11,260,0,Exempt
1604612964030781990,Strathmere Country Retreat - Guest House King Room,732965828,1571298777141744051,Strathmere Country Retreat,,Rideau-Goulbourn,45.15740564429368,-75.7057064237949,Entire home/apt,120,2,1,2026-05-22,0.88,11,261,1,Exempt
1605156049635182025,3 Bedroom Apartment for Family or Couple,486026361,1470187880164620159,Victor,,Innes,45.44327,-75.51993,Private room,115,30,1,2026-02-26,0.25,18,327,1,
1605395487070168823,New Mattresses. Spacious 4-bedroom New Build House,402635282,1469845852259349987,Saif,,Rideau-Goulbourn,45.23931169999999,-75.73937699999999,Entire home/apt,489,1,21,2026-06-11,4.44,1,224,21,STR-854-922
1606693495915152860,Cozy 1BR Nest • Quiet & Comfortable,513935813,1487983349434383353,Roslind,,Somerset,45.40644,-75.69943,Entire home/apt,63,30,1,2026-06-17,1,3,304,1,
1606785867352305689,Kanata Room for Professionals - near Tech Park,422092032,1475404334165694258,Seraphine,,Kanata North,45.35518,-75.92846,Private room,63,30,0,,,2,112,0,
1607646500956230326,Private 2 BR unit in a greenspace house,3417336,1462628820821256563,Sarah,,Alta Vista,45.4073162,-75.65421719999999,Entire home/apt,90,30,0,,,1,84,0,
1608202508516601413,Charming Main-Floor Unit,531800474,1470388320779493511,Rabih,,Osgoode,45.2641863401786,-75.56063163307728,Entire home/apt,87,30,1,2026-04-01,0.35,2,158,1,
1608275524699759817,Central and Cozy 2 BED in the Byward Market,475319012,1470143009456794684,Jasmine,,Rideau-Vanier,45.43026,-75.69661,Entire home/apt,157,30,0,,,10,346,0,
1608455812779487007,Quiet Family Home: Tech Hub-Canadian Tire Centre,664274665,1470667044582833518,Baydaa,,Kanata North,45.35388,-75.92542,Entire home/apt,178,31,0,,,1,353,0,
1609130317970898192,Stylish Retreat Near Lansdowne & Rideau Canal,139940814,1523324663882781697,Ikram,,Capital,45.40625,-75.67891,Private room,115,1,6,2026-06-14,4.62,1,337,6,STR-853-976
1613175657953534321,Charming 2BR Apartment near Chinatown+Free Parking,85138120,1547237439692025692,Henry,,Somerset,45.41366,-75.70185,Entire home/apt,486,1,16,2026-06-04,3.61,1,337,16,STR-855-168
1613813666909132290,Miley’s Home,698591614,1613813667647258498,Paula,,Rideau-Goulbourn,45.17733,-75.83561,Private room,52,30,0,,,1,329,0,
1614190867723852478,Female-Only Home Near Ottawa Airport,696559946,1529338431477588698,Bouchra,,Gloucester-Southgate,45.33977,-75.6708,Private room,97,2,1,2026-05-29,1,2,165,1,STR-854-735
1614828982880624779,The Westboro Weekender,228754702,1463230270037523225,Laurie,,Kitchissippi,45.39893,-75.75711,Entire home/apt,371,2,4,2026-06-11,3.16,1,289,4,STR-855-801
1615357383849881025,Bright & Cozy Double Bedroom,400665088,1463615608868614906,Ritu,,Alta Vista,45.39415,-75.61278,Private room,31,30,2,2026-05-05,0.70,4,296,2,
1616108247982553846,Newhaven,48581412,1616108248687790768,Julie,,Knoxdale-Merivale,45.3283,-75.76383,Private room,,30,0,,,1,265,0,
1616244262809988911,Cozy Downtown Apartment,731069034,1562660951365949405,Mehdi,,Rideau-Vanier,45.4299231,-75.6934121,Entire home/apt,,30,0,,,1,364,0,
1617009841400465254,Chao’s Full House,104013797,1467248641213876130,Chao,,Gloucester-South Nepean,45.27564479999999,-75.7317044,Private room,45,30,0,,,2,235,0,
1617048051064512382,"Modern Room | queen, Parking, Near uOttawa, DTown",651530087,1470639000552064557,Eissa,,Alta Vista,45.40818,-75.64656,Private room,84,1,28,2026-06-08,6.41,5,346,28,STR-844-102
1617713669058813904,"Cozy Modern Suite in Southvale off Walkley, Ottawa",492844694,1470219112631778351,Moyinoluwa,,Alta Vista,45.39905,-75.61921,Entire home/apt,85,30,0,,,2,263,0,
1617808010006825847,Great House with mini-kitchen and Pvt Bath,486026361,1470187880164620159,Victor,,Barrhaven,45.26233,-75.7507,Private room,63,30,0,,,18,365,0,
1618099539782834358,林栖小院,508353123,1618099540374361349,Sunny,,Kanata South,45.3100494,-75.88816820000001,Entire home/apt,152,2,7,2026-06-14,1.88,1,360,7,Exempt
1618143801972583124,"Cozy haven! 1BR King size, private entrance",506569095,1470277164688742561,Micbet,,Barrhaven,45.24734,-75.7536,Entire home/apt,101,30,1,2026-03-31,0.35,3,186,1,
1618450905903336767,Comfy Room in Modern Home; Airport-Train-Casino-EY,241648098,1478123091411704132,Kris,,Gloucester-South Nepean,45.30645,-75.59798,Private room,105,1,33,2026-06-21,8.25,3,21,33,STR-855-450
1618911587491293092,"3 Bedroom (4 beds), 2 Bathroom, Main level",745649602,1618911588179316094,Amanda,,West Carleton-March,45.38896,-75.97748,Entire home/apt,122,30,0,,,1,335,0,
1619038085495498563,All-Inclusive Studio | Gym & Riverfront Luxury,731042475,1563084806428012540,Meri,,Rideau-Vanier,45.4306403,-75.6727879,Entire home/apt,90,31,0,,,7,365,0,
1619043918281065193,Luxury Studio at Riverflow | Private & Furnished,731042475,1563084806428012540,Meri,,Rideau-Vanier,45.4306403,-75.6727879,Entire home/apt,95,31,0,,,7,365,0,
1619048367282183509,All-Inclusive Studio | Gym & Riverfront Luxury,731042475,1563084806428012540,Meri,,Rideau-Vanier,45.4306403,-75.6727879,Entire home/apt,83,31,0,,,7,332,0,
1619053281315521415,Modern Studio @ Riverflow | Gym & Arcade Access,731042475,1563084806428012540,Meri,,Rideau-Vanier,45.4306403,-75.6727879,Entire home/apt,93,31,0,,,7,365,0,
1619281480516395337,Cozy modern room,709482057,1508069042220921730,Emmanuel,,Stittsville-Kanata West,45.2803052,-75.9141637,Private room,91,1,7,2026-06-21,1.62,4,126,7,STR-851-645
1619965574152060436,Quiet & Clean Stay Near Airport.,718344520,1507388956936958768,Adam,,Gloucester-Southgate,45.37287819299956,-75.61459221876396,Private room,92,1,14,2026-06-07,4.38,5,353,14,STR-854-692
1621039071965241748,Cozy room in a park-like setting,746172482,1621039072667960280,Ancuta,,Bay,45.3536674,-75.83574020000002,Private room,68,30,0,,,1,365,0,
1621146185213297540,Newly Renovated Studio Near ByWard Market,681233899,1487995129487860782,Roan,,Rideau-Vanier,45.43257,-75.69206,Entire home/apt,169,1,30,2026-06-17,7.69,1,350,30,STR-587-263
1621386815861993035,Comfy Studio in Centretown,85297148,1467028662565408108,Short And Suite BnB,,Somerset,45.40978,-75.69601,Entire home/apt,57,30,0,,,28,181,0,
1621803458331573935,Comfortable Family‑Ready 2BR in Ottawa’s Core,513935813,1487983349434383353,Roslind,,Somerset,45.40573628907213,-75.69950296898129,Entire home/apt,120,30,1,2026-05-16,0.75,3,327,1,
1622474105544641795,Executive townhome for short term rent,463875183,1470090293186949867,Evergiste,,Cumberland,45.46253,-75.45333,Entire home/apt,183,30,0,,,1,68,0,
1622579948608023527,"Cozy, Friendly Comfort in Centretown",230664361,1463236377455941184,Deirdre,,Somerset,45.4149257,-75.6916485,Private room,155,1,8,2026-06-19,6.15,1,304,8,STR-855-625
1622855494945765732,Capital Comfort Stay,227602824,1622855495584878061,Binita,,Gloucester-Southgate,45.36746717979627,-75.63956189246984,Entire home/apt,147,1,24,2026-06-23,12.00,1,241,24,STR-855-632
1623124309646592186,Quiet Manotick Retreat Near Ottawa•Women Only Room,36305831,1462671560068197842,Manuela,,Rideau-Goulbourn,45.21381,-75.68353,Private room,59,1,3,2026-06-06,2.31,2,284,3,STR-855-884
1624134404146866692,Cozy suite with kitchen,746967614,1624113107231145711,Kiyara,,Rideau-Goulbourn,45.23762,-75.74827,Private room,62,30,0,,,1,365,0,
1625493819559648653,“Lavender Suite”- a cozy place near Ottawa Airport,747312677,1625489295545939430,Shrijana,,Gloucester-South Nepean,45.282207211783195,-75.68634223458429,Private room,115,1,27,2026-06-23,13.28,1,354,27,STR-855-667
1626954420752516284,Bright Room in Modern Home;Airport-Train-Casino-EY,241648098,1478123091411704132,Kris,,Osgoode,45.30476,-75.59812,Private room,88,1,17,2026-06-22,4.86,3,20,17,STR-855-450
1627558101244615249,Quiet Apartment in Lovely Neighborhood-4people,163835614,1463027429948257449,Kelmany,,Bay,45.35936444306671,-75.78630371488839,Entire home/apt,223,1,22,2026-06-10,5.55,3,328,22,STR-847-844
1627587812620809081,Private Room with Dedicated Bathroom in Kanata,52114315,1465828580619576686,Djiby,,Stittsville-Kanata West,45.28271,-75.88358,Private room,83,1,15,2026-06-24,4.25,1,56,15,STR-853-760
1628641931425424795,Room Available In Ottawa (all-inclusive),328821967,1469629823773701718,Vishal,,Cumberland,45.44986,-75.46234,Private room,41,30,0,,,1,220,0,
1629744291010139737,Downtown Ottawa Gem | ByWard Market 1BR,182086632,1468757097344764581,Jean Pierre Eric,,Rideau-Vanier,45.43236,-75.6896,Entire home/apt,86,30,1,2026-04-16,0.43,2,116,1,
1630954789650026874,Modern Luxury Studio • Walk to Everything,101501830,1467217720486772891,PARLOUR Hotel,,Rideau-Vanier,45.4305665,-75.6932799,Entire home/apt,512,1,1,2026-06-12,1,6,363,1,STR-855-795
1631458279324355911,Tranquil Private Guest Suite | Kitchen & Bath,521889221,1470348228662790235,Sam,,Gloucester-South Nepean,45.26569,-75.70841,Entire home/apt,137,1,36,2026-06-08,9.56,1,315,36,STR-855-418
1631478481219647685,Large Luxury Loft | 2nd Floor | ByWard Market,101501830,1467217720486772891,PARLOUR Hotel,,Rideau-Vanier,45.4305665,-75.6932799,Entire home/apt,398,1,1,2026-05-12,0.68,6,360,1,STR-855-795
1631493280931096815,Luxury 1BR Suite • High Ceilings • ByWard Market,101501830,1467217720486772891,PARLOUR Hotel,,Rideau-Vanier,45.4305665,-75.6932799,Entire home/apt,284,1,1,2026-06-14,1,6,357,1,STR-855-795
1631515918858074194,Modern Luxury 1BR | Main Floor | Byward Market,101501830,1467217720486772891,PARLOUR Hotel,,Rideau-Vanier,45.4305665,-75.6932799,Entire home/apt,398,1,1,2026-06-13,1,6,361,1,STR-855-795
1631928542102250296,Cozy 1BR Basement in Old Ottawa East,452986,1462518775744755488,Katherine,,Capital,45.40929,-75.67801,Entire home/apt,124,30,0,,,1,279,0,
1632137809064335232,Stylish Urban Escape | Hotel-Style Bedroom,161479314,1468571615435912944,Julia,,Rideau-Vanier,45.43230500000001,-75.6769059,Entire home/apt,98,30,0,,,1,245,0,
1632839524391488012,All new- 4bdrm modern Kanata home with heated pool,97848038,1467178613674867693,Melanie,,Kanata South,45.28134778356529,-75.85860926537819,Entire home/apt,268,30,0,,,1,161,0,
1633407562285147848,Modern 2BR Ottawa Stay | FREE WIFI | Parking,697944379,1593643279287967290,Nate,,Kanata South,45.27072,-75.85804,Entire home/apt,406,1,1,2026-06-20,1,1,55,1,STR-855-734
1633583212788047293,Wyndham Rideau | King Studio | Water Front,727674325,1557254203333557264,Ramada By Wyndham - CAD,,Knoxdale-Merivale,45.3279121,-75.7013949,Hotel room,444,1,0,,,12,365,0,Exempt
1633583216052622700,King Studio|Ramada On The Rideau|Rideau River Stay,727674325,1557254203333557264,Ramada By Wyndham - CAD,,Knoxdale-Merivale,45.32791,-75.7014,Hotel room,444,1,0,,,12,365,0,Exempt
1633583217864140288,Wyndham Rideau | Dlx Queen Water Front,727674325,1557254203333557264,Ramada By Wyndham - CAD,,Knoxdale-Merivale,45.32791,-75.7014,Hotel room,219,1,0,,,12,365,0,Exempt
1633583219744544796,Dlx Queen Water Front | Ramada On The Rideau,727674325,1557254203333557264,Ramada By Wyndham - CAD,,Knoxdale-Merivale,45.32791,-75.7014,Hotel room,219,1,0,,,12,365,0,Exempt
1633583223263253255,Queen Water Front|Ramada On The Rideau| River Calm,727674325,1557254203333557264,Ramada By Wyndham - CAD,,Knoxdale-Merivale,45.32791,-75.7014,Hotel room,189,1,0,,,12,352,0,Exempt
1633583223630728066,Wyndham Rideau | Queen Water Front | Green Getaway,727674325,1557254203333557264,Ramada By Wyndham - CAD,,Knoxdale-Merivale,45.32791,-75.7014,Hotel room,189,1,0,,,12,352,0,Exempt
1633583227091255764,Wyndham Rideau | Dlx 2 Double Water Front,727674325,1557254203333557264,Ramada By Wyndham - CAD,,Knoxdale-Merivale,45.32791,-75.7014,Hotel room,228,1,0,,,12,362,0,Exempt
1633583228529812920,Dlx 2 Double Water Front | Ramada On The Rideau,727674325,1557254203333557264,Ramada By Wyndham - CAD,,Knoxdale-Merivale,45.32791,-75.7014,Hotel room,228,1,0,,,12,362,0,Exempt
1633583230151464423,Wyndham Rideau | 2 Double | Near Rideau River,727674325,1557254203333557264,Ramada By Wyndham - CAD,,Knoxdale-Merivale,45.32791,-75.7014,Hotel room,160,1,0,,,12,357,0,Exempt
1633583240243460084,2 Double | Ramada On The Rideau | Airport Access,727674325,1557254203333557264,Ramada By Wyndham - CAD,,Knoxdale-Merivale,45.32791,-75.7014,Hotel room,160,1,0,,,12,357,0,Exempt
1633583241627167120,Wyndham Rideau | 2 Double Water Front | Family,727674325,1557254203333557264,Ramada By Wyndham - CAD,,Knoxdale-Merivale,45.32791,-75.7014,Hotel room,199,1,0,,,12,326,0,Exempt
1633583242481730304,2 Double Water Front|Ramada On The Rideau| Balcony,727674325,1557254203333557264,Ramada By Wyndham - CAD,,Knoxdale-Merivale,45.32791,-75.7014,Hotel room,199,1,0,,,12,326,0,Exempt
1634078896876147272,MasterBedroom & Private Bathroom | Quiet & Central,18489586,1463055357557179245,Rachid,,River,45.37176768891669,-75.6572654802673,Private room,51,30,0,,,5,327,0,
1634813740063257183,Large bedroom Only 4 min walk to Algonquin College,18489586,1463055357557179245,Rachid,,College,45.34584,-75.75918,Private room,36,30,0,,,5,181,0,
1634888638117944308,Modern & Stylish Apartment in the Heart of Ottawa,138757627,1468376810677457215,Leticia,,Rideau-Vanier,45.42835163768699,-75.68686022474444,Entire home/apt,373,1,0,,,1,349,0,STR-839-610
1635007682313733621,Carlton West Modern Living | Designer 1BR,749783933,1635007683057059102,Audrey,,Kitchissippi,45.3802254,-75.7483333,Entire home/apt,94,31,0,,,12,179,0,
1635007981430858505,Bedroom#2 for professionals or students,65275346,1466807201474598256,Bella,,Somerset,45.402949186456524,-75.71178640815326,Private room,86,6,2,2026-06-18,2,3,347,2,STR-843-974
1635022479695564621,Carlton West Modern Living | Modern 1BR,749783933,1635007683057059102,Audrey,,Kitchissippi,45.3802254,-75.7483333,Entire home/apt,97,31,0,,,12,336,0,
1635083775211552217,Indoor Swimming Pool • Upscale 6BR Getaway,522196203,1470349655843458358,Frank,,Rideau-Rockcliffe,45.45239,-75.68005,Entire home/apt,1155,2,8,2026-06-19,2.73,1,331,8,STR-852-671
1635516046798123555,Modern & Spacious 3BR Home | Free Parking & Wi-Fi,180036583,1635516047598894172,Eddy,,Rideau-Goulbourn,45.23344,-75.73708,Entire home/apt,181,30,0,,,1,332,0,
1636181566010244288,Snug Room in Modern Home; Airport-Train-Casino-EY,241648098,1478123091411704132,Kris,,Gloucester-South Nepean,45.30583442242848,-75.5997024243489,Private room,78,1,14,2026-06-08,5.92,3,4,14,STR-855-450
1636362100748129665,Bright King Suite - Walkable to Civic Hospital,696668853,1470734980916959318,Jenn,,Kitchissippi,45.39083,-75.72372,Private room,73,30,0,,,5,146,0,
1636678482280798772,Barrhaven Suite,694326708,1470730130871049620,Akram,,Barrhaven,45.2728,-75.78186,Entire home/apt,,2,0,,,1,0,0,STR-849-567
1637662913786393876,"Private 1BDR suite, kitchenette, 46TV & work space",20489407,1637217077057637397,Charbel,,Orleans,45.479058423012816,-75.46768795698881,Entire home/apt,144,2,4,2026-06-24,4,1,329,4,STR-855-901
1637895563149134537,Grand 2-Bedroom Spacious Basement | Hunt Club,475319012,1470143009456794684,Jasmine,,Knoxdale-Merivale,45.34283,-75.7003,Entire home/apt,119,30,1,2026-04-21,0.46,10,349,1,
1638452792740349099,Carlton West Modern Living | Stylish 1BR,749783933,1635007683057059102,Audrey,,Kitchissippi,45.37928,-75.74879,Entire home/apt,101,31,0,,,12,365,0,
1638651045909941409,Room available near Elgin st,134292297,1638651046752823724,Juliana,,Somerset,45.41874,-75.68787,Private room,69,30,0,,,1,365,0,
1638884473291368151,Annie’s Suite for everyone!,750777072,1638884474095014772,Anne,,Rideau-Vanier,45.44276,-75.66178,Entire home/apt,85,30,0,,,1,89,0,
1639304007734679099,Spacious Downtown 2BR Steps from Byward Market,413462362,1469883229273277073,Sandra,,Rideau-Vanier,45.43223052029161,-75.69390082906249,Entire home/apt,231,4,4,2026-06-08,1.45,1,312,4,STR-839-628
1639347707100130601,Carlton West Modern Living | Urban 1BR,749783933,1635007683057059102,Audrey,,Kitchissippi,45.38115,-75.74886,Entire home/apt,97,31,0,,,12,328,0,
1639867716968091847,Modern Condo in the Heart of Westboro,66190971,1462771162645398738,Luis,,Kitchissippi,45.40181,-75.72964,Entire home/apt,94,30,1,2026-05-02,0.56,26,92,1,
1639911466167586437,Charming loft in Sandy Hill – Near U Ottawa,66190971,1462771162645398738,Luis,,Rideau-Vanier,45.42562,-75.67895,Entire home/apt,96,31,1,2026-06-08,1,26,79,1,
1640196508426139483,Single room in a shared two bedroom,142755288,1468408869439144034,Oluwaseyi,,Beacon Hill-Cyrville,45.44683,-75.59829,Private room,39,30,0,,,1,365,0,
1640957212986950607,Cozy 1-Bedroom Apartment Suite,416910541,1469895422425919064,Burak,,Bay,45.35899,-75.7732,Entire home/apt,,30,0,,,1,364,0,
1641158249194105140,3BR Central Location • Near All Amenities • Cozy,52810809,1462724120263243070,Natalie,,College,45.34836,-75.73948,Entire home/apt,79,30,0,,,21,235,0,
1641611176188592875,Clean and Quiet Stay Near the Airport.,751463352,1641611176805744710,Mina,,Gloucester-Southgate,45.36179,-75.65108,Private room,76,30,0,,,5,365,0,
1641679079090005283,Cozy room with private bathroom,270384487,1538772559754315436,Anna,,Rideau-Goulbourn,45.178438335375105,-75.83689028856229,Private room,85,1,37,2026-06-14,11.10,1,350,37,Exempt
1642690575035426190,Double Bed for 1 Guest in Peaceful Space,163835614,1463027429948257449,Kelmany,,Bay,45.36024,-75.78807,Private room,68,1,19,2026-06-08,5.82,3,334,19,STR-847-844
1642795211233060614,Newly Updated MCM 3Bdr Apartment,7261181,1462727476283426147,Stefania,,College,45.31644,-75.82046,Entire home/apt,110,30,0,,,2,257,0,
1643689651825905175,Elegant Townhouse • Sleeps 8 • Prime Location,740408467,1599345808869387302,Leen,,Gloucester-South Nepean,45.2695004053511,-75.6768604509262,Entire home/apt,163,30,0,,,1,247,0,
1644869897269512636,Private Room + Washroom Near uOttawa & Downtown,483836633,1470178438067540032,Stelle,,Capital,45.4151506,-75.6709863,Private room,91,1,22,2026-06-21,7.95,1,320,22,Exempt
1644942274676036497,Carlton West Modern Living | Comfort Stay 1BR,749783933,1635007683057059102,Audrey,,Kitchissippi,45.38140269591138,-75.74751580894848,Entire home/apt,111,31,0,,,12,341,0,
1645103770585052258,"Entire 1BR Suite Near TOH, CHEO & Central",147413402,1468445583630263988,Berkay,,Alta Vista,45.3999,-75.63674,Entire home/apt,113,1,1,2026-06-23,1,1,123,1,STR-856-294
1645757289025126605,"Luxury Retreat w/ Pool, Hot Tub & Fire Pit",55108009,1465903451452511178,Todd,,Osgoode,45.23713,-75.59866,Entire home/apt,1007,30,0,,,2,364,0,
1645914687231236522,"199 Cathcart St, Perfect Downtown Ottawa Stay",114567457,1462905499514042885,Daniel,,Rideau-Vanier,45.43303,-75.69299,Entire home/apt,77,31,2,2026-06-16,0.64,2,338,2,
1647057943873398979,"Downtown heritage home: backyard, parking, balcony",48203696,1465728342349747106,Andrew,,Somerset,45.40626115998785,-75.69946955614732,Entire home/apt,297,1,38,2026-06-23,14.07,1,173,38,STR-855-064
1647429203468264203,Chambre de luxe propre & moderne + espace partagé,90265550,1467092252133001612,Sergio,,Rideau-Rockcliffe,45.4448539,-75.64822769999999,Private room,173,30,1,2026-05-02,0.56,2,349,1,Exempt
1648506920305421466,Bright Studio steps from University of Ottawa,66190971,1462771162645398738,Luis,,Rideau-Vanier,45.42691,-75.67927,Entire home/apt,76,30,0,,,26,32,0,
1648679005662750734,Possibliss !,130478905,1468307339307320054,Possibliss,,Rideau-Rockcliffe,45.42402,-75.66353,Entire home/apt,136,30,0,,,1,362,0,
1648712998854045744,Renovated Family Home with Parking,753263984,1648712999652598463,Azar,,Gloucester-Southgate,45.36541,-75.63208,Entire home/apt,90,30,1,2026-06-01,1,1,232,1,
1650749745217009374,Modern Studio w/ parking in Ottawa,667743087,1470675361706836418,Guillaume,,Beacon Hill-Cyrville,45.42530669352355,-75.63181305413211,Entire home/apt,92,31,0,,,10,272,0,
1650759478707147269,"Chic Studio w/ pool, gym, lounge",667743087,1470675361706836418,Guillaume,,Beacon Hill-Cyrville,45.425491695219634,-75.63088879847335,Entire home/apt,83,31,0,,,10,285,0,
1650765322418073500,"Cozy Studio w/ Pool, Gym, Lounge",667743087,1470675361706836418,Guillaume,,Beacon Hill-Cyrville,45.424588575335804,-75.63226965965987,Entire home/apt,103,31,2,2026-06-14,1.11,10,272,2,
1650782520855577605,All-included Studio w/ parking,667743087,1470675361706836418,Guillaume,,Beacon Hill-Cyrville,45.42448435375009,-75.63058410369305,Entire home/apt,97,31,1,2026-06-19,1,10,270,1,
1650826529469313721,"Lovely studio w/ pool, gym, lounge",667743087,1470675361706836418,Guillaume,,Beacon Hill-Cyrville,45.42564719130291,-75.6319522432451,Entire home/apt,93,31,0,,,10,258,0,
1652990090679767075,"Charme et lumière, bel appartement confortable",543913871,1652990091542859534,Sonia,,Innes,45.42838,-75.51314,Entire home/apt,92,30,0,,,1,296,0,
1653105624710286237,Carlton West Modern Living | Executive Stay 1BR,749783933,1635007683057059102,Audrey,,Kitchissippi,45.37949829647137,-75.74930326799954,Entire home/apt,97,31,0,,,12,334,0,
1653132365708469496,Spacious Studio | Best location to explore Ottawa!,66190971,1462771162645398738,Luis,,Somerset,45.41123,-75.69119,Entire home/apt,110,30,1,2026-05-29,1,26,79,1,
1653254743299960154,Cozy 1-Bed Retreat Steps from ByWard Market,84465488,1487907908196197390,Erwin,,Rideau-Vanier,45.4313673,-75.6859771,Entire home/apt,66,30,0,,,6,266,0,
1653266796419453651,Urban Chic Studio Near ByWard Market,84465488,1487907908196197390,Erwin,,Rideau-Vanier,45.4312325,-75.68614,Entire home/apt,69,30,0,,,6,335,0,
1653633187432261261,Entire Lower Suite • Private Entrance • Canal,95217498,1467147720539636070,Aurora,,Capital,45.40816,-75.67859,Entire home/apt,177,1,10,2026-06-18,3.57,3,14,10,STR-852-444
1654011829428702011,Bright and modern room near to Ottawa airpot.,458355909,1470063713277957367,Cedric,,Osgoode,45.30565,-75.59357,Private room,70,30,0,,,4,365,0,
1654013706106458213,Authentique Stylish Room!,458355909,1470063713277957367,Cedric,,Osgoode,45.30697663114716,-75.59366268862122,Private room,70,30,0,,,4,365,0,
1654014840940497921,Living in comfort in a stylish 3BR home!,458355909,1470063713277957367,Cedric,,Osgoode,45.3059,-75.59261,Entire home/apt,192,30,0,,,4,331,0,
1654092487143912338,Cozy Private Basement Suite in a New & Quiet Home,393469499,1653809957800154498,Lizzy,,West Carleton-March,45.36486,-75.94268,Private room,124,3,15,2026-06-21,5.42,3,170,15,STR-855-601
1654615200910215245,The Bordeaux House,145545344,1654615201692889563,Jessica,,Kanata South,45.27938547602994,-75.86818757492226,Entire home/apt,155,30,0,,,1,325,0,
1655319551183597405,Cozy 2bedroom in Carlington,20069298,1463098612943473541,Mackenzie,,River,45.38178,-75.72872,Entire home/apt,157,30,0,,,2,174,0,
1655930512492355509,Luxury master suite with private bath,706496388,1651406770695012092,Omotoke,,Osgoode,45.30619,-75.59576,Private room,52,30,0,,,1,364,0,
1656289842273773977,Studio Room near Ottawa Int’ Airport,734335012,1577339571150737822,Monoara,,River,45.350828145679095,-75.66644065082073,Private room,125,1,4,2026-06-14,3.75,1,261,4,STR-855-197
1656698085998104790,Private Centretown Suite,755317951,1656698086855605831,Michael,,Somerset,45.4124,-75.69776,Private room,,30,0,,,2,294,0,
1657354719551280960,One Bed Two Bath w Parking in the Glebe - On Canal,71981637,1466889765303729738,Marc And Amanda,,Capital,45.39764233521994,-75.68542455714721,Entire home/apt,148,30,0,,,1,122,0,
1658271587686682237,Brand New Ensuite Near Airport & Casino,755713813,1658269528799031021,Pratap,,Gloucester-South Nepean,45.3223524,-75.6136092,Private room,112,1,6,2026-06-21,6,1,247,6,STR-855-959
1659427611819353101,Pirate Cove - Fantastic Outdoor Space!,61765455,1466759829082655447,Earl,,West Carleton-March,45.38991,-75.97864,Private room,376,30,0,,,2,365,0,STR-828-362
1659438538940122797,Home with great pool !,61765455,1466759829082655447,Earl,,West Carleton-March,45.3686,-75.94942,Entire home/apt,484,30,0,,,2,365,0,
1660945663047235958,Spacious 2-bedroom apartment,756295966,1660945663845600176,Shohanur,,Rideau-Rockcliffe,45.43725,-75.6524,Entire home/apt,192,,6,2026-06-22,3.91,1,0,6,STR-855-851
1661112682169696717,Modern 1BR Retreat-Fully Furnished | 30+ Day Stay,756334142,1661112682960741829,Rick,,Alta Vista,45.39358,-75.67006,Entire home/apt,144,30,0,,,2,358,0,
1661215043851289740,Modern Cozy Room in a New Home,393469499,1653809957800154498,Lizzy,,West Carleton-March,45.36526,-75.94257,Private room,109,2,5,2026-06-21,2.21,3,61,5,STR-855-601
1661331787418935084,1 Bedroom Modern Unit for Extended Stays (No pets),756334142,1661112682960741829,Rick,,Alta Vista,45.39215,-75.67159,Entire home/apt,115,30,0,,,2,335,0,
1662275655840184761,Room 200 meters To UOttawa Train Station,510569116,1470295688584794699,Carlos,,Rideau-Vanier,45.424,-75.68056,Private room,155,1,2,2026-05-14,1.13,26,365,2,STR-251-431
1662594177086178935,Award-Winning 2BR Hilltop Suite in Nepean | WFH,219562700,1469157733176497004,Ata,,Knoxdale-Merivale,45.35956309971606,-75.72733924043092,Entire home/apt,344,3,12,2026-06-18,5.45,1,97,12,STR-855-883
1662755744006457881,Modern 1-Bed Apartment Near ByWard Market,84465488,1487907908196197390,Erwin,,Rideau-Vanier,45.4312325,-75.68614,Entire home/apt,67,30,1,2026-05-31,1,6,54,1,
1663204166059219647,Rideau Gardens Home,1145418,1462538193579092365,Anne,,Capital,45.40102,-75.67642,Entire home/apt,242,30,0,,,1,75,0,
1663368720233661113,"Private, Modern Guest Suite in Ottawa",698790273,1470599488158294965,Erick,,Gloucester-South Nepean,45.285759015689116,-75.6783940662064,Entire home/apt,168,1,9,2026-06-19,4.50,1,143,9,STR-850-184
1664043690499953110,5 BR House in Nepean–Near Algonquin College,517709296,1470329235835651791,Sarah And Sy,,College,45.34417288153342,-75.77765857018541,Entire home/apt,162,30,0,,,5,45,0,
1664141717459542723,Tiny Room 220 meters from University Of Ottawa,510569116,1470295688584794699,Carlos,,Rideau-Vanier,45.423764065187946,-75.68034031872635,Private room,179,2,2,2026-05-30,1.87,26,365,2,STR-335-224
1664645701438968892,Super one bedroom unit to relax,486026361,1470187880164620159,Victor,,Innes,45.44322196463954,-75.51907515715548,Entire home/apt,101,30,0,,,18,365,0,
1664873513424666552,Sapling Grove Escape,749841742,1635237162079051977,Christo,,Barrhaven,45.2565952,-75.7595765,Entire home/apt,222,30,1,2026-05-29,1,1,317,1,
1665765885897097287,Stylish Bedroom in Findlay Creek (brand new house),724292051,1533177156302612954,Simon,,Osgoode,45.30427994676948,-75.5991067068918,Private room,48,30,0,,,2,364,0,
1666113299450577662,Downtown Studio | 5 Mins to U Ottawa,66190971,1462771162645398738,Luis,,Rideau-Vanier,45.42357,-75.67819,Entire home/apt,61,30,0,,,26,71,0,
1666135230535068959,Cozy Downtown Studio | 5 min to U of Ottawa,66190971,1462771162645398738,Luis,,Rideau-Vanier,45.42365,-75.67808,Entire home/apt,66,30,0,,,26,93,0,
1667090863621477007,Tiny Room 200 Meter From Campus and UOttawa Train,510569116,1470295688584794699,Carlos,,Rideau-Vanier,45.42431730433259,-75.68015841274372,Private room,239,2,2,2026-05-11,1.13,26,365,2,STR-335-224
1667338687887968254,KASHY HOMES-Stunning single family home,66264674,1466819018935171317,Kashy,,Cumberland,45.44503,-75.48489,Entire home/apt,322,30,0,,,7,358,0,
1668070588299620992,Home Sweet Home,92313272,1467116101779873725,Etin,,Stittsville-Kanata West,45.28736,-75.93088,Entire home/apt,172,30,0,,,2,257,0,
1668970293132331029,Central Ottawa Studio | AC | Near U Ottawa,66190971,1462771162645398738,Luis,,Rideau-Vanier,45.425320206125065,-75.6780197523209,Entire home/apt,66,30,0,,,26,53,0,
1669117437833454800,"Big and Clean Room, Perfect Lighting,",751463352,1641611176805744710,Mina,,Gloucester-Southgate,45.36246333426351,-75.65147084247387,Private room,65,30,0,,,5,365,0,
1669125066094754300,"Clean, big room in a nice neighbourhood.",751463352,1641611176805744710,Mina,,Gloucester-Southgate,45.36351976407519,-75.65106108701929,Private room,65,30,0,,,5,365,0,
1669134857933608052,Cozy room in a convenient neighborhood.,751463352,1641611176805744710,Mina,,Gloucester-Southgate,45.36199,-75.65126,Private room,65,30,0,,,5,365,0,
1669146690505947187,Spacious room in a beautiful house,751463352,1641611176805744710,Mina,,Gloucester-Southgate,45.36314620566085,-75.65118555388746,Private room,65,30,0,,,5,365,0,
1670232315727537279,"Chambre privée , centre‑ville proche UOttawa",1670232167970772652,1670232316712064591,Nissrine,,Rideau-Vanier,45.4292902,-75.688254,Private room,35,30,0,,,1,90,0,
1670399939861486347,Carlton West Modern Living | Signature 1BR,749783933,1635007683057059102,Audrey,,Kitchissippi,45.38135978707009,-75.74913553521588,Entire home/apt,99,31,0,,,12,335,0,
1670650166944201662,Boutique Style Ensuite Room Near Ottawa,36305831,1462671560068197842,Manuela,,Rideau-Goulbourn,45.2128006,-75.68294709999999,Private room,75,1,20,2026-06-22,12.50,2,154,20,STR-855-884
1671086235168463700,"Home near parliament, Nonsmoker Only",572691187,1470552570672925106,Audet,,Somerset,45.413483940126085,-75.69888410343344,Entire home/apt,183,5,0,,,2,365,0,Exempt
1671107591291617647,A beautiful Oasis in a quiet area,305279717,1469563034953548347,Juliana,,Innes,45.43118,-75.56619,Entire home/apt,,30,0,,,1,365,0,
1672085750281353637,Comfortable and private stay for weeks or months.,143699730,1468415956000725755,Mohtashim,,Kanata South,45.28018,-75.8471,Entire home/apt,123,30,0,,,1,365,0,
1672651498677465143,Home Away from Home |Beautiful Cozy Room,393469499,1653809957800154498,Lizzy,,West Carleton-March,45.36652,-75.94285,Private room,98,2,5,2026-06-03,3.75,3,28,5,STR-855-601
1672858210261667988,Rideau Canal Townhouse,74257763,1466914331461029374,Melissa And Will,,River,45.365979,-75.7043602,Private room,45,30,0,,,1,179,0,
1674309148996025918,Bachelor room,58792909,1466704267928625687,Kien,,Stittsville-Kanata West,45.28621,-75.92924,Private room,49,30,0,,,1,289,0,
1674777933091075829,Convenient & Travel-Friendly,1674777881750427537,1674777934112869562,Tina,,Rideau-Vanier,45.44117841700436,-75.65454302883606,Entire home/apt,129,2,0,,,1,318,0,STR-856-559
1674823056143583571,2-BR Tropical Boho-Chic Gem in Ottawa's Heart,1674823009266369033,1674823056925991696,Y,,Rideau-Rockcliffe,45.44100748495507,-75.67822938157279,Entire home/apt,123,30,0,,,1,335,0,
1674834525954259055,1 Guest in Quiet Home - Double Bed/Shared Bathroom,163835614,1463027429948257449,Kelmany,,Bay,45.36048079216763,-75.78640664115478,Private room,67,1,2,2026-06-07,1.25,3,343,2,STR-847-844
1674835246529570392,Updated 4 BR Home + Garage - CHEO/General Hospital,62290204,1466768215539583576,Debbie,,Alta Vista,45.39863,-75.66151,Entire home/apt,177,30,0,,,1,266,0,
1676109317302366847,Family Bungalow-Dwtn 16 min-Shops 2-Monthly Rental,305048917,1463423451553795044,Mohammad,,Knoxdale-Merivale,45.35572622097799,-75.73568317619629,Entire home/apt,180,31,0,,,8,328,0,
1676195323530512361,Stylish 1BR Retreat Minutes to Downtown Ottawa,338003968,1676195324317464198,Chloe,,Rideau-Rockcliffe,45.43404,-75.64645,Entire home/apt,78,30,0,,,1,140,0,
1676321898909644185,Budget home: Dwtn 16 min. Shops 2. Monthly Rental.,305048917,1463423451553795044,Mohammad,,Knoxdale-Merivale,45.3564349,-75.7349107,Entire home/apt,125,31,0,,,8,358,0,
1676336820849455473,Steps to Uottawa,510569116,1470295688584794699,Carlos,,Rideau-Vanier,45.42183,-75.67896,Private room,306,30,0,,,26,365,0,STR-234-513
1676519302911724097,Room single bed few meters away from Uottawa,510569116,1470295688584794699,Carlos,,Rideau-Vanier,45.42367,-75.68063,Private room,372,1,2,2026-05-21,1.43,26,365,2,STR-215-625
1676826225215665565,Votre nid douillet à proximité d'absolument tout.,56018103,1465917607927246840,Brigitte,,Rideau-Vanier,45.4358988,-75.6865107,Entire home/apt,77,30,0,,,1,198,0,
1676897052981842267,"New Fresh 2BR Apt, Free Parking, Prime Location",13254858,1462585672270603888,Anna,,Kitchissippi,45.40134930000001,-75.7419687,Entire home/apt,149,30,0,,,1,225,0,
1677903159083652037,A lovely room with a private washroom in basement,1671427165104017851,1671430810593536183,Olushola,,Gloucester-South Nepean,45.27545259738699,-75.73183014217466,Private room,,1,2,2026-05-24,1.30,1,359,2,STR-856-639
1678562916164233041,"Cozy apartment near DT/St-Laurent - Wi-fi, Parking",395364713,1563298204209891589,Yann,,Alta Vista,45.41819707468523,-75.64383941260651,Entire home/apt,189,1,1,2026-06-10,1,2,321,1,STR-851-218
1679731495005487787,Carlton West Modern Living | Vista 1BR,749783933,1635007683057059102,Audrey,,Kitchissippi,45.3802317,-75.74811989999999,Entire home/apt,106,31,0,,,12,186,0,
1679909455698501998,Luxury Living in the Heart of Westboro,70154803,1679909456563678799,Bianca,,Kitchissippi,45.39378249162732,-75.74756423928257,Entire home/apt,386,30,0,,,1,365,0,
1680172966836970157,Comfortable double room meters away from Uottawa,510569116,1470295688584794699,Carlos,,Rideau-Vanier,45.42349,-75.67927,Private room,214,2,0,,,26,362,0,STR-251-267
1680581980180613136,Boutique Style Suite in The Glebe,85297148,1467028662565408108,Short And Suite BnB,,Capital,45.4034,-75.68554,Entire home/apt,83,30,0,,,28,150,0,
1680833040574777516,Lovely 3 - Bed Townhouse.,440145201,1463706947183891251,Favour Janada,,Cumberland,45.44438324431979,-75.47930499459152,Entire home/apt,162,30,0,,,1,302,0,
1681265809468865220,Condo in the heart of Westboro,66190971,1462771162645398738,Luis,,Kitchissippi,45.4009839,-75.7306967,Entire home/apt,120,30,0,,,26,70,0,
1681374656589289640,Parking Included- Studio in the Heart of Ottawa,66190971,1462771162645398738,Luis,,Somerset,45.40778520000001,-75.6964868,Entire home/apt,136,30,0,,,26,163,0,
1682073871925343647,"Duplex near the Parliament Hill, Non Smoker",572691187,1470552570672925106,Audet,,Somerset,45.4148,-75.69867,Entire home/apt,167,5,0,,,2,270,0,Exempt
1682867918869741864,Executive Condo Suite,19870634,1463093361324849983,Nancy,,Rideau-Vanier,45.42953802780347,-75.69617889898451,Entire home/apt,155,30,0,,,1,122,0,
1683475030386567419,Settle in: A serene bedroom + workstation,397565786,1469829662411374367,Funmi,,Stittsville-Kanata West,45.2842,-75.93344,Private room,76,7,0,,,6,352,0,STR-855-206
1683497541440432658,Condo in the heart of Westboro,66190971,1462771162645398738,Luis,,Kitchissippi,45.4009839,-75.7306967,Entire home/apt,124,30,0,,,26,56,0,
1683528093699050316,Spacious Apartment near University of Ottawa,66190971,1462771162645398738,Luis,,Rideau-Vanier,45.4258604,-75.6812365,Entire home/apt,97,30,0,,,26,36,0,
1683611567729680117,Room A - Private Room in House Near Mooney’s Bay,249262202,1683611568466935783,Samer,,River,45.37038,-75.68756,Private room,109,2,1,2026-06-21,1,2,176,1,STR-000-000
1683896411441955958,"Private & separate guest room, free street parking",432682664,1469958809080738021,Omid,,West Carleton-March,45.36662384231805,-75.9414240497326,Private room,86,1,2,2026-06-19,2,1,320,2,STR-855-893
1685241275944508064,Entire Bsmt Suite w/ Private Bath | Near Airport,71812883,1473365968907835865,Franck Kapoko,,Gloucester-South Nepean,45.30456077321934,-75.60195854359256,Private room,126,1,6,2026-06-12,4.50,1,362,6,STR-855-721
1685263144414471409,Sleek Studio in Sandy Hill,84465488,1487907908196197390,Erwin,,Rideau-Vanier,45.4272657,-75.6803853,Entire home/apt,64,30,0,,,6,290,0,
1685573530707971052,"Chic, cozy, and family-friendly.",488675856,1470199336588504449,Lindsay,,Innes,45.46950812881929,-75.52082571671428,Entire home/apt,95,30,0,,,3,56,0,
1685595108501474955,Modern Suite with Patio & Parkside Retreat,112034818,1467353263917302840,Gino,,Barrhaven,45.2508126792407,-75.75404222932832,Entire home/apt,103,30,0,,,2,266,0,
1686609519124208168,Beautiful Entire Modern Home*Sleeps 10! 5BR NFLX,506569095,1470277164688742561,Micbet,,Barrhaven,45.24698984448921,-75.75274582239962,Entire home/apt,362,30,0,,,3,239,0,
1687086353796022873,New Studio Hintonburg,37253652,1465556574139031893,Ameer,,Kitchissippi,45.406100734259375,-75.72226193085542,Entire home/apt,273,30,0,,,9,342,0,
1687816017370190289,Townhouse in Ottawa,413273446,1687816018126097854,Hooman,,Barrhaven,45.2455,-75.73876,Entire home/apt,127,30,0,,,1,57,0,
1688101753271731941,"Luxury Group Stay w/ Sauna, Hot Tub & Parking",107057450,1462888189736038384,Miles,,College,45.35762410340191,-75.74490277956086,Entire home/apt,1244,1,0,,,3,348,0,STR-848-382
1688579059245831567,Chic Urban 1BR Apt with Skyline Views,38459934,1462678491048609248,Corporate Stays,,Rideau-Vanier,45.41942399404255,-75.66681836315661,Entire home/apt,106,30,0,,,11,270,0,
1688579719720191758,Chic Urban 1BR Apt with Balcony and Skyline Views,38459934,1462678491048609248,Corporate Stays,,Rideau-Vanier,45.41887170097915,-75.66543830761535,Entire home/apt,106,30,0,,,11,292,0,
1689303529526135858,Carlton West Modern Living | Zen 1BR,749783933,1635007683057059102,Audrey,,Kitchissippi,45.3802317,-75.74811989999999,Entire home/apt,110,31,0,,,12,354,0,
1690170169082161071,2 Bedroom (or 1bdrm + office): Ottawa East Central,1959431,1462582781911397555,Paul,,Rideau-Vanier,45.44336,-75.65997,Entire home/apt,67,30,0,,,13,334,0,
1692818753481382239,Bright Minimalist Studio Near Downtown,84465488,1487907908196197390,Erwin,,Rideau-Vanier,45.42642614046028,-75.68137979323168,Entire home/apt,68,30,0,,,6,365,0,
1693648755046270218,Modern Studio in the Heart of Ottawa,66190971,1462771162645398738,Luis,,Somerset,45.4117665,-75.6918915,Entire home/apt,100,30,0,,,26,365,0,
1693656458599049034,Cozy Downtown Studio Near Everything,66190971,1462771162645398738,Luis,,Somerset,45.4117665,-75.6918915,Entire home/apt,93,30,0,,,26,92,0,
1693666354190177763,Your Westboro Home Away From Home,66190971,1462771162645398738,Luis,,Kitchissippi,45.4009839,-75.7306967,Entire home/apt,101,30,0,,,26,47,0,
1693727823153367801,"Stewart St Retreat in Downtown Ottawa, 1BDR",348027803,1469690756927380090,Tatiana,,Rideau-Vanier,45.4268574,-75.6837717,Entire home/apt,71,30,0,,,1,63,0,
1693771872677396482,Modern New Build in Hintonburg,37253652,1465556574139031893,Ameer,,Kitchissippi,45.40736690930729,-75.73379051175606,Entire home/apt,205,30,0,,,9,335,0,
1694356540479811128,Beautifully Designed Executive Home in Ottawa,16029536,1462596311294253429,Korosh,,Stittsville-Kanata West,45.277675,-75.8799992,Entire home/apt,527,3,2,2026-06-18,2,7,77,2,STR-856-223
1694362892223208150,Studio near University of Ottawa,66190971,1462771162645398738,Luis,,Rideau-Vanier,45.4244339,-75.679301,Entire home/apt,66,30,0,,,26,39,0,
1694452358015984588,Have 65 inches big TV in the bedroom and loft,664975122,1470668559248683674,Indu,,Bay,45.355735348361044,-75.80644320316016,Private room,123,1,0,,,2,365,0,STR-851-300
1695049681130847557,Nepean | Quaint 5 Bedroom Home w. Huge Backyard,52810809,1462724120263243070,Natalie,,College,45.34612,-75.73899,Entire home/apt,144,30,0,,,21,325,0,
1695053357201468166,Beautiful Private Basement Suite in Nepean Ottawa,203567613,1469062273022967857,Daniel,,Barrhaven,45.25561278314713,-75.74443875435662,Entire home/apt,201,1,1,2026-06-21,1,5,351,1,STR-848-678
1695739821315936049,Stylish 2BR Retreat Near Downtown Ottawa,38459934,1462678491048609248,Corporate Stays,,Kitchissippi,45.40633114218302,-75.72824169605589,Entire home/apt,129,30,0,,,11,314,0,
1695897076943692834,"Modern 4BR Retreat w/ Patio, Free Parking | Ottawa",1665408663932413921,1695897077660132622,Victoria,,Gloucester-South Nepean,45.2663813178951,-75.69763735398269,Entire home/apt,278,30,0,,,1,365,0,
1696738725519876922,5 Bedroom Townhouse in Sandyhill,85297148,1467028662565408108,Short And Suite BnB,,Rideau-Vanier,45.423539,-75.6760362,Entire home/apt,163,30,0,,,28,31,0,
1697240735116202139,Furnished 3BR Kanata Home | Tech Hub & Top Schools,1697240495844460595,1697240735932007873,Tanya,,Kanata North,45.32774524354611,-75.89514255523682,Entire home/apt,169,30,0,,,1,335,0,
1697780116743874885,Luxury Furnished 3-Bedroom Home Alta Vista,53873054,1516010065110376812,John,,Alta Vista,45.3935219,-75.63620499999999,Entire home/apt,187,30,0,,,3,329,0,
1698607882483543092,All-Inclusive Studio | Full Kitchen,667743087,1470675361706836418,Guillaume,,Beacon Hill-Cyrville,45.4250661,-75.63140729999999,Entire home/apt,75,30,0,,,10,293,0,
1698648128147364880,"New Apartment 2 Bedroom, 3 Beds
1 Bussroom",534919580,1491606711231916805,Nadya,,Kitchissippi,45.40130850000001,-75.74194589999999,Entire home/apt,114,30,0,,,2,321,0,
1698697685076285453,"Clean, fresh, modern living next to Rideau Cottage",6890057,1462717868011570593,Roya,,Rideau-Rockcliffe,45.4395091,-75.6811872,Entire home/apt,76,30,0,,,1,74,0,
1699340942207796380,Ottawa's Peaceful Southeast End,145205894,1679129374290643428,Molly,,Gloucester-South Nepean,45.260805592552835,-75.69040746776955,Entire home/apt,150,30,0,,,1,336,0,
1699696552942576998,Modern Home by Barrhaven Marketplace 5BR 3.5Bath,213657085,1463191254617582020,Morenike,,Barrhaven,45.25777,-75.75717,Entire home/apt,554,2,0,,,1,341,0,STR-852-672
1700126560297001110,BR. New Luxury 4 BR Home with Premium Upgrades,534919580,1491606711231916805,Nadya,,Kitchissippi,45.40130850000001,-75.74194589999999,Entire home/apt,233,30,0,,,2,323,0,
1700139182790985785,Carlton West Modern 2BR Condo | Prime Location,749783933,1635007683057059102,Audrey,,Kitchissippi,45.3808,-75.747,Entire home/apt,130,31,0,,,12,241,0,
1700240656029094997,Sandy Hill Downtown Guesthouse,66190971,1462771162645398738,Luis,,Rideau-Vanier,45.4214981,-75.6775677,Entire home/apt,200,30,0,,,26,231,0,
1700300924586246018,"Modern Private Suite, Self Check-In & Relaxing",576542785,1623452163075202600,Stacie,,River,45.376479608054645,-75.73018132706001,Entire home/apt,122,30,0,,,1,337,0,
1700805603400668432,Spacious Family Home | Airport • Downtown,141249668,1700805604070063351,Sara,,Gloucester-South Nepean,45.26192379253578,-75.699368628132,Entire home/apt,187,30,0,,,1,302,0,
1701435260149474124,Bright & Comfortable Stay,492541855,1565245679011759030,Tayo,,Innes,45.444595812326654,-75.52109143051554,Private room,46,30,0,,,4,270,0,
1701609762406891494,Serene Retreat Surrounded by Green Space,88140146,1467058696066970695,Ray,,Gloucester-South Nepean,45.28718,-75.69448,Private room,68,30,0,,,4,340,0,
1701610085894488546,Quiet Retreat Near Airport in Green Surroundings,88140146,1467058696066970695,Ray,,Gloucester-South Nepean,45.28784597060425,-75.69345234099352,Private room,72,30,0,,,4,340,0,
1701637289295074199,Large Private Room Near Ottawa Airport,88140146,1467058696066970695,Ray,,Gloucester-South Nepean,45.28644,-75.69433,Private room,87,30,0,,,4,340,0,
1701654930853577801,Room B - Private Room Near Mooney’s Bay,249262202,1683611568466935783,Samer,,River,45.36964546546756,-75.68776346998183,Private room,113,2,2,2026-06-21,2,2,169,2,STR-000-000
1702866132175147295,Hintonburg Hideaway · Cozy Ground-Floor Studio,31418864,1465461994729460931,Jillian,,Kitchissippi,45.4030003,-75.7323076,Entire home/apt,96,30,0,,,1,270,0,
1703216749123637628,1br Apartment in The Glebe,30704685,1465451789911601357,Kayla,,Capital,45.3986737,-75.69364300000001,Entire home/apt,61,30,0,,,1,62,0,
1703697723122880462,"Deluxe bungalow 4 bdroom, 3 bath - min 30 day",150308505,1519689084418120609,Mahmoud,,Beacon Hill-Cyrville,45.43960550000001,-75.6061085,Entire home/apt,249,30,0,,,2,338,0,
1703752441173281368,4-Bedroom Group Stay • Free Parking,159696138,1468554013847909896,EasyStayPM,,Innes,45.44232,-75.51805,Entire home/apt,284,3,0,,,5,339,0,STR-848-983
1703761723858957951,Private Suite in Centretown,755317951,1656698086855605831,Michael,,Somerset,45.41424364621291,-75.69927106678115,Private room,,31,0,,,2,167,0,
1704338699460622694,Carlton West Spacious Condo | 2BR,749783933,1635007683057059102,Audrey,,Kitchissippi,45.3802317,-75.74811989999999,Entire home/apt,121,31,0,,,12,319,0,
1706141212386757767,Deluxe Bungalow 4bdroom 3bathroom for 30 days min,150308505,1519689084418120609,Mahmoud,,Beacon Hill-Cyrville,45.43960550000001,-75.6061085,Entire home/apt,189,30,0,,,2,365,0,
1706591753392550600,Carlton West Stylish Comfort | 2BR,749783933,1635007683057059102,Audrey,,Kitchissippi,45.3802317,-75.74811989999999,Entire home/apt,143,31,0,,,12,365,0,
1707659628304698318,Renfrew,43424548,1465644807636065133,Sean,,Capital,45.40249,-75.69934,Entire home/apt,315,30,0,,,7,365,0,
1708305535704405983,Cozy 2BR in the heart of Ottawa,82956762,1708305536438210624,Ramsey,,Capital,45.37868743763638,-75.67353497088855,Entire home/apt,111,30,0,,,1,235,0,
1708975437554019231,Love your stay in a trendy&central neighborhood!,73267839,1462810111261537750,Gilda,,Kitchissippi,45.39669888320476,-75.72987589985132,Private room,60,30,0,,,2,355,0,
1709009614900888333,Prime Ottawa Location 1BR Apartment,66190971,1462771162645398738,Luis,,Kitchissippi,45.40016,-75.73102,Entire home/apt,96,30,0,,,26,69,0,
1709608407678398790,Single-Family 3BR in the Heart of Wellington West,8892266,1709608408891094490,Dave,,Kitchissippi,45.40103,-75.73647,Entire home/apt,379,30,0,,,1,358,0,
1709845378359023401,Modern Studio Steps from uOttawa & ByWard Market,84465488,1487907908196197390,Erwin,,Rideau-Vanier,45.4312878,-75.6860346,Entire home/apt,78,30,0,,,6,365,0,
1710209310736335593,Studio in Downtown | Near ByWard Market & UOttawa,578691557,1527745691053334879,OĞUzhan,,Rideau-Vanier,45.4306577,-75.67279979999999,Entire home/apt,58,30,0,,,2,266,0,
1710970801229570962,Fully Furnished 2BR/2BA Suite For Monthly Stays,121880210,1468237042915765613,Tiffany,,College,45.3423374,-75.743533,Entire home/apt,151,30,0,,,2,157,0,
1711235459491065984,Warm & Welcoming Stay in Ottawa Near Amenities,492541855,1565245679011759030,Tayo,,Innes,45.4443139,-75.51986769999999,Private room,46,30,0,,,4,270,0,
1711992972663984045,Chic 3BR Unit in DT Ottawa (Sandyhill) w/Parking*,373561137,1469759002071335586,Jaybird,,Rideau-Vanier,45.42718823623058,-75.68120245788181,Entire home/apt,719,2,0,,,4,48,0,STR-831-906
1712500595852321257,Entire 3 Bedroom Home | Park-facing | Private,144913442,1462972358944219867,Rajal,,Rideau-Goulbourn,45.1842017,-75.847425,Entire home/apt,228,30,0,,,1,142,0,
1712704048814715237,Ferngully - A Quiet Room,591441355,1470615697862612914,Shayne,,Stittsville-Kanata West,45.25274,-75.90354,Private room,48,30,0,,,2,365,0,
1713330988667127498,Studio Steps from University of Ottawa-Sandy Hill,578691557,1527745691053334879,OĞUzhan,,Rideau-Vanier,45.4306577,-75.67279979999999,Entire home/apt,58,30,0,,,2,365,0,
1714078106546271800,The Town Home in Downtown Ottawa,590712819,1470613973417986731,Andre,,Somerset,45.41623240000001,-75.70507119999999,Entire home/apt,410,1,0,,,1,97,0,STR-842-127
1714089170146930926,Modern 1BR in the Heart of Ottawa,66190971,1462771162645398738,Luis,,Somerset,45.4115163,-75.705157,Entire home/apt,115,30,0,,,26,270,0,
